Date start:01/01/2019;Date stop:30/06/2019
Data;Marsica I.L1.CM1.Status.WTG Event;Marsica I.L1.R1.Status.WTG Event;Marsica I.L1.R2.Status.WTG Event;Marsica I.L1.R3.Status.WTG Event;
2019/01/01 00:00:47;null;null;null;null;
2019/01/01 00:01:01;0;0;0;0;
2019/01/01 01:52:59;;;;891;
2019/01/01 02:04:23;891;;;;
2019/01/01 02:23:10;;;;0;
2019/01/01 02:34:19;0;;;;
2019/01/01 04:29:00;;;891;;
2019/01/01 04:59:41;;;0;;
2019/01/01 05:07:48;;;;186;
2019/01/01 05:07:53;;;;338;
2019/01/01 05:21:48;;;;223;
2019/01/01 05:31:05;;;;309;
2019/01/01 05:36:52;;;;224;
2019/01/01 05:37:32;;;;0;
2019/01/01 06:07:37;;;;356;
2019/01/01 06:08:33;;;;0;
2019/01/01 06:14:25;;;154;;
2019/01/01 06:22:23;;;223;;
2019/01/01 06:23:38;;;309;;
2019/01/01 06:27:04;;;224;;
2019/01/01 06:27:14;;;0;;
2019/01/01 10:11:34;144;;;;
2019/01/01 10:35:28;224;;;;
2019/01/01 10:35:33;0;;;;
2019/01/01 16:14:23;;;275;;
2019/01/01 16:42:19;;;224;;
2019/01/01 21:15:19;;;0;;
2019/01/02 00:00:47;null;null;null;null;
2019/01/02 00:01:07;0;0;0;0;
2019/01/02 15:45:29;;;891;;
2019/01/02 16:00:59;;891;;;
2019/01/02 16:02:46;;891;;;
2019/01/02 16:08:02;;0;;;
2019/01/02 16:09:17;;;224;;
2019/01/02 16:09:43;;;0;;
2019/01/02 16:11:14;;;0;;
2019/01/02 21:08:04;;;;186;
2019/01/02 21:26:16;;;;223;
2019/01/02 21:26:29;;;;223;
2019/01/02 21:30:31;;;;309;
2019/01/02 21:38:15;;;;224;
2019/01/02 21:38:20;;;;0;
2019/01/02 21:42:21;;;;186;
2019/01/02 22:01:13;;;;223;
2019/01/02 22:01:55;;;;223;
2019/01/02 22:03:19;;;;309;
2019/01/02 22:03:34;;;;891;
2019/01/02 22:03:44;;;;186;
2019/01/02 22:04:14;;;;891;
2019/01/02 22:04:29;;;;223;
2019/01/02 22:04:54;;;;309;
2019/01/02 22:06:10;;;;224;
2019/01/02 22:06:20;;;;0;
2019/01/02 22:06:54;;;;0;
2019/01/02 22:08:01;;;;186;
2019/01/02 22:09:26;;;;223;
2019/01/02 22:09:47;;;;309;
2019/01/02 22:10:12;;;;186;
2019/01/02 22:11:07;;;;223;
2019/01/02 22:11:52;;;;309;
2019/01/02 22:12:18;;891;;;
2019/01/02 22:12:54;;;;309;
2019/01/02 22:12:54;;891;;;
2019/01/02 22:13:13;;;;224;
2019/01/02 22:13:38;;224;;;
2019/01/02 22:13:53;;0;;;
2019/01/02 22:14:13;;;;0;
2019/01/02 22:14:49;;892;;;
2019/01/02 22:15:34;;891;;;
2019/01/02 22:15:44;;224;;;
2019/01/02 22:16:04;;;;356;
2019/01/02 22:17:04;;0;;;
2019/01/02 22:18:15;;;;891;
2019/01/02 22:18:20;;;;224;
2019/01/02 22:21:11;;891;;;
2019/01/02 22:24:17;;0;;;
2019/01/02 22:24:52;;318;;;
2019/01/02 22:25:22;;;;144;
2019/01/02 22:25:52;;0;;;
2019/01/02 22:32:45;;;;183;
2019/01/02 22:33:36;;891;;;
2019/01/02 22:37:32;;;891;;
2019/01/02 22:47:41;144;;;;
2019/01/02 23:01:01;;0;;;
2019/01/02 23:01:26;;;0;;
2019/01/02 23:01:52;;;892;;
2019/01/02 23:01:57;;;;223;
2019/01/02 23:02:27;;;;144;
2019/01/02 23:02:36;;0;;;
2019/01/02 23:02:37;;;891;;
2019/01/02 23:02:37;;;892;;
2019/01/02 23:02:38;;;;144;
2019/01/02 23:02:47;;;224;;
2019/01/02 23:05:08;;;0;;
2019/01/02 23:17:27;;;;180;
2019/01/02 23:18:53;0;;;;
2019/01/02 23:25:21;;;;223;
2019/01/02 23:25:36;;;;309;
2019/01/02 23:29:47;;;;224;
2019/01/02 23:42:12;;;;186;
2019/01/02 23:52:10;;;891;;
2019/01/02 23:53:11;;;0;;
2019/01/02 23:53:51;;;891;;
2019/01/02 23:55:12;;;0;;
2019/01/03 00:00:37;null;null;null;null;
2019/01/03 00:00:51;0;0;0;186;
2019/01/03 01:51:00;891;;;;
2019/01/03 01:54:02;0;;;;
2019/01/03 03:45:04;;;;223;
2019/01/03 03:45:24;;;;309;
2019/01/03 03:46:44;;;;223;
2019/01/03 03:47:15;;;;309;
2019/01/03 03:49:05;;;;223;
2019/01/03 03:50:10;;;;893;
2019/01/03 04:05:11;;;;180;
2019/01/03 07:47:08;;;;900;
2019/01/03 07:49:29;;;;220;
2019/01/03 07:51:40;;;;null;
2019/01/03 09:49:35;;;892;;
2019/01/03 10:09:47;;;891;;
2019/01/03 10:10:48;;;224;;
2019/01/03 13:46:05;;;309;;
2019/01/03 13:46:20;;;224;;
2019/01/03 13:46:25;;;0;;
2019/01/03 17:17:36;891;;;;
2019/01/03 17:23:48;;;891;;
2019/01/03 17:37:54;;892;;;
2019/01/03 18:02:13;;;0;;
2019/01/03 18:02:43;224;;;;
2019/01/03 18:02:58;0;;;;
2019/01/03 18:03:33;892;;;;
2019/01/03 19:18:35;;224;;;
2019/01/03 19:37:01;144;;;;
2019/01/03 19:39:12;;;891;;
2019/01/03 19:46:35;;891;;;
2019/01/03 21:25:23;;;0;;
2019/01/03 21:33:52;;224;;;
2019/01/03 22:32:39;224;;;;
2019/01/03 22:32:59;893;;;;
2019/01/03 22:39:32;;893;;;
2019/01/03 22:46:54;0;;;;
2019/01/03 22:50:31;;224;;;
2019/01/03 22:50:36;;0;;;
2019/01/04 00:00:37;null;null;null;;
2019/01/04 00:00:52;0;0;0;;
2019/01/04 02:18:51;;275;;;
2019/01/04 02:22:39;275;;;;
2019/01/04 02:46:31;;224;;;
2019/01/04 02:49:57;224;;;;
2019/01/04 02:51:02;0;;;;
2019/01/04 03:03:52;;0;;;
2019/01/04 09:34:42;;;154;;
2019/01/04 09:49:08;;;309;;
2019/01/04 09:49:13;;;223;;
2019/01/04 09:50:53;;;224;;
2019/01/04 09:51:18;;;0;;
2019/01/05 00:00:47;null;null;null;;
2019/01/05 00:01:05;0;0;0;;
2019/01/05 01:52:34;;;154;;
2019/01/05 08:45:07;;;223;;
2019/01/05 08:52:15;;;309;;
2019/01/05 08:52:26;;;223;;
2019/01/05 08:54:16;;;224;;
2019/01/05 08:54:26;;;0;;
2019/01/05 18:49:13;275;;;;
2019/01/05 19:16:39;224;;;;
2019/01/05 19:49:43;0;;;;
2019/01/06 00:00:37;null;null;null;;
2019/01/06 00:00:53;0;0;0;;
2019/01/06 05:50:01;null;null;null;;
2019/01/06 05:54:01;0;0;0;;
2019/01/06 08:27:59;null;null;null;;
2019/01/06 08:58:58;0;0;0;;
2019/01/07 00:00:37;null;null;null;;
2019/01/07 00:00:49;0;0;0;;
2019/01/07 06:38:27;null;null;null;;
2019/01/07 07:21:28;0;0;0;;
2019/01/07 07:29:44;;;154;;
2019/01/07 08:07:03;;;223;;
2019/01/07 08:07:33;;;309;;
2019/01/07 08:09:04;;;224;;
2019/01/07 08:09:34;;;0;;
2019/01/07 11:53:13;null;null;null;;
2019/01/07 12:20:44;0;0;;;
2019/01/07 12:20:44;;;0;;
2019/01/07 12:58:47;null;null;null;;
2019/01/07 13:20:58;0;0;;;
2019/01/07 13:20:59;;;0;;
2019/01/07 15:15:33;;;154;;
2019/01/07 15:17:04;;;223;;
2019/01/07 15:17:19;;;309;;
2019/01/07 18:32:25;;;224;;
2019/01/07 18:32:35;;;0;;
2019/01/07 21:38:42;;;null;;
2019/01/07 21:40:53;;;222;;
2019/01/07 21:41:23;;;223;;
2019/01/07 21:41:38;;;224;;
2019/01/07 21:41:49;;;0;;
2019/01/07 21:42:10;;;0;;
2019/01/08 00:00:37;null;null;null;;
2019/01/08 00:00:54;0;0;0;;
2019/01/08 07:47:45;202;;;;
2019/01/08 07:48:50;224;;;;
2019/01/08 07:49:10;0;;;;
2019/01/08 08:53:33;null;null;null;;
2019/01/08 09:36:08;;0;0;;
2019/01/08 09:36:08;0;;;;
2019/01/09 00:00:47;null;null;null;;
2019/01/09 00:01:06;0;0;0;;
2019/01/10 00:00:47;null;null;null;;
2019/01/10 00:01:02;0;0;0;;
2019/01/10 18:05:25;;;;0;
2019/01/11 00:00:47;null;null;null;null;
2019/01/11 00:01:01;0;0;0;0;
2019/01/12 00:00:37;null;null;null;null;
2019/01/12 00:00:50;0;0;0;0;
2019/01/12 23:53:25;;275;;;
2019/01/13 00:00:37;null;null;null;null;
2019/01/13 00:00:51;0;275;0;0;
2019/01/13 00:21:09;;224;;;
2019/01/13 00:59:16;;0;;;
2019/01/13 03:46:30;;;null;;
2019/01/13 03:48:41;;;222;;
2019/01/13 03:49:11;;;223;;
2019/01/13 03:49:26;;;893;;
2019/01/13 04:08:25;;;224;;
2019/01/13 04:32:35;;;0;;
2019/01/14 00:00:37;null;null;null;null;
2019/01/14 00:00:52;0;0;0;0;
2019/01/14 15:10:48;;;275;;
2019/01/14 15:38:44;;;224;;
2019/01/14 16:03:29;;;;275;
2019/01/14 16:11:16;;;0;;
2019/01/14 16:13:47;275;;;;
2019/01/14 16:30:49;;;;224;
2019/01/14 16:31:19;;;;0;
2019/01/14 16:32:12;;;;0;
2019/01/14 16:41:14;224;;;;
2019/01/14 16:41:59;0;;;;
2019/01/15 00:00:37;null;null;null;null;
2019/01/15 00:00:53;0;0;0;0;
2019/01/15 10:53:52;0;0;0;0;
2019/01/15 12:03:41;0;0;0;0;
2019/01/15 12:50:07;0;0;0;0;
2019/01/15 18:42:56;;;275;;
2019/01/15 19:10:48;;;224;;
2019/01/15 19:56:33;;;0;;
2019/01/15 23:12:39;;275;;;
2019/01/15 23:40:20;;224;;;
2019/01/16 00:00:37;null;null;null;null;
2019/01/16 00:00:51;0;224;0;0;
2019/01/16 00:43:14;;0;;;
2019/01/16 07:01:42;275;;;;
2019/01/16 07:29:07;224;;;;
2019/01/16 08:05:17;0;;;;
2019/01/16 08:35:34;;;;275;
2019/01/16 09:02:46;;;;224;
2019/01/16 10:23:18;;;;0;
2019/01/16 11:36:28;null;null;null;null;
2019/01/16 11:42:56;;;0;;
2019/01/16 11:42:57;;0;;;
2019/01/16 11:42:57;0;;;;
2019/01/16 11:42:57;;;;0;
2019/01/17 00:00:37;null;null;null;null;
2019/01/17 00:00:52;0;0;0;0;
2019/01/17 09:28:57;0;0;0;0;
2019/01/18 00:00:47;null;null;null;null;
2019/01/18 00:01:02;0;0;0;0;
2019/01/19 00:00:37;null;null;null;null;
2019/01/19 00:00:52;0;0;0;0;
2019/01/20 00:00:47;null;null;null;null;
2019/01/20 00:01:02;0;0;0;0;
2019/01/21 00:00:37;null;null;null;null;
2019/01/21 00:00:54;0;0;0;0;
2019/01/21 10:29:13;0;0;0;0;
2019/01/21 11:25:41;0;0;0;0;
2019/01/21 11:29:07;0;0;0;0;
2019/01/21 14:36:27;null;null;null;null;
2019/01/21 15:12:58;0;0;0;0;
2019/01/22 00:00:37;;;null;null;
2019/01/22 00:00:37;null;null;;;
2019/01/22 00:00:52;0;0;0;0;
2019/01/23 00:00:38;null;null;null;null;
2019/01/23 00:00:52;0;0;0;0;
2019/01/24 00:00:37;null;null;null;null;
2019/01/24 00:00:52;0;0;0;0;
2019/01/24 11:54:24;;;null;;
2019/01/24 11:56:30;;;222;;
2019/01/24 11:57:05;;;223;;
2019/01/24 11:57:30;;;224;;
2019/01/24 11:57:41;;;0;;
2019/01/24 18:39:23;;891;;;
2019/01/24 18:43:45;144;;;;
2019/01/24 19:00:11;;0;;;
2019/01/24 19:01:21;;;;144;
2019/01/24 19:08:24;;;;0;
2019/01/24 19:33:19;;891;;;
2019/01/24 19:39:47;;;144;;
2019/01/24 19:48:56;;;;144;
2019/01/24 20:03:52;;0;;;
2019/01/24 20:20:33;;;;0;
2019/01/24 20:20:58;;;;891;
2019/01/24 20:23:09;;;0;;
2019/01/24 20:30:57;;;891;;
2019/01/24 20:46:44;;892;;;
2019/01/24 20:51:21;;;;0;
2019/01/24 21:01:14;;;0;;
2019/01/24 21:04:26;;;891;;
2019/01/24 21:34:28;;;0;;
2019/01/24 21:35:04;;;338;;
2019/01/24 21:36:09;;;224;;
2019/01/24 21:36:19;;;0;;
2019/01/24 21:46:43;;;892;;
2019/01/24 22:37:23;224;;;;
2019/01/24 22:37:28;0;;;;
2019/01/24 22:42:35;;;224;;
2019/01/24 22:43:00;;;309;;
2019/01/24 22:43:10;;;224;;
2019/01/24 22:43:20;;;0;;
2019/01/24 22:44:36;;891;;;
2019/01/24 22:44:46;;309;;;
2019/01/24 22:44:56;;224;;;
2019/01/24 22:45:11;;0;;;
2019/01/24 22:45:46;;318;;;
2019/01/24 22:46:52;;0;;;
2019/01/24 22:54:41;891;;;;
2019/01/24 23:14:13;;;891;;
2019/01/24 23:24:47;0;;;;
2019/01/24 23:39:23;;;0;;
2019/01/25 00:00:47;null;null;null;null;
2019/01/25 00:01:01;0;0;0;0;
2019/01/25 04:08:06;144;;;;
2019/01/25 04:12:32;;;;144;
2019/01/25 04:16:14;;144;;;
2019/01/25 04:26:28;;;144;;
2019/01/25 05:00:26;;0;;;
2019/01/25 05:01:16;;;0;;
2019/01/25 05:04:12;;;;0;
2019/01/25 05:06:38;0;;;;
2019/01/25 13:09:07;null;null;null;null;
2019/01/25 13:13:09;0;0;0;0;
2019/01/26 00:00:37;null;null;null;null;
2019/01/26 00:00:51;0;0;0;0;
2019/01/26 04:02:04;null;null;null;null;
2019/01/26 04:02:33;0;0;0;0;
2019/01/26 12:31:01;;900;;;
2019/01/26 12:31:26;;null;;;
2019/01/26 12:50:29;;0;;;
2019/01/27 00:00:37;null;null;null;null;
2019/01/27 00:00:52;0;0;0;0;
2019/01/27 12:49:37;703;315;;;
2019/01/27 12:49:42;315;;;315;
2019/01/27 12:49:57;;;null;;
2019/01/27 12:50:38;null;null;;null;
2019/01/27 14:14:47;;;222;;
2019/01/27 14:15:02;222;;;;
2019/01/27 14:15:07;;;;222;
2019/01/27 14:15:17;223;;;;
2019/01/27 14:15:22;;;223;223;
2019/01/27 14:15:27;;223;;;
2019/01/27 14:15:42;224;;;;
2019/01/27 14:15:47;;;;224;
2019/01/27 14:15:52;;;224;;
2019/01/27 14:15:58;;224;;;
2019/01/27 14:16:48;;309;;;
2019/01/27 14:16:58;0;;;;
2019/01/27 14:17:03;;;;0;
2019/01/27 14:17:13;;;0;;
2019/01/27 14:17:23;;224;;;
2019/01/27 14:18:28;;0;;;
2019/01/28 00:00:47;null;null;null;null;
2019/01/28 00:01:02;0;0;0;0;
2019/01/28 00:13:51;;;null;;
2019/01/28 00:16:08;;;222;;
2019/01/28 00:16:43;;;223;;
2019/01/28 00:17:08;;;224;;
2019/01/28 00:17:18;;;0;;
2019/01/29 00:00:37;null;null;null;null;
2019/01/29 00:00:51;0;0;0;0;
2019/01/30 00:00:37;null;null;null;null;
2019/01/30 00:00:49;0;0;0;0;
2019/01/30 03:43:33;;;;275;
2019/01/30 04:10:51;;;;224;
2019/01/30 05:41:02;;;;0;
2019/01/30 10:11:29;;;275;;
2019/01/30 10:39:19;;;0;;
2019/01/31 00:00:37;null;;null;null;
2019/01/31 00:00:37;;null;;;
2019/01/31 00:00:54;0;0;0;0;
2019/02/01 00:00:37;null;null;null;null;
2019/02/01 00:00:54;0;0;0;0;
2019/02/01 09:47:01;0;0;0;0;
2019/02/01 14:56:20;;;158;;
2019/02/01 14:57:21;;;224;;
2019/02/01 14:59:16;;;0;;
2019/02/01 15:18:21;;;158;;
2019/02/01 15:19:22;;;224;;
2019/02/01 15:19:32;;;0;;
2019/02/01 16:00:33;;;null;;
2019/02/01 18:07:37;;;0;;
2019/02/01 21:22:24;850;;;;
2019/02/01 21:22:49;160;;;;
2019/02/02 00:00:38;null;null;null;null;
2019/02/02 00:00:52;160;0;0;0;
2019/02/02 10:40:28;null;;;;
2019/02/02 11:15:37;;;154;;
2019/02/02 11:51:12;0;;;;
2019/02/02 11:56:28;;;900;;
2019/02/02 11:56:43;;;null;;
2019/02/02 11:59:14;;;0;;
2019/02/02 15:12:14;102;;;;
2019/02/02 15:12:24;160;;;;
2019/02/02 16:54:52;null;;;;
2019/02/03 00:00:47;;null;null;null;
2019/02/03 00:01:00;;0;0;0;
2019/02/03 11:34:45;;null;null;null;
2019/02/03 12:01:53;;0;0;0;
2019/02/03 13:18:16;;null;null;null;
2019/02/03 13:40:54;;0;;;
2019/02/03 13:40:55;;;0;0;
2019/02/03 15:54:39;224;;;;
2019/02/03 15:55:04;0;;;;
2019/02/03 17:23:24;null;null;null;null;
2019/02/03 17:32:26;;0;0;0;
2019/02/03 17:32:27;0;;;;
2019/02/03 18:24:54;null;null;null;null;
2019/02/03 18:35:25;;0;0;0;
2019/02/03 18:35:27;0;;;;
2019/02/03 18:40:39;null;null;null;null;
2019/02/03 19:08:20;;0;0;0;
2019/02/03 19:08:21;0;;;;
2019/02/04 00:00:47;null;null;null;null;
2019/02/04 00:01:01;0;0;0;0;
2019/02/04 15:00:47;null;null;null;null;
2019/02/04 15:14:25;0;0;0;;
2019/02/04 15:14:26;;;;0;
2019/02/04 15:42:26;null;null;null;null;
2019/02/04 15:43:05;0;0;0;0;
2019/02/04 15:47:45;null;null;null;null;
2019/02/04 15:51:14;0;0;0;0;
2019/02/04 16:34:27;null;null;null;null;
2019/02/04 16:51:25;0;0;;;
2019/02/04 16:51:26;;;0;0;
2019/02/04 18:00:45;144;;;;
2019/02/04 22:19:10;0;;;;
2019/02/05 00:00:38;;;null;;
2019/02/05 00:00:38;null;null;;null;
2019/02/05 00:00:55;0;0;0;0;
2019/02/06 00:00:48;null;null;null;null;
2019/02/06 00:01:04;0;0;0;0;
2019/02/06 05:20:41;;891;;;
2019/02/06 05:51:00;;0;;;
2019/02/06 07:43:30;144;;;;
2019/02/06 09:34:40;;144;;;
2019/02/06 09:39:31;;;;144;
2019/02/06 09:43:48;;;144;;
2019/02/06 10:43:03;;0;;;
2019/02/06 10:57:23;;;0;;
2019/02/06 11:06:20;;;;0;
2019/02/06 11:27:06;0;;;;
2019/02/06 11:30:27;;;154;;
2019/02/06 11:42:15;;;223;;
2019/02/06 11:43:26;;;309;;
2019/02/06 11:43:46;;;223;;
2019/02/06 11:44:36;;;309;;
2019/02/06 11:48:07;;;224;;
2019/02/06 11:48:12;;;0;;
2019/02/06 11:48:52;144;;;;
2019/02/06 12:05:22;0;;;;
2019/02/07 00:00:38;null;null;null;null;
2019/02/07 00:00:51;0;0;0;0;
2019/02/07 18:43:25;null;null;null;null;
2019/02/07 18:46:25;0;0;0;0;
2019/02/08 00:00:38;null;null;null;null;
2019/02/08 00:00:52;0;0;0;0;
2019/02/09 00:00:38;null;null;null;null;
2019/02/09 00:00:51;0;0;0;0;
2019/02/10 00:00:38;null;null;null;null;
2019/02/10 00:00:52;0;0;0;0;
2019/02/11 00:00:47;null;null;null;null;
2019/02/11 00:01:01;0;0;0;0;
2019/02/11 16:49:46;;;275;;
2019/02/11 17:19:53;;;224;;
2019/02/11 17:26:45;;;0;;
2019/02/11 18:21:14;;275;;;
2019/02/11 18:48:51;;224;;;
2019/02/11 19:02:29;;0;;;
2019/02/11 22:42:15;;;;74;
2019/02/11 22:43:16;;;;224;
2019/02/11 22:43:26;;;;75;
2019/02/11 22:44:26;;;;224;
2019/02/11 22:45:26;;;;0;
2019/02/12 00:00:47;null;null;null;null;
2019/02/12 00:01:01;0;0;0;0;
2019/02/12 01:52:14;;;154;;
2019/02/12 02:19:02;;;223;;
2019/02/12 02:20:32;;;224;;
2019/02/12 02:20:42;;;0;;
2019/02/12 02:21:17;;;891;;
2019/02/12 02:51:40;;;224;;
2019/02/12 02:52:05;;;0;;
2019/02/12 15:02:14;;;154;;
2019/02/12 15:13:33;;;223;;
2019/02/12 15:17:28;;;309;;
2019/02/12 15:17:54;;;224;;
2019/02/12 15:18:14;;;0;;
2019/02/13 00:00:37;null;null;null;null;
2019/02/13 00:00:51;0;0;0;0;
2019/02/13 11:30:17;;891;;;
2019/02/13 11:41:49;;0;;;
2019/02/13 16:48:14;0;;0;;
2019/02/13 16:48:14;;;;0;
2019/02/13 16:48:19;;0;;;
2019/02/13 17:11:00;0;;0;0;
2019/02/13 17:11:07;;0;;;
2019/02/13 21:39:54;;891;;;
2019/02/13 21:55:55;;;;891;
2019/02/13 22:14:13;;224;;;
2019/02/13 22:14:38;;0;;;
2019/02/13 22:23:13;;;;224;
2019/02/13 22:23:18;;;;0;
2019/02/13 23:33:39;;;154;;
2019/02/14 00:00:36;null;null;null;null;
2019/02/14 00:00:50;0;0;154;0;
2019/02/14 00:26:26;;;223;;
2019/02/14 00:27:51;;;309;;
2019/02/14 00:28:52;;;224;;
2019/02/14 00:28:57;;;0;;
2019/02/14 03:37:34;;;154;;
2019/02/14 04:29:36;;;223;;
2019/02/14 04:29:46;;;309;;
2019/02/14 04:30:01;;;223;;
2019/02/14 04:34:02;;;224;;
2019/02/14 04:34:12;;;0;;
2019/02/14 09:47:01;;;null;;
2019/02/14 10:24:59;;;0;;
2019/02/15 00:00:37;null;null;null;null;
2019/02/15 00:01:11;0;0;0;0;
2019/02/15 14:38:41;null;null;null;null;
2019/02/15 15:30:20;0;0;0;0;
2019/02/15 19:31:59;144;;;;
2019/02/15 19:32:19;;144;;;
2019/02/15 19:35:15;;;;144;
2019/02/15 19:41:23;;;144;;
2019/02/15 20:27:42;;;224;;
2019/02/15 20:27:47;;;0;;
2019/02/15 20:27:52;;0;;;
2019/02/15 20:32:13;;;;0;
2019/02/15 20:33:09;0;;;;
2019/02/16 00:00:47;null;null;null;null;
2019/02/16 00:01:00;0;0;0;0;
2019/02/17 00:00:37;null;null;null;null;
2019/02/17 00:00:51;0;0;0;0;
2019/02/17 08:10:30;null;null;null;null;
2019/02/17 08:30:30;0;0;0;;
2019/02/17 08:30:31;;;;0;
2019/02/18 00:00:37;null;null;null;null;
2019/02/18 00:00:56;0;0;0;0;
2019/02/18 17:01:09;315;315;;315;
2019/02/18 17:01:30;;;null;;
2019/02/18 17:03:39;null;null;;null;
2019/02/18 17:06:45;null;;;;
2019/02/18 17:06:45;;null;;;
2019/02/18 17:06:46;;;;null;
2019/02/18 17:23:28;222;;;222;
2019/02/18 17:23:33;;222;;;
2019/02/18 17:24:19;223;;;223;
2019/02/18 17:24:29;;223;;;
2019/02/18 17:24:39;224;;;224;
2019/02/18 17:24:44;;224;;;
2019/02/18 17:24:49;0;;;;
2019/02/18 17:24:54;;0;0;;
2019/02/18 17:25:59;;;;0;
2019/02/19 00:00:37;null;null;null;null;
2019/02/19 00:00:57;0;0;0;0;
2019/02/19 09:34:07;null;null;null;null;
2019/02/19 09:37:08;0;0;0;0;
2019/02/20 00:00:38;null;null;null;null;
2019/02/20 00:00:52;0;0;0;0;
2019/02/21 00:00:37;null;null;null;null;
2019/02/21 00:00:50;0;0;0;0;
2019/02/21 10:35:18;null;null;null;null;
2019/02/21 10:36:49;0;0;0;0;
2019/02/21 17:54:37;;;275;;
2019/02/21 18:22:39;;;224;;
2019/02/21 18:50:00;;;0;;
2019/02/21 19:52:06;;275;;;
2019/02/21 20:19:52;;224;;;
2019/02/21 21:12:05;;0;;;
2019/02/22 00:00:37;null;null;null;null;
2019/02/22 00:00:53;0;0;0;0;
2019/02/23 00:00:37;null;null;null;null;
2019/02/23 00:00:52;0;0;0;0;
2019/02/23 04:24:38;;;891;;
2019/02/23 04:29:20;;891;;;
2019/02/23 04:43:41;144;;;;
2019/02/23 04:43:51;;;;891;
2019/02/23 04:54:35;;;0;;
2019/02/23 04:55:05;;;891;;
2019/02/23 05:15:04;0;;;;
2019/02/23 05:17:04;144;;;;
2019/02/23 05:22:16;;;;0;
2019/02/23 05:22:41;;;;891;
2019/02/23 05:48:26;;;0;;
2019/02/23 05:53:03;;;;0;
2019/02/23 05:58:25;;144;;;
2019/02/23 06:00:51;;;144;;
2019/02/23 06:01:06;;;;144;
2019/02/23 06:29:44;0;;;;
2019/02/23 06:30:29;;;;0;
2019/02/23 06:34:05;;;;144;
2019/02/23 06:34:35;144;;;;
2019/02/23 06:36:31;;;;892;
2019/02/23 07:25:12;0;;;;
2019/02/23 07:27:38;144;;;;
2019/02/23 07:35:11;;0;;;
2019/02/23 07:36:11;;;224;;
2019/02/23 07:36:36;;;0;;
2019/02/23 07:59:31;;144;;;
2019/02/23 08:07:19;0;;;;
2019/02/23 08:15:28;;0;;;
2019/02/23 08:27:13;;892;;;
2019/02/23 08:45:26;144;;;;
2019/02/23 08:49:07;0;;;;
2019/02/23 08:54:45;892;;;;
2019/02/23 09:08:41;;;892;;
2019/02/23 09:09:21;;;338;;
2019/02/23 09:24:07;144;;;;
2019/02/23 11:00:42;;891;;;
2019/02/23 11:00:57;;224;;;
2019/02/23 11:01:47;;;223;;
2019/02/23 11:02:17;;893;;;
2019/02/23 11:03:12;;;309;;
2019/02/23 11:06:49;;;223;;
2019/02/23 11:08:20;;;224;;
2019/02/23 11:08:30;;;0;;
2019/02/23 11:14:17;;0;;;
2019/02/23 11:21:45;;891;;;
2019/02/23 11:24:31;;;144;;
2019/02/23 11:56:59;;;0;;
2019/02/23 11:59:04;;;891;;
2019/02/23 12:40:37;;;144;;
2019/02/23 12:48:35;;;0;;
2019/02/23 12:49:20;;;318;;
2019/02/23 12:50:16;;;0;;
2019/02/23 12:54:43;;144;;;
2019/02/23 13:16:41;;0;;;
2019/02/23 13:17:32;;;144;;
2019/02/23 13:20:58;;892;;;
2019/02/23 13:24:55;;;224;;
2019/02/23 13:25:00;;;0;;
2019/02/23 13:46:07;;;892;;
2019/02/23 14:15:19;;;144;;
2019/02/23 14:31:10;;;null;;
2019/02/23 14:33:21;;;222;;
2019/02/23 14:34:16;;144;;;
2019/02/23 14:38:13;;;null;;
2019/02/23 14:40:24;;;222;;
2019/02/23 14:57:26;;;null;;
2019/02/23 14:59:37;;;222;;
2019/02/23 15:08:46;;;null;;
2019/02/23 15:10:57;;;222;;
2019/02/23 17:12:13;null;null;null;null;
2019/02/23 17:24:49;null;;;;
2019/02/23 17:24:49;;null;;;
2019/02/23 17:24:50;;;null;null;
2019/02/23 17:24:55;144;144;222;892;
2019/02/23 20:28:46;;null;;;
2019/02/23 20:33:23;;222;;;
2019/02/24 00:00:37;null;null;null;null;
2019/02/24 00:00:52;144;222;222;892;
2019/02/24 10:49:26;144;222;222;;
2019/02/24 10:49:30;;;;892;
2019/02/24 11:15:35;;;;224;
2019/02/24 11:16:30;;;;893;
2019/02/24 11:22:13;;;898;;
2019/02/24 11:29:36;;;165;;
2019/02/24 11:39:25;;;;0;
2019/02/24 15:42:52;144;;165;0;
2019/02/24 15:42:52;;222;;;
2019/02/24 15:42:52;null;null;;;
2019/02/24 15:42:52;;;null;;
2019/02/24 15:42:53;;;;null;
2019/02/24 18:56:00;224;;;;
2019/02/24 18:56:30;893;;;;
2019/02/24 19:00:07;;898;;;
2019/02/24 19:01:02;224;;;;
2019/02/24 19:01:17;0;;;;
2019/02/24 19:24:12;;893;;;
2019/02/24 19:33:51;;224;;;
2019/02/24 19:34:06;;0;;;
2019/02/25 00:00:47;null;null;null;null;
2019/02/25 00:01:00;0;0;165;0;
2019/02/25 07:19:00;;;null;;
2019/02/25 09:14:26;;;0;;
2019/02/25 14:40:04;;891;;;
2019/02/25 15:10:08;;0;;;
2019/02/25 15:11:44;;;;891;
2019/02/25 15:42:09;;;;224;
2019/02/25 15:42:29;;;;0;
2019/02/25 16:24:38;891;;;;
2019/02/25 16:24:43;;891;;;
2019/02/25 16:41:14;;;;891;
2019/02/25 16:54:49;;224;;;
2019/02/25 16:54:59;;0;;;
2019/02/25 16:55:34;0;;;;
2019/02/25 16:58:15;891;;;;
2019/02/25 17:11:25;;;;0;
2019/02/25 17:28:21;0;;;;
2019/02/25 18:59:29;null;null;null;null;
2019/02/25 18:59:49;144;;;;
2019/02/25 19:33:32;;;0;;
2019/02/25 19:33:32;;0;;;
2019/02/25 19:33:32;;;;0;
2019/02/25 19:33:33;144;;;;
2019/02/25 19:36:19;;;;144;
2019/02/25 19:38:14;;;891;;
2019/02/25 19:39:50;;144;;;
2019/02/25 20:05:05;;224;;;
2019/02/25 20:05:10;;0;;;
2019/02/25 20:07:11;;;;0;
2019/02/25 20:07:31;;892;;;
2019/02/25 20:32:47;224;;;;
2019/02/25 20:33:27;0;;;;
2019/02/25 21:04:50;;;0;;
2019/02/25 22:53:07;144;;;;
2019/02/25 23:17:06;0;;;;
2019/02/25 23:44:07;;891;;;
2019/02/25 23:44:17;;224;;;
2019/02/25 23:44:27;;0;;;
2019/02/26 00:00:38;null;null;null;null;
2019/02/26 00:00:54;0;0;0;0;
2019/02/26 10:57:13;null;null;null;null;
2019/02/26 10:58:12;0;0;0;0;
2019/02/26 11:05:03;null;null;null;null;
2019/02/26 11:23:38;0;0;0;0;
2019/02/26 11:31:49;null;null;null;null;
2019/02/26 11:42:13;0;0;;;
2019/02/26 11:42:13;;;0;0;
2019/02/26 11:49:10;null;null;null;null;
2019/02/26 12:03:09;0;0;0;0;
2019/02/26 12:25:30;null;null;null;null;
2019/02/26 12:31:28;0;0;0;0;
2019/02/26 12:35:19;null;null;null;null;
2019/02/26 12:36:28;0;0;0;;
2019/02/26 12:36:28;;;;0;
2019/02/26 12:46:12;null;null;null;null;
2019/02/26 12:47:18;0;0;0;0;
2019/02/27 00:00:38;null;null;null;null;
2019/02/27 00:00:54;;;0;0;
2019/02/27 00:00:59;0;0;;;
2019/02/27 13:47:56;;;384;;
2019/02/27 13:57:50;;;0;;
2019/02/27 14:18:08;;;null;;
2019/02/27 16:46:20;;;0;;
2019/02/27 16:49:41;;;384;;
2019/02/27 17:00:10;;;224;;
2019/02/27 17:00:56;;;0;;
2019/02/27 17:11:40;;;384;;
2019/02/27 17:22:09;;;224;;
2019/02/27 17:22:14;;;0;;
2019/02/28 00:00:37;null;null;null;null;
2019/02/28 00:00:49;0;0;0;0;
2019/02/28 09:18:30;0;0;0;0;
2019/02/28 13:40:45;null;null;null;null;
2019/02/28 13:43:28;0;0;0;0;
2019/03/01 00:00:37;null;null;null;null;
2019/03/01 00:00:51;0;0;0;0;
2019/03/01 15:10:44;;;384;;
2019/03/01 15:21:08;;;0;;
2019/03/01 17:03:52;;;384;;
2019/03/01 17:14:17;;;224;;
2019/03/01 17:14:47;;;0;;
2019/03/02 00:00:47;null;null;null;null;
2019/03/02 00:01:00;0;0;0;0;
2019/03/02 14:34:02;;;384;;
2019/03/02 14:44:21;;;0;;
2019/03/03 00:00:38;null;null;null;null;
2019/03/03 00:00:52;0;0;0;0;
2019/03/04 00:00:47;null;null;null;null;
2019/03/04 00:01:06;0;0;0;0;
2019/03/04 14:28:48;;;384;;
2019/03/04 14:39:02;;;0;;
2019/03/04 17:21:12;;;384;;
2019/03/04 17:31:41;;;0;;
2019/03/04 19:44:50;null;null;null;null;
2019/03/04 20:13:19;0;0;;0;
2019/03/04 20:13:20;;;0;;
2019/03/04 21:50:24;null;null;null;null;
2019/03/04 22:05:35;0;0;;0;
2019/03/04 22:05:38;;;0;;
2019/03/05 00:00:47;null;null;null;null;
2019/03/05 00:01:00;0;0;0;0;
2019/03/05 17:04:00;0;0;0;0;
2019/03/05 17:15:45;0;0;0;0;
2019/03/06 00:00:37;null;null;null;null;
2019/03/06 00:00:50;0;0;0;0;
2019/03/06 06:59:36;;;null;;
2019/03/06 06:59:41;null;;;;
2019/03/06 07:00:01;;null;;null;
2019/03/06 07:00:37;0;0;;0;
2019/03/06 07:02:07;;;0;;
2019/03/06 10:01:50;;null;;;
2019/03/06 10:05:41;null;;;;
2019/03/06 10:05:51;0;;;;
2019/03/06 10:08:37;null;;null;null;
2019/03/06 10:08:51;0;;0;0;
2019/03/06 10:18:34;;224;;;
2019/03/06 10:22:06;;0;;;
2019/03/07 00:00:37;null;null;null;null;
2019/03/07 00:00:55;0;0;0;0;
2019/03/07 13:26:30;null;null;null;null;
2019/03/07 14:26:41;0;0;;;
2019/03/07 14:26:41;;;0;0;
2019/03/07 16:02:39;null;null;null;null;
2019/03/07 16:03:35;0;0;0;0;
2019/03/08 00:00:37;null;null;null;null;
2019/03/08 00:00:53;0;0;0;0;
2019/03/08 07:13:51;null;;;;
2019/03/08 09:09:17;224;;;;
2019/03/08 09:46:17;0;;;;
2019/03/09 00:00:47;null;null;null;null;
2019/03/09 00:01:00;0;0;0;0;
2019/03/09 06:21:24;null;null;null;null;
2019/03/09 06:21:49;;0;;;
2019/03/09 06:23:49;0;;0;0;
2019/03/10 00:00:37;null;null;null;null;
2019/03/10 00:00:50;0;0;0;0;
2019/03/10 13:52:57;;;384;;
2019/03/10 14:03:06;;;0;;
2019/03/10 15:23:47;;;384;;
2019/03/10 15:33:40;;;224;;
2019/03/10 15:33:45;;;0;;
2019/03/11 00:00:47;null;null;null;null;
2019/03/11 00:01:02;0;0;0;0;
2019/03/11 11:30:12;;;384;;
2019/03/11 11:40:11;;;0;;
2019/03/11 12:56:56;;;384;;
2019/03/11 13:07:14;;;0;;
2019/03/11 20:56:14;;;384;;
2019/03/11 21:06:33;;;0;;
2019/03/11 21:20:23;;;384;;
2019/03/11 21:30:27;;;224;;
2019/03/11 21:30:47;;;0;;
2019/03/11 21:38:14;;;384;;
2019/03/11 21:48:34;;;0;;
2019/03/11 21:55:46;;;100;;
2019/03/11 23:58:07;144;;;;
2019/03/12 00:00:37;null;null;null;null;
2019/03/12 00:00:49;144;0;100;0;
2019/03/12 00:01:49;0;;;;
2019/03/12 00:07:47;;156;;;
2019/03/12 00:23:38;144;;;;
2019/03/12 00:29:30;;;null;;
2019/03/12 00:30:15;;;;315;
2019/03/12 00:30:20;315;315;;;
2019/03/12 00:31:15;;;;null;
2019/03/12 00:31:25;null;;;;
2019/03/12 01:15:55;;null;;;
2019/03/12 10:46:53;;87;;;
2019/03/12 10:47:13;0;;0;0;
2019/03/12 12:45:38;;;384;;
2019/03/12 12:55:46;;;0;;
2019/03/12 13:01:49;;87;;;
2019/03/12 13:01:49;0;;;0;
2019/03/12 13:01:51;;;0;;
2019/03/12 13:17:38;;;384;;
2019/03/12 13:28:01;;;0;;
2019/03/12 13:38:29;;223;;;
2019/03/12 13:39:39;;309;;;
2019/03/12 13:40:39;;224;;;
2019/03/12 13:40:44;;0;;;
2019/03/12 13:45:26;;;384;;
2019/03/12 13:55:44;;;0;;
2019/03/12 14:59:10;null;null;null;null;
2019/03/12 14:59:57;null;;;;
2019/03/12 14:59:57;;null;;;
2019/03/12 14:59:57;;;null;;
2019/03/12 14:59:57;;;;null;
2019/03/12 15:00:04;0;0;0;0;
2019/03/12 21:27:49;;;384;;
2019/03/12 21:38:07;;;0;;
2019/03/12 22:01:49;;;384;;
2019/03/12 22:12:12;;;224;;
2019/03/12 22:12:17;;;0;;
2019/03/12 22:47:32;;;384;;
2019/03/12 22:57:45;;;224;;
2019/03/12 22:58:10;;;0;;
2019/03/12 23:39:18;;;384;;
2019/03/12 23:44:39;;;224;;
2019/03/12 23:45:14;;;0;;
2019/03/13 00:00:48;null;null;null;null;
2019/03/13 00:01:01;0;0;0;0;
2019/03/13 10:44:09;;;275;;
2019/03/13 11:12:02;;;0;;
2019/03/13 12:59:12;;;null;;
2019/03/13 14:52:12;;;0;;
2019/03/14 00:00:37;;;null;;
2019/03/14 00:00:37;null;null;;null;
2019/03/14 00:00:54;0;0;0;0;
2019/03/14 02:00:40;;;;275;
2019/03/14 02:28:08;;;;224;
2019/03/14 02:29:14;;;;0;
2019/03/14 02:31:59;275;;;;
2019/03/14 02:59:17;224;;;;
2019/03/14 03:00:43;0;;;;
2019/03/14 14:00:53;315;315;;315;
2019/03/14 14:01:18;;;null;;
2019/03/14 14:01:43;null;;;null;
2019/03/14 14:01:53;;null;;;
2019/03/14 14:20:22;;;222;;
2019/03/14 14:20:42;;;;222;
2019/03/14 14:20:47;222;;;;
2019/03/14 14:20:52;;222;;;
2019/03/14 14:21:27;223;;;;
2019/03/14 14:21:32;;223;223;223;
2019/03/14 14:21:52;224;;;;
2019/03/14 14:21:57;;224;224;224;
2019/03/14 14:22:58;;;;0;
2019/03/14 14:23:03;0;0;0;;
2019/03/15 00:00:47;null;null;null;null;
2019/03/15 00:01:02;0;0;0;0;
2019/03/16 00:00:37;null;null;null;null;
2019/03/16 00:00:49;0;0;0;0;
2019/03/17 00:00:38;null;null;null;null;
2019/03/17 00:00:52;0;0;0;0;
2019/03/18 00:00:47;null;null;null;null;
2019/03/18 00:01:01;0;0;0;0;
2019/03/18 08:01:45;;;202;;
2019/03/18 08:02:45;;;224;;
2019/03/18 08:08:12;;;0;;
2019/03/19 00:00:47;null;null;null;null;
2019/03/19 00:01:01;0;0;0;0;
2019/03/19 07:24:16;;null;;;
2019/03/19 07:30:02;;;;null;
2019/03/19 09:37:03;;;null;;
2019/03/19 09:37:13;;;0;;
2019/03/19 10:31:18;;;null;;
2019/03/19 10:31:38;;;0;;
2019/03/19 14:53:24;;0;;;
2019/03/19 15:08:33;;;;0;
2019/03/20 00:00:47;null;null;null;null;
2019/03/20 00:01:03;0;0;0;0;
2019/03/21 00:00:47;null;null;null;null;
2019/03/21 00:01:07;0;0;0;0;
2019/03/22 00:00:37;null;null;null;null;
2019/03/22 00:00:55;0;0;0;0;
2019/03/22 09:31:12;;;;null;
2019/03/22 09:33:37;;;null;;
2019/03/22 09:33:57;;;0;;
2019/03/22 10:58:18;;;;0;
2019/03/22 11:13:28;;null;;;
2019/03/22 12:35:54;;0;;;
2019/03/22 13:53:01;;;null;;
2019/03/22 14:49:32;;;0;;
2019/03/23 00:00:46;null;null;null;null;
2019/03/23 00:00:59;0;0;0;0;
2019/03/24 00:00:37;null;null;null;null;
2019/03/24 00:00:53;0;0;0;0;
2019/03/24 02:38:10;;;;165;
2019/03/24 10:42:38;;;;null;
2019/03/24 16:42:21;;;;0;
2019/03/25 00:00:37;null;null;null;null;
2019/03/25 00:00:54;0;0;0;0;
2019/03/25 07:33:12;;;;null;
2019/03/25 09:31:03;null;;;;
2019/03/25 11:45:14;0;;;;
2019/03/25 12:58:57;;;null;;
2019/03/25 12:59:22;;;0;;
2019/03/25 14:15:18;;;;0;
2019/03/26 00:00:37;null;null;null;null;
2019/03/26 00:00:49;0;0;0;0;
2019/03/27 00:00:37;null;null;null;null;
2019/03/27 00:01:09;0;0;0;0;
2019/03/28 00:00:47;null;null;null;null;
2019/03/28 00:01:06;0;0;0;0;
2019/03/29 00:00:36;;;null;null;
2019/03/29 00:00:36;null;null;;;
2019/03/29 00:00:52;0;0;0;0;
2019/03/30 00:00:37;null;null;null;null;
2019/03/30 00:00:50;0;0;0;0;
2019/03/31 00:00:38;null;null;null;null;
2019/03/31 00:00:52;0;0;0;0;
2019/03/31 03:00:37;null;null;null;null;
2019/03/31 03:00:51;0;0;0;0;
2019/03/31 03:00:53;null;null;null;null;
2019/04/01 00:00:37;null;;null;null;
2019/04/01 00:00:37;;null;;;
2019/04/01 00:00:51;0;0;0;0;
2019/04/01 07:19:20;;null;;;
2019/04/01 14:53:11;;0;;;
2019/04/02 00:00:37;null;null;null;null;
2019/04/02 00:01:11;0;0;0;0;
2019/04/02 07:11:09;;;null;;
2019/04/02 08:57:36;null;null;;null;
2019/04/02 09:01:37;0;0;;;
2019/04/02 09:01:37;;;;0;
2019/04/02 14:36:16;null;null;;null;
2019/04/02 14:46:46;0;0;;0;
2019/04/02 14:59:01;;;0;;
2019/04/02 16:06:01;null;null;null;null;
2019/04/02 16:16:03;0;0;;0;
2019/04/02 16:16:04;;;0;;
2019/04/03 00:00:37;null;null;null;null;
2019/04/03 00:00:52;0;0;0;0;
2019/04/04 00:00:37;null;null;null;null;
2019/04/04 00:00:55;0;;0;0;
2019/04/04 00:00:55;;0;;;
2019/04/04 07:29:43;;;null;;
2019/04/04 13:20:06;;;0;;
2019/04/04 19:38:41;275;;;;
2019/04/04 20:04:23;224;;;;
2019/04/04 20:10:30;0;;;;
2019/04/05 00:00:47;null;null;null;null;
2019/04/05 00:01:01;0;0;0;0;
2019/04/06 00:00:37;null;null;null;null;
2019/04/06 00:00:48;0;0;0;0;
2019/04/07 00:00:47;null;null;null;null;
2019/04/07 00:01:03;0;0;0;0;
2019/04/08 00:00:37;null;null;null;null;
2019/04/08 00:00:55;0;0;0;0;
2019/04/09 00:00:37;null;null;null;null;
2019/04/09 00:00:55;0;0;0;0;
2019/04/09 07:14:19;null;;;;
2019/04/09 14:45:40;0;;;;
2019/04/09 18:50:05;275;;;;
2019/04/09 18:53:06;;;;275;
2019/04/09 19:17:33;224;;;;
2019/04/09 19:20:34;;;;224;
2019/04/09 19:21:30;0;;;;
2019/04/09 19:24:31;;;;0;
2019/04/10 00:00:47;null;null;null;null;
2019/04/10 00:00:59;;;;0;
2019/04/10 00:01:04;0;0;0;;
2019/04/10 07:33:14;null;;;;
2019/04/10 14:41:07;0;;;;
2019/04/10 23:58:47;null;null;null;null;
2019/04/11 00:00:37;null;;null;null;
2019/04/11 00:00:37;;null;;;
2019/04/11 00:00:52;0;0;0;0;
2019/04/11 00:10:20;0;0;0;0;
2019/04/11 09:50:23;0;0;0;0;
2019/04/11 14:26:28;0;0;0;0;
2019/04/11 14:52:01;0;0;0;0;
2019/04/11 15:04:52;0;0;0;0;
2019/04/12 00:00:37;null;;null;null;
2019/04/12 00:00:37;;null;;;
2019/04/12 00:00:55;0;0;0;0;
2019/04/13 00:00:37;null;null;null;null;
2019/04/13 00:01:01;0;0;0;0;
2019/04/14 00:00:37;null;null;null;null;
2019/04/14 00:00:51;0;0;0;0;
2019/04/14 10:09:06;;;275;;
2019/04/14 10:37:03;;;0;;
2019/04/15 00:00:37;null;null;null;null;
2019/04/15 00:00:55;0;0;0;0;
2019/04/16 00:00:37;null;null;null;null;
2019/04/16 00:00:49;0;0;0;0;
2019/04/16 10:46:07;null;null;null;null;
2019/04/16 10:51:03;0;0;0;0;
2019/04/17 00:00:47;null;null;null;null;
2019/04/17 00:01:01;0;0;0;0;
2019/04/17 07:25:30;;;null;;
2019/04/17 12:07:45;;;0;;
2019/04/17 15:01:17;0;0;0;0;
2019/04/17 15:07:40;0;0;0;0;
2019/04/17 15:14:02;0;0;0;0;
2019/04/17 15:18:44;0;0;0;0;
2019/04/18 00:00:37;null;null;null;null;
2019/04/18 00:00:52;0;0;0;0;
2019/04/19 00:00:37;null;null;null;null;
2019/04/19 00:00:52;0;0;0;0;
2019/04/19 15:51:13;null;null;null;null;
2019/04/19 15:59:25;0;0;0;0;
2019/04/19 16:40:10;null;null;null;null;
2019/04/19 16:43:18;0;0;;;
2019/04/19 16:43:18;;;0;0;
2019/04/20 00:00:37;null;null;null;null;
2019/04/20 00:00:55;0;0;0;0;
2019/04/20 12:01:59;null;null;null;null;
2019/04/20 12:02:35;0;;;;
2019/04/20 12:02:35;;0;0;0;
2019/04/21 00:00:37;null;null;null;null;
2019/04/21 00:00:49;0;0;0;0;
2019/04/21 09:30:11;null;null;null;null;
2019/04/21 09:50:47;0;0;0;;
2019/04/21 09:50:47;;;;0;
2019/04/21 10:51:48;null;null;null;null;
2019/04/21 11:02:51;0;0;0;;
2019/04/21 11:02:51;;;;0;
2019/04/22 00:00:37;null;null;null;null;
2019/04/22 00:00:51;0;0;0;0;
2019/04/22 19:58:28;null;null;null;null;
2019/04/22 20:11:26;0;;;;
2019/04/22 20:11:26;;0;0;0;
2019/04/23 00:00:37;null;null;null;null;
2019/04/23 00:01:17;0;0;0;0;
2019/04/24 00:00:37;null;null;null;null;
2019/04/24 00:00:55;0;0;0;0;
2019/04/25 00:00:37;null;null;null;null;
2019/04/25 00:00:51;0;0;0;0;
2019/04/26 00:00:37;null;null;null;null;
2019/04/26 00:00:54;0;0;0;0;
2019/04/26 20:36:26;null;null;null;null;
2019/04/26 21:02:10;0;0;0;0;
2019/04/27 00:00:37;null;null;null;null;
2019/04/27 00:00:53;0;0;0;0;
2019/04/27 02:21:37;null;null;null;null;
2019/04/27 02:50:14;0;0;0;;
2019/04/27 02:50:14;;;;0;
2019/04/27 08:06:43;null;null;null;null;
2019/04/27 08:20:20;0;0;0;0;
2019/04/27 11:57:08;null;null;null;null;
2019/04/27 12:19:26;0;0;0;;
2019/04/27 12:19:26;;;;0;
2019/04/27 12:35:57;null;null;null;null;
2019/04/27 12:41:38;0;0;0;0;
2019/04/28 00:00:37;null;null;null;null;
2019/04/28 00:00:49;0;0;0;0;
2019/04/29 00:00:37;null;null;null;null;
2019/04/29 00:00:52;0;0;0;0;
2019/04/30 00:00:37;null;null;null;null;
2019/04/30 00:00:56;0;0;0;0;
2019/04/30 08:32:18;null;null;null;null;
2019/04/30 08:40:16;0;0;;;
2019/04/30 08:40:17;;;0;0;
2019/04/30 20:52:01;null;null;null;null;
2019/04/30 20:55:00;0;0;0;0;
2019/05/01 00:00:37;null;null;null;null;
2019/05/01 00:00:49;0;0;0;0;
2019/05/01 01:48:37;;;;275;
2019/05/01 02:15:55;;;;224;
2019/05/01 02:21:17;;;;0;
2019/05/01 17:41:19;;275;;;
2019/05/01 18:10:26;;224;;;
2019/05/01 18:47:11;;0;;;
2019/05/02 00:00:37;null;null;null;null;
2019/05/02 00:00:54;0;0;0;0;
2019/05/02 12:52:09;315;315;;202;
2019/05/02 12:52:14;;;315;315;
2019/05/02 12:53:09;null;;;null;
2019/05/02 12:53:09;;null;;;
2019/05/02 12:53:14;;;null;;
2019/05/02 12:57:40;223;223;223;223;
2019/05/02 12:57:55;;224;224;;
2019/05/02 12:58:00;224;;;224;
2019/05/02 12:58:05;;;0;;
2019/05/02 12:58:10;;;;0;
2019/05/02 12:58:45;0;;;;
2019/05/02 12:59:31;;0;;;
2019/05/03 00:00:37;null;null;null;null;
2019/05/03 00:00:49;0;0;0;0;
2019/05/04 00:00:37;null;null;null;null;
2019/05/04 00:01:11;0;0;0;0;
2019/05/05 00:00:47;null;null;null;null;
2019/05/05 00:01:02;0;0;0;0;
2019/05/05 13:39:28;null;null;null;null;
2019/05/05 13:42:59;0;0;0;0;
2019/05/06 00:00:37;null;null;null;null;
2019/05/06 00:01:11;0;0;0;0;
2019/05/06 10:30:27;;;null;null;
2019/05/06 10:30:42;;;0;;
2019/05/06 10:30:52;;;;0;
2019/05/07 00:00:37;null;null;null;null;
2019/05/07 00:00:50;0;0;0;0;
2019/05/07 04:02:03;null;null;null;null;
2019/05/07 05:02:14;0;0;0;0;
2019/05/07 23:00:42;null;null;null;null;
2019/05/07 23:01:15;0;0;;;
2019/05/07 23:01:15;;;0;0;
2019/05/08 00:00:37;null;null;null;null;
2019/05/08 00:00:50;0;0;0;0;
2019/05/08 15:22:33;null;null;null;null;
2019/05/08 16:50:35;0;0;0;0;
2019/05/09 00:00:37;null;;null;null;
2019/05/09 00:00:37;;null;;;
2019/05/09 00:00:52;0;0;0;0;
2019/05/09 08:32:04;null;null;null;null;
2019/05/09 09:06:20;0;0;0;0;
2019/05/10 00:00:37;null;null;null;null;
2019/05/10 00:00:52;0;0;0;0;
2019/05/11 00:00:37;null;null;null;null;
2019/05/11 00:00:52;0;0;0;0;
2019/05/12 00:00:47;null;null;null;null;
2019/05/12 00:00:59;0;0;0;0;
2019/05/12 07:49:13;315;315;899;315;
2019/05/12 07:49:18;;;315;;
2019/05/12 07:50:03;null;;;;
2019/05/12 07:50:13;;null;null;;
2019/05/12 07:50:28;;;;null;
2019/05/12 15:07:02;222;;;;
2019/05/12 15:07:12;;;222;;
2019/05/12 15:07:12;;222;;;
2019/05/12 15:07:22;;;;222;
2019/05/12 15:07:32;223;;;223;
2019/05/12 15:07:37;;;223;;
2019/05/12 15:07:42;;223;;;
2019/05/12 15:07:57;224;;;;
2019/05/12 15:08:02;;224;224;224;
2019/05/12 15:27:37;0;;;;
2019/05/12 15:28:52;;;;0;
2019/05/12 15:29:07;;;0;;
2019/05/12 15:29:27;;0;;;
2019/05/13 00:00:47;null;null;null;null;
2019/05/13 00:01:04;0;0;0;0;
2019/05/13 16:36:18;;79;;;
2019/05/13 16:37:13;;224;;;
2019/05/13 16:38:17;;224;;;
2019/05/13 16:39:09;;0;;;
2019/05/14 00:00:37;null;;null;null;
2019/05/14 00:00:37;;null;;;
2019/05/14 00:00:55;0;0;0;0;
2019/05/15 00:00:47;null;null;null;null;
2019/05/15 00:01:00;0;0;0;0;
2019/05/15 03:51:19;null;null;null;null;
2019/05/15 04:25:18;0;0;0;0;
2019/05/15 05:17:34;null;null;null;null;
2019/05/15 05:25:42;0;0;0;0;
2019/05/15 06:15:44;null;null;null;null;
2019/05/15 06:18:23;0;0;0;0;
2019/05/15 06:21:31;null;null;null;null;
2019/05/15 06:25:51;0;0;0;0;
2019/05/15 06:32:47;null;null;null;null;
2019/05/15 06:33:54;0;0;0;0;
2019/05/15 06:48:45;null;null;null;null;
2019/05/15 06:55:31;0;0;0;0;
2019/05/15 07:47:01;null;null;null;null;
2019/05/15 07:50:59;0;0;0;0;
2019/05/15 08:03:47;null;null;null;null;
2019/05/15 08:05:17;0;0;0;0;
2019/05/15 08:21:15;null;null;null;null;
2019/05/15 08:32:12;0;0;0;0;
2019/05/15 08:39:33;null;null;null;null;
2019/05/15 08:43:51;0;0;0;0;
2019/05/15 08:46:40;null;null;null;null;
2019/05/15 08:50:55;0;0;0;0;
2019/05/16 00:00:37;null;null;null;null;
2019/05/16 00:00:50;0;0;0;0;
2019/05/17 00:00:37;null;null;null;null;
2019/05/17 00:00:50;0;0;0;0;
2019/05/17 05:11:21;;275;;;
2019/05/17 05:39:10;;224;;;
2019/05/17 07:32:52;;0;;;
2019/05/18 00:00:47;null;null;null;null;
2019/05/18 00:01:01;0;0;0;0;
2019/05/19 00:00:37;null;null;null;null;
2019/05/19 00:00:55;0;0;0;0;
2019/05/20 00:00:47;null;null;null;null;
2019/05/20 00:01:01;0;0;0;0;
2019/05/21 00:00:47;null;null;null;null;
2019/05/21 00:01:00;0;0;0;0;
2019/05/22 00:00:47;null;null;null;null;
2019/05/22 00:01:01;0;0;0;0;
2019/05/23 00:00:47;null;null;null;null;
2019/05/23 00:01:08;0;0;0;0;
2019/05/24 00:00:47;null;null;null;null;
2019/05/24 00:01:00;0;0;0;0;
2019/05/25 00:00:37;null;null;null;null;
2019/05/25 00:00:56;0;0;0;0;
2019/05/26 00:00:37;null;null;null;null;
2019/05/26 00:00:50;0;0;0;0;
2019/05/26 12:05:38;null;null;null;null;
2019/05/26 12:52:17;0;0;0;0;
2019/05/26 15:03:59;181;;;;
2019/05/26 15:42:29;222;;;;
2019/05/26 15:42:50;309;;;;
2019/05/26 15:43:35;224;;;;
2019/05/26 15:43:50;0;;;;
2019/05/26 16:24:54;null;null;null;null;
2019/05/26 17:04:26;;0;;;
2019/05/26 17:04:26;;;0;0;
2019/05/26 17:04:27;0;;;;
2019/05/27 00:00:37;;;null;null;
2019/05/27 00:00:37;null;null;;;
2019/05/27 00:00:54;0;0;0;0;
2019/05/27 21:05:09;null;null;null;null;
2019/05/27 21:07:11;0;0;0;0;
2019/05/28 00:00:47;null;null;null;null;
2019/05/28 00:00:59;0;0;0;0;
2019/05/28 12:38:29;;null;;;
2019/05/28 13:30:21;;0;;;
2019/05/28 13:32:51;;;null;;
2019/05/28 14:08:15;;;224;;
2019/05/28 14:08:50;;;0;;
2019/05/28 14:10:05;;;;null;
2019/05/28 14:45:34;;;;0;
2019/05/28 14:46:19;null;;;;
2019/05/28 15:40:32;0;;;;
2019/05/29 00:00:47;null;null;null;null;
2019/05/29 00:01:27;0;0;0;0;
2019/05/30 00:00:37;null;null;null;null;
2019/05/30 00:00:55;0;0;0;0;
2019/05/31 00:00:37;null;;null;null;
2019/05/31 00:00:37;;null;;;
2019/05/31 00:00:51;0;0;0;0;
2019/05/31 03:40:22;null;null;null;null;
2019/05/31 08:53:21;0;0;0;0;
2019/05/31 23:28:08;null;null;null;null;
2019/05/31 23:29:38;0;0;0;0;
2019/06/01 00:00:37;null;null;null;null;
2019/06/01 00:00:50;0;0;0;0;
2019/06/02 00:00:37;null;null;null;null;
2019/06/02 00:00:55;0;0;0;0;
2019/06/02 19:41:15;null;null;null;null;
2019/06/02 19:42:45;0;0;0;0;
2019/06/02 22:03:10;null;null;null;null;
2019/06/02 22:18:40;0;0;0;0;
2019/06/03 00:00:36;null;null;null;null;
2019/06/03 00:00:51;0;0;0;0;
2019/06/03 01:39:09;null;null;null;null;
2019/06/03 02:11:19;0;0;0;0;
2019/06/03 17:49:20;;;275;;
2019/06/03 18:17:28;;;224;;
2019/06/03 18:19:03;;;0;;
2019/06/03 19:36:05;null;null;null;null;
2019/06/03 19:49:27;275;;;;
2019/06/03 19:59:36;;0;;0;
2019/06/03 19:59:38;;;0;;
2019/06/03 19:59:43;275;;;;
2019/06/03 20:16:54;224;;;;
2019/06/03 20:28:34;0;;;;
2019/06/03 20:29:19;null;null;null;null;
2019/06/03 20:59:52;;0;;0;
2019/06/03 20:59:53;;;0;;
2019/06/03 20:59:55;0;;;;
2019/06/03 22:02:33;null;null;null;null;
2019/06/03 22:30:43;;0;;0;
2019/06/03 22:30:44;;;0;;
2019/06/03 22:30:44;0;;;;
2019/06/04 00:00:37;null;null;null;null;
2019/06/04 00:00:57;0;0;0;0;
2019/06/04 12:24:02;null;null;null;null;
2019/06/04 13:04:01;0;0;0;0;
2019/06/05 00:00:47;null;null;null;null;
2019/06/05 00:01:02;0;0;0;0;
2019/06/05 00:51:09;null;null;null;null;
2019/06/05 01:38:10;0;0;0;0;
2019/06/06 00:00:37;null;null;null;null;
2019/06/06 00:00:52;0;0;0;0;
2019/06/06 22:54:31;null;null;null;null;
2019/06/06 23:27:41;0;0;0;0;
2019/06/06 23:52:21;null;null;null;null;
2019/06/06 23:58:55;0;0;0;0;
2019/06/07 00:00:37;null;null;null;null;
2019/06/07 00:00:54;0;0;0;0;
2019/06/08 00:00:47;null;null;null;null;
2019/06/08 00:01:02;0;0;0;0;
2019/06/09 00:00:37;null;null;null;null;
2019/06/09 00:01:16;0;0;0;0;
2019/06/09 15:04:23;;;;181;
2019/06/09 15:07:18;;;;222;
2019/06/09 15:07:28;;;;309;
2019/06/09 15:07:33;;;;223;
2019/06/09 15:07:58;;;;224;
2019/06/09 15:08:44;;;;0;
2019/06/09 16:16:03;null;null;null;null;
2019/06/09 16:17:15;0;0;0;0;
2019/06/09 16:19:46;0;0;0;0;
2019/06/09 16:39:57;null;null;null;null;
2019/06/09 17:19:29;0;0;0;0;
2019/06/10 00:00:47;null;null;null;null;
2019/06/10 00:01:01;0;0;0;0;
2019/06/10 21:38:47;null;null;null;null;
2019/06/10 22:12:23;0;0;0;0;
2019/06/11 00:00:37;null;null;null;null;
2019/06/11 00:00:49;0;0;0;0;
2019/06/11 03:26:49;null;null;null;null;
2019/06/11 04:00:24;0;0;0;0;
2019/06/12 00:00:47;null;null;null;null;
2019/06/12 00:01:01;0;0;0;0;
2019/06/12 07:03:25;null;null;null;null;
2019/06/12 07:41:26;0;0;0;0;
2019/06/13 00:00:37;null;null;null;null;
2019/06/13 00:00:51;0;0;0;0;
2019/06/14 00:00:37;null;null;null;null;
2019/06/14 00:00:52;0;0;0;0;
2019/06/14 18:10:08;null;null;null;null;
2019/06/14 18:11:36;0;0;0;0;
2019/06/14 18:18:41;null;null;null;null;
2019/06/14 18:21:50;0;0;0;0;
2019/06/14 22:58:37;null;null;null;null;
2019/06/14 23:27:43;0;0;0;0;
2019/06/14 23:50:43;null;null;null;null;
2019/06/14 23:57:43;0;0;0;0;
2019/06/15 00:00:47;null;null;null;null;
2019/06/15 00:01:01;0;0;0;0;
2019/06/15 08:02:08;null;null;null;null;
2019/06/15 08:03:38;0;0;0;0;
2019/06/15 11:32:14;null;null;null;null;
2019/06/15 11:48:24;0;0;0;0;
2019/06/15 11:55:01;null;null;null;null;
2019/06/15 12:48:36;0;0;0;0;
2019/06/15 13:59:08;null;null;null;null;
2019/06/15 14:40:10;0;0;0;0;
2019/06/15 14:57:16;null;null;null;null;
2019/06/15 14:59:13;0;0;0;0;
2019/06/15 15:49:28;null;null;null;null;
2019/06/15 16:07:29;0;0;0;0;
2019/06/16 00:00:37;;;null;;
2019/06/16 00:00:37;null;null;;null;
2019/06/16 00:00:53;0;0;0;0;
2019/06/17 00:00:47;null;null;null;null;
2019/06/17 00:01:01;0;0;0;0;
2019/06/18 00:00:47;null;null;null;null;
2019/06/18 00:01:05;0;0;0;0;
2019/06/18 10:54:30;null;null;null;null;
2019/06/18 10:56:27;0;0;0;0;
2019/06/19 00:00:37;null;null;null;null;
2019/06/19 00:00:50;0;0;0;0;
2019/06/19 20:34:14;276;;;;
2019/06/19 21:02:07;224;;;;
2019/06/19 21:04:42;0;;;;
2019/06/20 00:00:36;null;null;null;null;
2019/06/20 00:00:55;0;0;0;0;
2019/06/20 15:47:52;null;null;null;null;
2019/06/20 15:48:21;0;0;0;0;
2019/06/20 20:01:21;null;null;null;null;
2019/06/20 20:22:22;0;0;;;
2019/06/20 20:22:36;;;0;0;
2019/06/21 00:00:37;null;null;null;null;
2019/06/21 00:00:52;0;0;0;0;
2019/06/21 05:51:54;null;null;null;null;
2019/06/21 05:59:36;0;0;0;0;
2019/06/21 11:14:05;null;null;null;null;
2019/06/21 11:22:04;0;0;0;0;
2019/06/21 18:53:35;null;null;null;null;
2019/06/21 18:58:38;0;0;0;0;
2019/06/21 21:55:35;null;null;null;null;
2019/06/21 22:02:43;0;0;0;0;
2019/06/22 00:00:37;null;;null;null;
2019/06/22 00:00:37;;null;;;
2019/06/22 00:00:52;0;0;0;0;
2019/06/23 00:00:37;null;null;null;null;
2019/06/23 00:01:11;0;0;0;0;
2019/06/24 00:00:37;null;;null;null;
2019/06/24 00:00:37;;null;;;
2019/06/24 00:01:15;0;0;0;0;
2019/06/24 11:18:04;null;null;null;null;
2019/06/24 11:31:38;0;0;0;0;
2019/06/24 11:36:57;null;null;null;null;
2019/06/24 11:40:39;0;0;;;
2019/06/24 11:40:39;;;0;0;
2019/06/25 00:00:37;null;null;null;null;
2019/06/25 00:00:50;0;0;0;0;
2019/06/25 17:30:21;null;null;null;null;
2019/06/25 17:39:58;0;0;0;0;
2019/06/25 21:48:21;null;null;null;null;
2019/06/25 22:02:58;0;0;0;0;
2019/06/25 22:25:12;null;null;null;null;
2019/06/25 22:29:17;0;0;;;
2019/06/25 22:29:17;;;0;0;
2019/06/26 00:00:37;null;null;null;null;
2019/06/26 00:00:51;0;0;0;0;
2019/06/26 12:36:28;0;0;0;0;
2019/06/26 20:13:27;null;null;null;null;
2019/06/26 20:44:56;0;0;0;;
2019/06/26 20:44:56;;;;0;
2019/06/27 00:00:37;null;null;null;null;
2019/06/27 00:00:50;0;0;0;0;
2019/06/27 00:09:47;null;null;null;null;
2019/06/27 00:36:20;0;0;0;0;
2019/06/27 14:09:31;null;null;null;null;
2019/06/27 14:34:30;0;0;0;0;
2019/06/27 14:39:32;null;null;null;null;
2019/06/27 15:21:21;0;0;0;0;
2019/06/27 16:30:25;null;null;null;null;
2019/06/27 16:54:36;0;0;0;0;
2019/06/27 18:36:26;null;null;null;null;
2019/06/27 19:31:16;0;0;0;0;
2019/06/27 19:43:48;null;null;null;null;
2019/06/27 19:56:59;0;0;0;0;
2019/06/27 21:34:02;null;null;null;null;
2019/06/27 21:36:42;0;0;0;0;
2019/06/28 00:00:47;null;null;null;null;
2019/06/28 00:01:00;0;0;0;0;
2019/06/28 04:17:45;null;null;null;null;
2019/06/28 05:03:18;0;0;0;0;
2019/06/28 07:22:43;;null;;;
2019/06/28 08:56:53;;0;;;
2019/06/28 09:01:14;;;null;;
2019/06/28 10:33:04;;;0;;
2019/06/28 11:03:52;;;;null;
2019/06/28 12:31:04;;;;0;
2019/06/28 12:39:22;null;;;;
2019/06/28 13:52:21;0;;;;
2019/06/28 21:28:59;null;null;null;null;
2019/06/28 22:06:32;;0;;;
2019/06/28 22:06:37;;;0;;
2019/06/28 22:06:37;0;;;0;
2019/06/28 22:17:00;null;null;null;null;
2019/06/28 22:22:32;;0;;;
2019/06/28 22:22:33;;;0;0;
2019/06/28 22:22:33;0;;;;
2019/06/28 23:39:38;null;null;null;null;
2019/06/29 00:00:37;null;null;null;null;
2019/06/29 00:00:56;0;0;0;0;
2019/06/29 00:10:43;0;0;0;0;
2019/06/29 00:18:25;null;null;null;null;
2019/06/29 01:10:59;0;0;0;0;
2019/06/29 01:17:51;null;null;null;null;
2019/06/29 02:10:53;0;;;;
2019/06/29 02:10:53;;0;0;0;
2019/06/29 02:23:14;null;null;null;null;
2019/06/29 03:10:54;0;0;;;
2019/06/29 03:10:56;;;0;0;
2019/06/29 03:52:04;null;null;null;null;
2019/06/29 04:11:05;0;0;;;
2019/06/29 04:11:07;;;0;0;
2019/06/29 04:50:11;null;null;null;null;
2019/06/29 05:11:22;0;0;0;0;
2019/06/29 06:56:47;null;null;null;null;
2019/06/29 07:26:03;0;0;0;;
2019/06/29 07:26:04;;;;0;
2019/06/29 11:56:27;;;326;;
2019/06/29 12:09:30;;;0;;
2019/06/30 00:00:37;null;null;null;null;
2019/06/30 00:00:57;0;0;0;0;
2019/07/01 00:00:00;0;0;0;0;

