Date start:22/06/2018;Date stop:31/12/2018
Data;WTE2.L1.WTG1.Status.WTG Event;WTE2.L1.WTG2.Status.WTG Event;WTE2.L1.WTG3.Status.WTG Event;WTE2.L2.WTG12.Status.WTG Event;WTE2.L2.WTG13.Status.WTG Event;WTE2.L2.WTG14.Status.WTG Event;
2018/06/22 14:58:21;null;null;;;;;
2018/06/22 14:58:21;;;null;;;;
2018/06/22 14:58:23;;;;null;;;
2018/06/22 14:58:23;;;;;null;;
2018/06/22 14:58:23;;;;;;null;
2018/06/22 15:01:49;0;0;0;;;;
2018/06/22 15:01:49;;;;0;0;0;
2018/06/22 15:26:10;0;0;0;;;;
2018/06/22 15:26:15;;;;0;0;;
2018/06/22 15:26:15;;;;;;0;
2018/06/23 00:00:11;null;null;null;null;null;null;
2018/06/23 00:00:28;0;0;0;;;;
2018/06/23 00:00:33;;;;0;0;0;
2018/06/23 05:28:33;312;;;;;;
2018/06/23 05:41:13;0;;;;;;
2018/06/23 05:46:23;312;;;;;;
2018/06/23 05:58:58;0;;;;;;
2018/06/23 06:03:53;312;;;;;;
2018/06/23 06:16:33;0;;;;;;
2018/06/23 06:21:23;312;;;;;;
2018/06/23 06:34:03;100;;;;;;
2018/06/23 07:17:58;0;;;;;;
2018/06/24 00:00:10;null;null;null;null;null;null;
2018/06/24 00:00:33;0;0;0;0;0;0;
2018/06/25 10:22:06;0;0;;;;;
2018/06/25 10:22:06;;;0;;;;
2018/06/25 10:22:06;;;;0;0;0;
2018/06/25 17:40:33;312;;;;;;
2018/06/25 17:53:14;0;;;;;;
2018/06/25 17:57:59;312;;;;;;
2018/06/25 18:01:39;0;;;;;;
2018/06/25 18:04:59;312;;;;;;
2018/06/25 18:17:39;0;;;;;;
2018/06/25 18:22:25;312;;;;;;
2018/06/25 18:35:19;0;;;;;;
2018/06/25 18:40:05;312;;;;;;
2018/06/25 18:52:46;100;;;;;;
2018/06/25 20:33:01;0;;;;;;
2018/06/26 00:00:12;null;null;null;null;null;null;
2018/06/26 00:00:34;0;0;0;;;;
2018/06/26 00:00:34;;;;0;0;0;
2018/06/26 07:26:20;;;;;null;;
2018/06/26 07:43:01;;;;;0;;
2018/06/26 11:04:25;null;;;;;;
2018/06/26 11:04:25;;null;;;;;
2018/06/26 11:04:25;;;null;;;;
2018/06/26 11:04:25;;;;null;;;
2018/06/26 11:04:27;;;;;null;;
2018/06/26 11:04:27;;;;;;null;
2018/06/26 11:08:16;;;;0;0;0;
2018/06/26 11:08:18;0;0;0;;;;
2018/06/26 15:54:59;;;;0;0;0;
2018/06/26 15:54:59;0;0;0;;;;
2018/06/26 16:06:03;0;0;0;;;;
2018/06/26 16:06:07;;;;0;0;0;
2018/06/27 00:00:38;null;null;null;null;null;null;
2018/06/27 00:00:53;0;0;0;;;;
2018/06/27 00:00:54;;;;;0;0;
2018/06/27 00:00:59;;;;0;;;
2018/06/27 13:56:26;;;;;356;;
2018/06/27 13:57:26;;;;;0;;
2018/06/27 14:19:35;;;;;;356;
2018/06/27 14:20:45;;;;;;0;
2018/06/27 15:06:33;;;;;356;;
2018/06/27 15:06:38;;;;;338;;
2018/06/27 15:07:38;;;;;0;;
2018/06/27 15:09:28;;;;;;356;
2018/06/27 15:10:34;;;;;;0;
2018/06/27 15:15:19;;;;;356;;
2018/06/27 15:16:20;;;;;0;;
2018/06/28 00:00:38;null;null;null;null;null;null;
2018/06/28 00:00:59;;;;0;0;0;
2018/06/28 00:00:59;0;;0;;;;
2018/06/28 00:01:04;;0;;;;;
2018/06/28 00:45:08;;;;;275;;
2018/06/28 01:11:53;;;;;0;;
2018/06/28 13:48:37;;;275;;;;
2018/06/28 14:15:07;;;0;;;;
2018/06/29 00:00:46;null;null;null;null;null;null;
2018/06/29 00:01:06;;;;0;0;0;
2018/06/29 00:01:06;0;0;0;;;;
2018/06/29 07:01:57;;;;null;;;
2018/06/29 07:37:29;;;;900;;;
2018/06/29 07:41:44;;;;;null;;
2018/06/29 07:56:37;;;;0;;;
2018/06/29 07:58:22;;;;;900;;
2018/06/29 07:58:37;;;;;0;;
2018/06/29 08:02:43;;;;;;null;
2018/06/29 08:33:33;;;;;;0;
2018/06/29 09:41:56;;;;276;;;
2018/06/29 10:08:31;;;;0;;;
2018/06/29 14:32:40;0;;;;;;
2018/06/29 14:32:40;;0;0;0;0;0;
2018/06/29 22:27:44;275;;;;;;
2018/06/29 22:54:59;0;;;;;;
2018/06/30 00:00:37;null;null;null;null;null;null;
2018/06/30 00:00:55;0;0;0;;;;
2018/06/30 00:00:59;;;;0;0;0;
2018/06/30 18:58:50;;;275;;;;
2018/06/30 19:25:44;;;0;;;;
2018/06/30 19:39:31;;;;;275;;
2018/06/30 20:06:16;;;;;0;;
2018/06/30 20:09:27;275;;;;;;
2018/06/30 20:36:37;0;;;;;;
2018/07/01 00:00:37;null;null;null;null;null;null;
2018/07/01 00:00:53;;;;0;0;0;
2018/07/01 00:00:54;0;0;0;;;;
2018/07/02 00:00:37;null;null;null;null;null;null;
2018/07/02 00:00:55;;;;0;0;0;
2018/07/02 00:00:56;0;0;0;;;;
2018/07/03 00:00:37;null;null;null;null;null;null;
2018/07/03 00:00:56;0;0;0;;;;
2018/07/03 00:00:56;;;;0;0;0;
2018/07/03 07:19:48;;;;;;null;
2018/07/03 14:32:32;;;;;;0;
2018/07/03 16:47:57;;;;0;;;
2018/07/03 16:47:57;0;0;0;;0;;
2018/07/03 16:48:07;;;;;;0;
2018/07/03 18:33:07;null;null;null;null;null;null;
2018/07/03 18:35:14;0;0;0;;;;
2018/07/03 18:35:14;;;;0;0;;
2018/07/03 18:35:14;;;;;;0;
2018/07/04 00:00:37;null;null;null;null;null;null;
2018/07/04 00:00:55;0;0;0;;;;
2018/07/04 00:00:55;;;;0;0;0;
2018/07/04 12:57:11;;;null;;;;
2018/07/04 13:18:39;;;900;;;;
2018/07/04 13:20:50;;null;;;;;
2018/07/04 13:21:55;;;0;;;;
2018/07/04 13:37:38;;0;;;;;
2018/07/04 13:39:53;null;;;;;;
2018/07/04 13:56:36;0;;;;;;
2018/07/04 14:27:29;;;;0;0;0;
2018/07/04 14:27:41;;;0;;;;
2018/07/04 14:27:41;0;0;;;;;
2018/07/04 14:48:59;0;0;;;;;
2018/07/04 14:48:59;;;0;;;;
2018/07/04 14:49:06;;;;0;0;0;
2018/07/04 14:56:49;0;0;0;;;;
2018/07/04 14:56:49;;;;0;0;0;
2018/07/05 00:00:37;null;null;null;null;null;null;
2018/07/05 00:00:58;0;0;0;;;;
2018/07/05 00:00:58;;;;0;0;0;
2018/07/05 07:16:36;;;;;null;;
2018/07/05 13:46:42;0;0;0;;;;
2018/07/05 13:46:48;;;;0;;0;
2018/07/05 14:34:03;;;;;0;;
2018/07/06 00:00:37;null;null;null;null;null;null;
2018/07/06 00:00:56;0;0;0;;;;
2018/07/06 00:00:56;;;;0;0;0;
2018/07/06 15:51:08;null;null;null;null;null;null;
2018/07/06 17:34:14;0;0;0;0;0;;
2018/07/06 17:34:17;;;;;;0;
2018/07/06 20:18:45;;275;;;;;
2018/07/06 20:45:35;;0;;;;;
2018/07/07 00:00:37;null;null;null;null;null;null;
2018/07/07 00:00:53;0;0;0;;;;
2018/07/07 00:00:55;;;;0;0;0;
2018/07/08 00:00:37;null;null;null;null;null;null;
2018/07/08 00:00:54;0;;0;;;;
2018/07/08 00:00:56;;;;0;0;0;
2018/07/08 00:00:59;;0;;;;;
2018/07/09 00:00:47;null;null;null;null;null;null;
2018/07/09 00:01:06;;;;0;0;0;
2018/07/09 00:01:07;0;0;0;;;;
2018/07/10 00:00:47;null;null;null;null;null;null;
2018/07/10 00:01:05;0;0;0;;;;
2018/07/10 00:01:06;;;;0;0;0;
2018/07/10 12:40:37;;;;;;276;
2018/07/10 13:07:02;;;;;;0;
2018/07/11 00:00:47;null;null;null;null;null;null;
2018/07/11 00:01:06;0;0;0;;;;
2018/07/11 00:01:06;;;;0;0;0;
2018/07/11 18:43:58;;;;0;0;0;
2018/07/11 18:43:58;0;;;;;;
2018/07/11 18:43:58;;0;0;;;;
2018/07/11 19:04:57;;;;;102;;
2018/07/11 19:27:27;;;;0;102;0;
2018/07/11 19:27:27;0;0;0;;;;
2018/07/11 20:15:59;;;;0;102;0;
2018/07/11 20:16:03;0;0;0;;;;
2018/07/11 21:59:47;;;;;0;;
2018/07/12 00:00:37;null;null;null;null;null;null;
2018/07/12 00:00:54;;;;0;0;0;
2018/07/12 00:00:55;0;0;0;;;;
2018/07/12 13:37:24;0;0;0;;;;
2018/07/12 13:37:25;;;;0;0;;
2018/07/12 13:37:27;;;;;;0;
2018/07/13 00:00:37;null;null;null;null;null;null;
2018/07/13 00:00:55;0;0;0;;;;
2018/07/13 00:00:55;;;;0;0;0;
2018/07/13 09:53:15;null;;;;;;
2018/07/13 09:53:16;;null;;;;;
2018/07/13 09:53:16;;;null;null;;;
2018/07/13 09:53:16;;;;;null;null;
2018/07/13 09:53:23;0;0;0;;;;
2018/07/13 09:53:23;;;;0;0;0;
2018/07/13 10:08:12;0;0;0;0;0;0;
2018/07/14 00:00:47;null;null;null;null;null;null;
2018/07/14 00:01:06;;;;0;0;0;
2018/07/14 00:01:07;0;0;0;;;;
2018/07/15 00:00:47;null;null;null;null;null;null;
2018/07/15 00:01:05;0;0;0;;;;
2018/07/15 00:01:07;;;;0;0;0;
2018/07/16 00:00:47;null;null;null;null;null;null;
2018/07/16 00:01:10;;;;0;0;0;
2018/07/16 00:01:14;0;0;0;;;;
2018/07/17 00:00:37;null;null;null;null;null;null;
2018/07/17 00:00:55;;;;0;0;0;
2018/07/17 00:00:56;0;0;0;;;;
2018/07/17 00:18:45;275;;;;;;
2018/07/17 00:46:15;0;;;;;;
2018/07/17 06:37:49;;;275;;;;
2018/07/17 07:04:29;;;0;;;;
2018/07/17 10:44:50;;;;;309;;
2018/07/17 10:46:11;;;;;0;;
2018/07/18 00:00:48;null;null;null;null;null;null;
2018/07/18 00:01:05;0;0;0;;;;
2018/07/18 00:01:09;;;;0;0;0;
2018/07/18 15:35:34;null;null;null;null;null;null;
2018/07/18 16:00:12;0;0;0;0;0;;
2018/07/18 16:00:12;;;;;;0;
2018/07/19 00:00:38;null;null;null;null;null;null;
2018/07/19 00:00:57;0;0;0;;;;
2018/07/19 00:00:59;;;;0;0;0;
2018/07/20 00:00:37;null;null;null;null;null;null;
2018/07/20 00:00:55;;;;0;0;0;
2018/07/20 00:00:56;0;0;0;;;;
2018/07/20 03:49:53;;;;;;275;
2018/07/20 04:16:53;;;;;;0;
2018/07/20 11:11:06;;275;;;;;
2018/07/20 11:37:56;;0;;;;;
2018/07/21 00:00:37;null;null;null;null;null;null;
2018/07/21 00:00:57;0;0;0;;;;
2018/07/21 00:00:59;;;;0;0;0;
2018/07/21 07:44:01;;;171;;;;
2018/07/21 07:45:01;;;0;;;;
2018/07/22 00:00:38;null;null;null;null;null;null;
2018/07/22 00:00:57;0;0;0;;;;
2018/07/22 00:00:57;;;;0;0;0;
2018/07/23 00:00:47;null;null;null;null;null;null;
2018/07/23 00:01:08;;;;0;0;0;
2018/07/23 00:01:08;0;0;0;;;;
2018/07/23 00:44:07;;;275;;;;
2018/07/23 01:10:32;;;0;;;;
2018/07/23 07:19:35;null;null;null;null;null;null;
2018/07/23 07:20:04;0;0;;0;0;0;
2018/07/23 07:20:06;;;0;;;;
2018/07/24 00:00:37;null;null;null;null;null;null;
2018/07/24 00:01:06;0;0;0;;;;
2018/07/24 00:01:09;;;;0;0;0;
2018/07/24 15:21:25;;;309;;;;
2018/07/24 15:21:30;;;;;;309;
2018/07/24 15:22:50;;;;;;0;
2018/07/24 15:23:20;;;0;;;;
2018/07/24 16:59:09;0;0;;;;;
2018/07/24 16:59:09;;;;0;0;;
2018/07/24 16:59:20;;;0;;;0;
2018/07/25 00:00:38;null;null;null;null;null;null;
2018/07/25 00:00:59;0;0;0;;;;
2018/07/25 00:01:00;;;;0;0;0;
2018/07/25 15:14:16;0;0;0;0;;;
2018/07/25 15:14:16;;;;;0;0;
2018/07/25 15:45:56;;;;;309;;
2018/07/25 15:45:56;309;;;;;;
2018/07/25 15:51:02;;;;;0;;
2018/07/25 15:51:02;0;;;;;;
2018/07/25 16:24:54;;0;0;0;;0;
2018/07/25 16:25:05;0;;;;0;;
2018/07/25 16:30:57;;;;;;309;
2018/07/25 16:31:02;;;;;309;;
2018/07/25 16:31:12;;;309;;;;
2018/07/25 16:33:38;;;;;0;;
2018/07/25 16:33:38;;;0;;;;
2018/07/25 16:33:48;;;;;;0;
2018/07/26 00:00:37;null;null;null;null;null;null;
2018/07/26 00:00:56;0;0;0;;;;
2018/07/26 00:00:57;;;;0;0;0;
2018/07/26 23:34:20;275;;;;;;
2018/07/27 00:00:37;null;null;null;null;null;null;
2018/07/27 00:00:55;275;0;0;;;;
2018/07/27 00:00:56;;;;0;0;0;
2018/07/27 00:01:31;0;;;;;;
2018/07/27 07:57:37;;;;null;;;
2018/07/27 13:39:26;;;;;;275;
2018/07/27 14:06:25;;;;;;0;
2018/07/27 14:09:26;;;;900;;;
2018/07/27 14:11:26;;;;0;;;
2018/07/27 22:19:40;null;null;null;null;null;null;
2018/07/27 22:20:20;0;0;0;;0;;
2018/07/27 22:20:23;;;;;;0;
2018/07/27 22:20:23;;;;0;;;
2018/07/27 22:40:10;;;275;;;;
2018/07/27 23:06:44;;;0;;;;
2018/07/28 00:00:37;null;null;null;null;null;null;
2018/07/28 00:00:54;0;0;0;;;;
2018/07/28 00:00:56;;;;0;0;0;
2018/07/28 11:44:47;;;;;171;;
2018/07/28 11:45:48;;;;;191;;
2018/07/28 11:45:58;;;;;0;;
2018/07/28 19:12:24;null;null;null;null;null;null;
2018/07/28 20:12:26;0;0;0;;;;
2018/07/28 20:12:26;;;;0;;0;
2018/07/28 20:12:27;;;;;0;;
2018/07/29 00:00:37;null;null;null;null;null;null;
2018/07/29 00:01:00;;;;0;0;0;
2018/07/29 00:01:01;0;0;0;;;;
2018/07/30 00:00:47;null;null;null;null;null;;
2018/07/30 00:00:47;;;;;;null;
2018/07/30 00:01:08;0;0;0;;;;
2018/07/30 00:01:08;;;;0;0;0;
2018/07/30 07:26:49;;;;null;;;
2018/07/30 14:46:31;;;;0;;;
2018/07/30 19:41:56;null;null;null;null;null;null;
2018/07/30 19:42:25;0;0;0;;0;0;
2018/07/30 19:42:28;;;;0;;;
2018/07/30 21:09:41;;;275;;;;
2018/07/30 21:10:56;275;;;;;;
2018/07/30 21:36:06;;;0;;;;
2018/07/30 21:38:11;0;;;;;;
2018/07/30 22:33:00;;275;;;;;
2018/07/30 23:00:25;;0;;;;;
2018/07/31 00:00:47;null;null;null;null;null;null;
2018/07/31 00:01:06;0;0;0;;;;
2018/07/31 00:01:08;;;;0;0;0;
2018/07/31 07:24:09;;;;null;;;
2018/07/31 14:53:19;;;;0;;;
2018/08/01 00:00:47;null;null;null;null;null;null;
2018/08/01 00:01:07;0;0;0;;;;
2018/08/01 00:01:08;;;;0;0;0;
2018/08/01 07:32:05;;;;null;;;
2018/08/01 14:26:04;;;;0;;;
2018/08/01 23:56:20;;;;336;;;
2018/08/01 23:56:25;;;;315;;;
2018/08/01 23:57:41;;;;null;;;
2018/08/02 00:00:38;null;null;null;;;;
2018/08/02 00:00:38;;;;;null;null;
2018/08/02 00:00:56;;;;;0;0;
2018/08/02 00:00:57;0;0;0;;;;
2018/08/02 09:26:05;null;null;null;;null;null;
2018/08/02 13:28:18;0;0;0;;0;0;
2018/08/02 19:39:33;null;null;null;;null;null;
2018/08/03 08:01:47;0;0;0;;;;
2018/08/03 08:01:47;;;;;0;0;
2018/08/03 09:10:15;null;null;null;;null;null;
2018/08/03 09:17:53;;;;;0;;
2018/08/03 09:17:53;0;0;0;;;0;
2018/08/03 16:01:35;;181;;;;;
2018/08/03 19:04:14;;null;;;;;
2018/08/03 19:06:49;;0;;;;;
2018/08/04 00:00:37;null;null;null;;null;null;
2018/08/04 00:00:56;;;;;0;0;
2018/08/04 00:00:58;0;0;0;;;;
2018/08/05 00:00:47;null;null;null;;null;null;
2018/08/05 00:01:08;0;0;0;;;;
2018/08/05 00:01:08;;;;;0;0;
2018/08/06 00:00:36;null;null;null;;null;null;
2018/08/06 00:00:59;0;0;0;;;;
2018/08/06 00:01:01;;;;;0;0;
2018/08/06 07:43:57;;;;;null;;
2018/08/06 13:48:30;;;;;0;;
2018/08/06 14:50:40;null;null;null;;null;null;
2018/08/06 14:51:51;0;0;;;;;
2018/08/06 14:51:51;;;0;;0;0;
2018/08/06 15:40:50;;;;;;276;
2018/08/06 16:08:49;;;;;;0;
2018/08/06 17:08:04;;;;;276;;
2018/08/06 17:37:12;;;;;null;null;
2018/08/06 17:37:14;null;null;null;;;;
2018/08/06 17:40:55;;;;;0;0;
2018/08/06 17:40:56;0;0;0;;;;
2018/08/07 00:00:37;null;null;null;;null;null;
2018/08/07 00:00:58;;;;;0;0;
2018/08/07 00:00:58;0;0;0;;;;
2018/08/07 07:36:32;;;;;null;;
2018/08/07 11:12:39;;;;;;null;
2018/08/07 11:43:29;;;;;;0;
2018/08/07 14:44:34;;;;;0;;
2018/08/07 15:35:32;;;;;;276;
2018/08/07 16:03:52;;;;;;0;
2018/08/07 16:47:58;null;null;null;;null;null;
2018/08/07 17:09:16;0;0;0;;;;
2018/08/07 17:09:19;;;;;0;0;
2018/08/07 18:57:26;null;null;null;;null;null;
2018/08/07 19:03:34;0;0;0;;;;
2018/08/07 19:03:35;;;;;0;0;
2018/08/08 00:00:47;null;null;null;;null;null;
2018/08/08 00:01:09;0;0;0;;;;
2018/08/08 00:01:10;;;;;0;0;
2018/08/08 07:32:32;;;;;null;;
2018/08/08 14:45:15;;;;;0;;
2018/08/09 00:00:36;null;null;null;;null;null;
2018/08/09 00:00:54;;;;;0;0;
2018/08/09 00:00:56;0;0;0;;;;
2018/08/09 07:32:34;;;;;null;;
2018/08/09 10:08:34;0;0;0;;;0;
2018/08/09 13:58:15;;;;;0;;
2018/08/09 21:13:23;;;275;;;;
2018/08/09 21:39:54;;;0;;;;
2018/08/10 00:00:38;null;null;null;;null;null;
2018/08/10 00:00:57;0;0;0;;;;
2018/08/10 00:00:58;;;;;0;0;
2018/08/10 11:42:25;;;;;null;;
2018/08/10 11:56:53;;;;;0;;
2018/08/11 00:00:47;null;null;null;;null;null;
2018/08/11 00:01:06;;;;;0;0;
2018/08/11 00:01:07;0;0;0;;;;
2018/08/12 00:00:48;null;null;null;;null;null;
2018/08/12 00:01:05;0;0;0;;;;
2018/08/12 00:01:08;;;;;0;0;
2018/08/13 00:00:47;null;null;null;;null;null;
2018/08/13 00:01:06;0;0;0;;;;
2018/08/13 00:01:08;;;;;0;0;
2018/08/13 08:00:14;;;;0;;;
2018/08/13 08:03:39;;;;null;;;
2018/08/13 08:28:05;;;;0;;;
2018/08/13 09:10:38;;;;318;;;
2018/08/13 09:11:44;;;;0;;;
2018/08/13 09:17:10;;;;318;;;
2018/08/13 09:18:10;;;;0;;;
2018/08/13 09:21:51;;;;318;;;
2018/08/13 09:22:51;;;;0;;;
2018/08/13 09:27:22;;;;318;;;
2018/08/13 09:28:22;;;;100;;;
2018/08/13 09:59:34;;;;null;;;
2018/08/13 09:59:37;;;;100;;;
2018/08/13 10:59:35;;;;null;;;
2018/08/13 11:52:05;;;;;null;;
2018/08/13 12:11:14;;;;;0;;
2018/08/14 00:00:47;null;null;null;;null;null;
2018/08/14 00:01:15;;;;;0;0;
2018/08/14 00:01:16;0;0;0;;;;
2018/08/14 09:39:17;;;;0;;;
2018/08/14 10:24:17;;;;318;;;
2018/08/14 10:25:17;;;;0;;;
2018/08/14 10:45:26;;;;318;;;
2018/08/14 10:46:26;;;;0;;;
2018/08/14 10:52:18;;;;null;;;
2018/08/14 11:20:29;;;;;null;;
2018/08/14 11:51:16;;;;;0;;
2018/08/15 00:00:48;null;null;null;;null;null;
2018/08/15 00:01:08;;;;;0;0;
2018/08/15 00:01:08;0;0;0;;;;
2018/08/15 15:35:26;null;;;;;;
2018/08/15 15:39:47;30;;;;;;
2018/08/15 15:40:47;102;;;;;;
2018/08/15 16:27:13;;;;318;;;
2018/08/15 16:28:03;;;;900;;;
2018/08/15 16:29:54;;;;null;;;
2018/08/15 16:56:04;;;;900;;;
2018/08/15 16:59:30;;;;null;;;
2018/08/15 17:13:59;;;;900;;;
2018/08/15 17:21:10;;;;null;;;
2018/08/15 18:01:54;null;;;;;;
2018/08/15 18:09:14;0;;;;;;
2018/08/16 00:00:47;null;null;null;;null;null;
2018/08/16 00:01:05;;;;;0;0;
2018/08/16 00:01:06;0;0;0;;;;
2018/08/16 11:39:02;;;;102;;;
2018/08/16 11:39:27;;;;900;;;
2018/08/16 11:42:08;;;;604;;;
2018/08/16 11:42:33;;;;null;;;
2018/08/16 11:52:55;;;;604;;;
2018/08/16 11:53:40;;;;894;;;
2018/08/16 11:53:45;;;;604;;;
2018/08/16 11:54:10;;;;null;;;
2018/08/16 11:59:11;;;;900;;;
2018/08/16 11:59:31;;;;604;;;
2018/08/16 11:59:57;;;;null;;;
2018/08/16 12:10:24;;;;604;;;
2018/08/16 12:10:34;;;;894;;;
2018/08/16 12:10:39;;;;341;;;
2018/08/16 12:11:09;;;;null;;;
2018/08/16 12:51:18;;;;102;;;
2018/08/16 12:53:44;;;;null;;;
2018/08/16 12:58:00;;;;102;;;
2018/08/16 12:58:10;;;;30;;;
2018/08/16 12:59:00;;;;160;;;
2018/08/16 13:09:37;;;;null;;;
2018/08/16 13:18:51;null;;;;;;
2018/08/16 13:23:07;102;;;;;;
2018/08/16 13:23:17;30;;;;;;
2018/08/16 13:47:26;;;;0;;;
2018/08/16 14:54:43;null;;;;;;
2018/08/16 14:57:23;0;;;;;;
2018/08/17 00:00:38;null;null;null;null;null;null;
2018/08/17 00:00:55;0;0;0;;;;
2018/08/17 00:00:56;;;;0;0;0;
2018/08/17 09:59:55;;;null;;;;
2018/08/17 10:44:55;;;900;;;;
2018/08/17 10:45:50;;;0;;;;
2018/08/17 15:08:55;;;;;275;;
2018/08/17 15:09:23;;;275;;;;
2018/08/17 15:35:35;;;;;0;;
2018/08/17 15:36:19;;;0;;;;
2018/08/17 20:15:43;;;;275;;;
2018/08/17 20:20:19;;;;;;275;
2018/08/17 20:42:18;;;;0;;;
2018/08/17 20:47:24;;;;;;0;
2018/08/18 00:00:47;null;null;null;null;null;null;
2018/08/18 00:01:05;;;;0;0;0;
2018/08/18 00:01:07;0;0;0;;;;
2018/08/19 00:00:47;null;null;null;null;null;null;
2018/08/19 00:01:06;;;;0;0;0;
2018/08/19 00:01:07;0;0;0;;;;
2018/08/20 00:00:47;null;null;null;;;;
2018/08/20 00:00:47;;;;null;null;null;
2018/08/20 00:01:05;0;0;0;;;;
2018/08/20 00:01:06;;;;0;0;0;
2018/08/20 08:54:11;null;null;null;null;null;null;
2018/08/20 08:57:11;0;0;0;;;;
2018/08/20 08:57:13;;;;0;0;0;
2018/08/20 10:01:35;;;;;;null;
2018/08/20 13:23:20;;899;899;;;;
2018/08/20 13:23:25;899;;;;;;
2018/08/20 13:23:30;;916;;;;;
2018/08/20 13:23:35;;;;null;;;
2018/08/20 13:23:45;;;;;null;;
2018/08/20 13:23:50;;;;916;;;
2018/08/20 13:24:25;;;;null;;;
2018/08/20 13:24:25;null;;;;;;
2018/08/20 13:24:30;;;null;;;;
2018/08/20 13:24:40;;null;;;;;
2018/08/20 14:48:45;;;;916;0;;
2018/08/20 14:49:05;;;;0;;;
2018/08/20 14:49:35;;;;;899;;
2018/08/20 14:49:40;;;;894;;;
2018/08/20 14:49:44;;0;;;;;
2018/08/20 14:49:45;;;;315;;;
2018/08/20 14:50:14;;894;;;;;
2018/08/20 14:50:19;;315;;;;;
2018/08/20 14:50:44;;;899;;;;
2018/08/20 14:50:49;899;;;;;;
2018/08/20 14:51:00;;;;;;315;
2018/08/20 14:59:02;;;;;0;;
2018/08/20 14:59:07;;;;0;;;
2018/08/20 14:59:12;;;;;;0;
2018/08/20 14:59:31;;;0;;;;
2018/08/20 14:59:36;;0;;;;;
2018/08/20 14:59:41;0;;;;;;
2018/08/20 15:33:19;;;;;;null;
2018/08/20 15:33:44;;;;;;0;
2018/08/21 00:00:37;null;null;null;null;null;null;
2018/08/21 00:00:56;0;0;0;;;;
2018/08/21 00:00:57;;;;0;0;0;
2018/08/21 07:37:07;;;;;;null;
2018/08/21 14:40:21;;;;;;0;
2018/08/22 00:00:37;null;null;null;null;null;null;
2018/08/22 00:00:57;0;0;0;;;;
2018/08/22 00:00:57;;;;0;0;0;
2018/08/22 06:16:52;;;null;;;;
2018/08/22 06:21:13;;;341;;;;
2018/08/22 06:21:28;;;894;;;;
2018/08/22 06:21:33;;;341;;;;
2018/08/22 06:21:58;;;0;;;;
2018/08/22 07:19:13;;;;;;null;
2018/08/22 14:48:24;;;;;;0;
2018/08/23 00:00:47;null;null;null;null;null;null;
2018/08/23 00:01:07;;;;0;0;0;
2018/08/23 00:01:07;0;0;0;;;;
2018/08/23 03:17:15;;275;;;;;
2018/08/23 03:44:07;;0;;;;;
2018/08/23 07:29:59;;;;;;null;
2018/08/23 14:49:41;;;;;;0;
2018/08/23 17:50:23;;;;;79;;
2018/08/23 17:50:33;;;;79;;;
2018/08/23 17:51:24;;;;;0;;
2018/08/23 17:51:34;;;;0;;;
2018/08/23 17:56:27;;79;;;;;
2018/08/23 17:57:22;;0;;;;;
2018/08/24 00:00:37;null;null;null;null;null;null;
2018/08/24 00:00:55;0;0;0;;;;
2018/08/24 00:00:56;;;;0;0;0;
2018/08/24 07:31:03;;;;;;null;
2018/08/24 11:47:26;;;;;;0;
2018/08/24 14:17:56;;;275;;;;
2018/08/24 14:44:23;;;0;;;;
2018/08/25 00:00:37;null;null;null;null;null;null;
2018/08/25 00:00:55;0;0;0;;;;
2018/08/25 00:00:56;;;;0;0;0;
2018/08/26 00:00:47;null;null;null;null;null;null;
2018/08/26 00:01:06;;;;0;0;0;
2018/08/26 00:01:06;0;0;0;;;;
2018/08/27 00:00:37;null;null;null;null;null;null;
2018/08/27 00:00:57;;;;0;0;0;
2018/08/27 00:00:58;0;0;0;;;;
2018/08/27 12:02:34;null;null;null;null;null;null;
2018/08/27 12:04:09;;;;0;0;0;
2018/08/27 12:04:09;0;0;0;;;;
2018/08/28 00:00:37;null;null;null;null;null;null;
2018/08/28 00:00:56;0;0;0;;;;
2018/08/28 00:00:57;;;;0;0;0;
2018/08/29 00:00:37;null;null;null;null;null;null;
2018/08/29 00:00:53;0;0;0;;;;
2018/08/29 00:00:54;;;;;;0;
2018/08/29 00:00:59;;;;0;0;;
2018/08/29 09:10:27;;null;;;;;
2018/08/29 10:32:55;;0;;;;;
2018/08/29 19:35:44;;276;;;;;
2018/08/29 20:03:11;;0;;;;;
2018/08/30 00:00:47;null;null;null;null;null;null;
2018/08/30 00:01:07;;;;0;0;0;
2018/08/30 00:01:08;0;0;0;;;;
2018/08/30 18:45:41;;;;;276;;
2018/08/30 19:12:23;;;;;0;;
2018/08/31 00:00:37;null;null;null;null;null;null;
2018/08/31 00:00:57;;;;0;0;0;
2018/08/31 00:00:57;0;0;0;;;;
2018/09/01 00:00:37;null;null;null;null;null;null;
2018/09/01 00:01:00;0;0;0;;;;
2018/09/01 00:01:04;;;;0;0;0;
2018/09/02 00:00:47;null;null;null;null;;;
2018/09/02 00:00:47;;;;;null;null;
2018/09/02 00:01:08;0;0;0;;;;
2018/09/02 00:01:08;;;;0;0;0;
2018/09/03 00:00:47;null;null;null;null;null;null;
2018/09/03 00:01:07;0;0;0;;;;
2018/09/03 00:01:08;;;;0;0;0;
2018/09/03 06:15:19;;;null;;;;
2018/09/03 06:19:39;;;0;;;;
2018/09/03 06:19:54;;;894;;;;
2018/09/03 06:19:59;;;0;;;;
2018/09/03 14:45:00;;181;;;;;
2018/09/03 14:51:07;;0;;;;;
2018/09/04 00:00:47;null;null;null;null;null;null;
2018/09/04 00:01:09;0;0;0;;;;
2018/09/04 00:01:11;;;;0;0;0;
2018/09/04 17:13:24;null;;;;;;
2018/09/04 17:13:26;;null;;;;;
2018/09/04 17:13:26;;;null;null;;;
2018/09/04 17:13:26;;;;;null;null;
2018/09/04 17:13:56;;;;0;0;0;
2018/09/04 17:13:57;0;0;0;;;;
2018/09/05 00:00:37;null;null;null;null;null;null;
2018/09/05 00:00:56;;;;0;0;0;
2018/09/05 00:00:57;0;0;0;;;;
2018/09/05 09:46:53;;;;276;;;
2018/09/05 10:13:25;;;;0;;;
2018/09/06 00:00:37;null;null;;;;;
2018/09/06 00:00:37;;;null;null;null;null;
2018/09/06 00:01:09;;;;0;0;0;
2018/09/06 00:01:10;0;0;0;;;;
2018/09/07 00:00:37;null;null;null;null;;;
2018/09/07 00:00:37;;;;;null;null;
2018/09/07 00:00:55;;;;0;0;0;
2018/09/07 00:01:00;0;0;0;;;;
2018/09/08 00:00:37;null;null;null;;;;
2018/09/08 00:00:37;;;;null;null;null;
2018/09/08 00:00:54;0;0;0;;;;
2018/09/08 00:00:56;;;;0;0;0;
2018/09/08 19:46:10;;;276;;;;
2018/09/08 20:12:42;;;0;;;;
2018/09/09 00:00:37;null;null;null;null;null;null;
2018/09/09 00:00:54;;;0;;;;
2018/09/09 00:00:57;;;;0;0;0;
2018/09/09 00:00:59;0;0;;;;;
2018/09/09 10:40:21;;276;;;;;
2018/09/09 11:07:13;;0;;;;;
2018/09/09 13:18:26;276;;;;;;
2018/09/09 13:45:33;0;;;;;;
2018/09/09 19:50:29;;276;;;;;
2018/09/09 20:18:16;;0;;;;;
2018/09/10 00:00:37;null;null;null;null;null;null;
2018/09/10 00:00:57;0;0;0;;;;
2018/09/10 00:00:58;;;;0;0;0;
2018/09/10 17:44:21;;;null;;;;
2018/09/10 17:48:42;;;0;;;;
2018/09/10 17:48:57;;;894;;;;
2018/09/10 17:49:02;;;341;;;;
2018/09/10 17:49:27;;;0;;;;
2018/09/10 18:04:11;356;;;;;;
2018/09/10 18:05:11;0;;;;;;
2018/09/11 00:00:47;null;null;null;null;null;null;
2018/09/11 00:01:05;0;0;0;;;;
2018/09/11 00:01:06;;;;0;0;0;
2018/09/11 10:16:22;null;null;null;null;null;null;
2018/09/11 10:22:11;0;0;0;;;;
2018/09/11 10:22:11;;;;0;0;0;
2018/09/11 16:42:10;null;null;null;null;null;null;
2018/09/11 17:29:40;0;0;;;;;
2018/09/11 17:29:40;;;0;0;0;0;
2018/09/11 17:48:52;null;null;null;null;null;null;
2018/09/11 18:29:52;0;0;;;;;
2018/09/11 18:29:52;;;0;0;0;0;
2018/09/12 00:00:37;null;null;null;null;null;null;
2018/09/12 00:00:56;;;;0;0;0;
2018/09/12 00:00:57;0;0;0;;;;
2018/09/13 00:00:47;null;null;null;null;null;null;
2018/09/13 00:01:05;;;;0;0;0;
2018/09/13 00:01:07;0;0;0;;;;
2018/09/14 00:00:37;null;null;null;null;null;null;
2018/09/14 00:00:55;;;;0;0;0;
2018/09/14 00:00:55;0;0;0;;;;
2018/09/14 20:37:33;null;null;null;null;null;null;
2018/09/14 20:44:40;0;0;0;;;;
2018/09/14 20:44:41;;;;0;0;0;
2018/09/15 00:00:37;null;null;;;;;
2018/09/15 00:00:37;;;null;null;null;null;
2018/09/15 00:00:55;;;;0;0;0;
2018/09/15 00:00:56;0;0;0;;;;
2018/09/15 14:51:37;;275;;;;;
2018/09/15 15:18:34;;0;;;;;
2018/09/15 17:12:35;275;;;;;;
2018/09/15 17:44:08;0;;;;;;
2018/09/16 00:00:37;null;null;null;null;null;null;
2018/09/16 00:00:56;;;;0;0;0;
2018/09/16 00:00:57;0;0;0;;;;
2018/09/16 11:43:24;;;;276;;;
2018/09/16 12:09:56;;;;0;;;
2018/09/17 00:00:37;null;null;null;null;null;null;
2018/09/17 00:00:55;0;0;0;;;;
2018/09/17 00:00:56;;;;0;0;0;
2018/09/17 14:43:19;;;;;;182;
2018/09/17 15:40:49;;;;;;0;
2018/09/18 00:00:37;null;null;null;null;null;null;
2018/09/18 00:00:59;0;0;0;;;;
2018/09/18 00:01:00;;;;0;0;0;
2018/09/18 07:08:36;;;;;;276;
2018/09/18 07:35:04;;;;;;0;
2018/09/18 14:12:37;null;null;null;null;null;null;
2018/09/18 14:13:05;0;0;0;;;;
2018/09/18 14:13:07;;;;0;0;0;
2018/09/19 00:00:38;null;null;null;null;null;null;
2018/09/19 00:00:58;;;;0;0;0;
2018/09/19 00:00:58;0;0;0;;;;
2018/09/19 07:22:52;null;;;;;;
2018/09/19 15:01:25;0;;;;;;
2018/09/20 00:00:47;null;null;null;null;null;null;
2018/09/20 00:01:07;;;;0;0;0;
2018/09/20 00:01:07;0;0;0;;;;
2018/09/20 07:22:48;;null;;;;;
2018/09/20 11:04:11;;;;0;;0;
2018/09/20 14:59:42;;0;;;;;
2018/09/20 16:17:40;0;;0;0;0;0;
2018/09/20 16:17:51;;0;;;;;
2018/09/20 17:34:54;0;0;0;0;0;0;
2018/09/20 17:38:37;null;null;null;null;null;null;
2018/09/20 17:38:56;;;;0;0;0;
2018/09/20 17:38:58;0;0;0;;;;
2018/09/21 00:00:47;null;null;null;null;null;null;
2018/09/21 00:01:22;0;0;0;;;;
2018/09/21 00:01:22;;;;0;0;0;
2018/09/21 07:23:27;;;null;;;;
2018/09/21 14:15:02;;;900;;;;
2018/09/21 14:27:30;;;0;;;;
2018/09/22 00:00:47;null;null;null;null;null;null;
2018/09/22 00:01:06;0;0;0;;;;
2018/09/22 00:01:08;;;;0;0;0;
2018/09/23 00:00:37;null;null;null;null;null;null;
2018/09/23 00:00:58;;;;0;0;0;
2018/09/23 00:01:00;0;0;0;;;;
2018/09/24 00:00:38;null;null;null;null;null;null;
2018/09/24 00:00:57;;;;0;0;0;
2018/09/24 00:00:57;0;0;0;;;;
2018/09/24 14:28:54;176;;;;;;
2018/09/24 14:32:05;0;;;;;;
2018/09/24 14:33:50;176;;;;;;
2018/09/24 14:35:15;144;;;;;;
2018/09/24 14:36:56;176;;;;;;
2018/09/24 14:37:26;0;;;;;;
2018/09/24 16:06:34;null;null;null;null;null;null;
2018/09/24 16:36:08;;0;0;0;0;0;
2018/09/24 16:36:09;0;;;;;;
2018/09/24 18:44:12;null;;;;;;
2018/09/24 18:48:33;30;;;;;;
2018/09/24 18:49:28;102;;;;;;
2018/09/24 19:48:12;37;;;;;;
2018/09/24 19:48:32;0;;;;;;
2018/09/24 22:21:18;102;;;;;;
2018/09/24 22:21:54;null;;;;;;
2018/09/24 22:26:15;107;;;;;;
2018/09/24 22:26:25;894;;;;;;
2018/09/24 22:26:30;107;;;;;;
2018/09/24 22:26:55;102;;;;;;
2018/09/24 23:47:44;null;;;;;;
2018/09/24 23:52:01;107;;;;;;
2018/09/24 23:52:16;894;;;;;;
2018/09/24 23:52:21;107;;;;;;
2018/09/24 23:52:36;102;;;;;;
2018/09/24 23:52:46;0;;;;;;
2018/09/25 00:00:47;null;null;null;null;null;null;
2018/09/25 00:01:03;0;0;0;;;;
2018/09/25 00:01:05;;;;0;0;0;
2018/09/25 02:49:30;312;;;;;;
2018/09/25 03:02:08;null;;;;;;
2018/09/25 03:06:30;30;;;;;;
2018/09/25 03:07:25;102;;;;;;
2018/09/25 07:12:34;null;;;;;;
2018/09/25 07:36:24;0;;;;;;
2018/09/25 10:08:59;0;0;0;;;;
2018/09/25 10:09:08;;;;0;0;0;
2018/09/25 11:05:20;0;0;;;;;
2018/09/25 11:05:20;;;0;;;;
2018/09/25 11:05:28;;;;0;0;0;
2018/09/25 13:01:49;0;0;0;;;;
2018/09/25 13:01:49;;;;0;;;
2018/09/25 13:01:49;;;;;0;0;
2018/09/25 14:14:16;;;;;356;;
2018/09/25 14:15:16;;;;;0;;
2018/09/25 15:21:38;37;;;;;;
2018/09/25 15:21:43;102;;;;;;
2018/09/25 15:22:13;null;;;;;;
2018/09/25 15:23:27;;;;;356;;
2018/09/25 15:24:32;;;;;0;;
2018/09/25 15:26:29;107;;;;;;
2018/09/25 15:27:14;102;;;;;;
2018/09/25 15:59:30;0;;;;;;
2018/09/25 16:00:25;309;;;;;;
2018/09/25 16:00:51;0;;;;;;
2018/09/25 16:32:05;;;;;356;;
2018/09/25 16:33:06;;;;;0;;
2018/09/25 21:05:49;;;338;;;;
2018/09/25 21:06:54;;;0;;;;
2018/09/25 23:32:33;;;159;;;;
2018/09/25 23:36:19;;;889;;;;
2018/09/26 00:00:37;null;null;null;null;null;null;
2018/09/26 00:00:54;;;;0;0;0;
2018/09/26 00:00:54;;0;889;;;;
2018/09/26 00:00:59;0;;;;;;
2018/09/26 00:06:05;;;;;144;;
2018/09/26 00:06:15;;;;;191;;
2018/09/26 00:07:15;;;;;144;;
2018/09/26 00:17:08;;;;144;;;
2018/09/26 01:32:56;;;;0;;;
2018/09/26 01:56:47;;;;;0;;
2018/09/26 02:09:50;;;;144;;;
2018/09/26 02:59:10;;;;0;;;
2018/09/26 03:31:35;;338;;;;;
2018/09/26 03:32:40;;0;;;;;
2018/09/26 03:39:47;;356;;;;;
2018/09/26 03:40:47;;0;;;;;
2018/09/26 04:24:45;;;;144;;;
2018/09/26 04:34:22;;;;0;;;
2018/09/26 07:07:52;;;;;180;;
2018/09/26 07:14:36;;;null;;;;
2018/09/26 07:15:11;null;;;;;;
2018/09/26 07:15:31;0;;;;;;
2018/09/26 07:32:33;;;;;0;;
2018/09/26 07:34:14;;;;;309;;
2018/09/26 07:34:54;;;;;0;;
2018/09/26 07:47:49;;;0;;;;
2018/09/26 09:15:45;;159;;;;;
2018/09/26 09:28:08;;889;;;;;
2018/09/26 09:55:56;0;;;;;;
2018/09/26 09:56:44;;;;0;;0;
2018/09/26 09:56:44;;;0;;0;;
2018/09/26 09:56:44;;889;;;;;
2018/09/26 10:17:54;;null;;;;;
2018/09/26 10:18:40;null;;null;;;;
2018/09/26 10:18:55;0;;0;;;;
2018/09/26 10:46:21;;0;;;;;
2018/09/26 12:15:50;;;;;;0;
2018/09/26 12:15:57;;;;0;;;
2018/09/26 12:15:57;;;;;0;;
2018/09/26 12:15:58;0;;0;;;;
2018/09/26 12:16:02;;0;;;;;
2018/09/26 12:49:51;;;;;;0;
2018/09/26 12:49:51;;;;0;0;;
2018/09/26 12:49:51;0;0;0;;;;
2018/09/26 13:00:33;;;;;356;;
2018/09/26 13:01:33;;;;;0;;
2018/09/26 15:30:17;;;;;356;;
2018/09/26 15:30:47;;;;;0;;
2018/09/26 15:35:53;;;;;338;;
2018/09/26 15:36:59;;;;;0;;
2018/09/26 15:59:39;;;;;180;;
2018/09/26 16:03:30;;;;;0;;
2018/09/26 16:18:22;;356;;;;;
2018/09/26 16:19:22;;83;;;;;
2018/09/26 16:19:32;;0;;;;;
2018/09/26 19:43:14;430;;;;;;
2018/09/26 19:44:14;0;;;;;;
2018/09/26 19:47:04;312;;;;;;
2018/09/26 19:59:37;0;;;;;;
2018/09/26 20:00:57;102;;;;;;
2018/09/26 20:01:32;null;;;;;;
2018/09/26 20:05:48;107;;;;;;
2018/09/26 20:06:13;894;;;;;;
2018/09/26 20:06:18;107;;;;;;
2018/09/26 20:06:39;102;;;;;;
2018/09/26 22:55:38;0;;;;;;
2018/09/26 22:56:09;309;;;;;;
2018/09/26 22:56:44;0;;;;;;
2018/09/27 00:00:47;null;null;null;null;null;null;
2018/09/27 00:01:05;;;;0;0;0;
2018/09/27 00:01:06;0;0;0;;;;
2018/09/27 00:10:48;;;;82;;;
2018/09/27 00:11:48;;;;0;;;
2018/09/27 02:22:58;312;;;;;;
2018/09/27 02:35:30;0;;;;;;
2018/09/27 02:40:31;312;;;;;;
2018/09/27 02:53:19;0;;;;;;
2018/09/27 02:58:11;312;;;;;;
2018/09/27 03:10:54;0;;;;;;
2018/09/27 03:15:45;312;;;;;;
2018/09/27 03:28:28;100;;;;;;
2018/09/27 08:10:09;0;;;;;;
2018/09/27 09:22:10;null;;;;;;
2018/09/27 11:41:08;0;;;;;;
2018/09/28 00:00:37;null;null;null;null;null;null;
2018/09/28 00:00:55;0;0;0;;;;
2018/09/28 00:00:57;;;;0;0;0;
2018/09/29 00:00:37;null;null;null;null;null;null;
2018/09/29 00:00:56;0;0;0;;;;
2018/09/29 00:00:57;;;;0;0;0;
2018/09/30 00:00:47;null;null;null;null;null;null;
2018/09/30 00:01:06;0;0;0;;;;
2018/09/30 00:01:08;;;;0;0;0;
2018/09/30 06:56:26;null;;null;;;;
2018/09/30 06:56:46;0;;;;;;
2018/09/30 07:00:47;;;0;;;;
2018/09/30 07:00:57;;;894;;;;
2018/09/30 07:01:02;;;341;;;;
2018/09/30 07:01:27;;;0;;;;
2018/09/30 14:22:37;;276;;;;;
2018/09/30 14:49:29;;0;;;;;
2018/10/01 00:00:37;null;null;null;null;null;null;
2018/10/01 00:00:57;0;0;0;;;;
2018/10/01 00:00:57;;;;0;0;0;
2018/10/02 00:00:37;null;null;null;null;null;null;
2018/10/02 00:00:57;0;0;0;;;;
2018/10/02 00:00:58;;;;0;0;0;
2018/10/02 07:26:10;;;;null;;;
2018/10/02 10:29:17;null;null;null;;;;
2018/10/02 10:29:18;;;;;null;null;
2018/10/02 12:19:02;;;;0;0;0;
2018/10/02 12:19:04;0;0;0;;;;
2018/10/03 00:00:38;null;null;null;null;null;null;
2018/10/03 00:00:58;0;0;0;;;;
2018/10/03 00:00:59;;;;0;0;0;
2018/10/03 17:33:15;null;null;null;null;null;null;
2018/10/03 17:54:22;0;;;;;;
2018/10/03 17:54:22;;0;0;0;0;0;
2018/10/04 00:00:47;null;null;null;null;null;null;
2018/10/04 00:01:06;0;0;0;;;;
2018/10/04 00:01:08;;;;0;0;0;
2018/10/04 02:47:40;;;;;186;;
2018/10/04 03:08:35;;;;;0;;
2018/10/04 03:11:55;;;;;186;;
2018/10/04 07:29:01;;;;;null;;
2018/10/04 11:07:45;null;null;null;null;;null;
2018/10/04 11:08:14;0;0;0;;;;
2018/10/04 11:08:14;;;;0;;0;
2018/10/04 14:58:12;;;;;0;;
2018/10/05 00:00:47;null;null;null;null;null;null;
2018/10/05 00:01:07;;;;0;0;0;
2018/10/05 00:01:08;0;0;0;;;;
2018/10/06 00:00:38;null;null;null;null;null;null;
2018/10/06 00:00:57;;;;0;0;0;
2018/10/06 00:00:59;0;0;0;;;;
2018/10/07 00:00:38;null;null;null;null;null;null;
2018/10/07 00:00:55;0;0;0;;;;
2018/10/07 00:00:59;;;;0;0;0;
2018/10/08 09:00:36;0;0;0;;;0;
2018/10/08 09:00:39;;;;0;;;
2018/10/08 09:22:12;;;;;;null;
2018/10/08 09:22:32;;;;;;0;
2018/10/08 09:40:41;;;;;0;;
2018/10/09 00:00:37;null;null;null;null;null;null;
2018/10/09 00:00:55;;;;0;0;0;
2018/10/09 00:00:55;0;0;0;;;;
2018/10/09 07:50:48;309;;;;;;
2018/10/09 07:50:50;;;;309;309;309;
2018/10/09 07:50:53;;309;309;;;;
2018/10/09 07:58:35;;315;;;;;
2018/10/09 07:58:37;;;;315;;;
2018/10/09 07:58:42;;;;;315;315;
2018/10/09 07:58:45;;182;;;;;
2018/10/09 07:58:55;;;null;;;;
2018/10/09 07:59:00;null;;;;;;
2018/10/09 07:59:02;;;;;;181;
2018/10/09 07:59:20;182;;;;;;
2018/10/09 07:59:37;;;;;null;null;
2018/10/09 07:59:45;null;;;;;;
2018/10/09 08:00:10;;null;;;;;
2018/10/09 08:00:12;;;;null;;;
2018/10/09 17:05:54;;182;;;;;
2018/10/09 17:06:39;;;894;;;;
2018/10/09 17:06:44;;;0;;;;
2018/10/09 17:06:49;;102;;;;;
2018/10/09 17:06:50;;;;;315;181;
2018/10/09 17:07:04;182;;;;;;
2018/10/09 17:07:20;;;;315;;;
2018/10/09 17:15:52;;;;0;;;
2018/10/09 17:15:57;;;;;181;;
2018/10/09 17:20:47;0;;;;;;
2018/10/09 17:21:17;309;;;;;;
2018/10/09 17:22:07;0;;;;;;
2018/10/09 17:22:09;;;;;0;;
2018/10/09 17:22:24;;;;;;0;
2018/10/09 17:23:38;;0;;;;;
2018/10/09 17:23:43;;102;;;;;
2018/10/09 17:25:18;;0;;;;;
2018/10/09 17:25:23;;102;;;;;
2018/10/09 17:38:32;;;;;182;;
2018/10/09 17:38:42;null;;null;;;;
2018/10/09 17:39:02;0;;;;;;
2018/10/09 17:41:48;;;;;0;;
2018/10/09 17:43:03;;;0;;;;
2018/10/09 17:43:18;;;894;;;;
2018/10/09 17:43:23;;;0;;;;
2018/10/09 17:57:57;;309;;;;;
2018/10/09 17:58:02;;102;;;;;
2018/10/09 18:00:07;;309;;;;;
2018/10/09 18:00:12;;102;;;;;
2018/10/09 18:17:42;;309;;;;;
2018/10/09 18:17:47;;102;;;;;
2018/10/09 18:45:48;;null;;;;;
2018/10/09 20:27:05;;0;;;;;
2018/10/10 00:00:37;null;null;null;null;null;null;
2018/10/10 00:00:54;0;0;0;;;;
2018/10/10 00:00:55;;;;0;0;0;
2018/10/10 08:11:26;;;;309;309;309;
2018/10/10 08:11:28;309;309;309;;;;
2018/10/10 08:14:39;;;null;;;;
2018/10/10 08:14:59;;;309;;;;
2018/10/10 08:15:19;;315;;;;;
2018/10/10 08:15:22;;;;315;;315;
2018/10/10 08:15:24;null;;;;;;
2018/10/10 08:15:27;;;;;315;;
2018/10/10 08:15:29;;;null;;;;
2018/10/10 08:16:28;;;;;;null;
2018/10/10 08:16:34;;null;;;;;
2018/10/10 08:16:48;;;;null;null;;
2018/10/10 15:44:21;315;;309;;;;
2018/10/10 15:44:51;;;0;;;;
2018/10/10 15:45:03;;;;;;315;
2018/10/10 15:45:21;;315;;;;;
2018/10/10 15:45:28;;;;315;;;
2018/10/10 15:45:43;;;;;315;;
2018/10/10 15:49:18;0;;;;;;
2018/10/10 15:49:24;;;;0;;;
2018/10/10 15:49:28;;0;;;;;
2018/10/10 15:49:29;;;;;0;0;
2018/10/10 16:00:20;;;83;;;;
2018/10/10 16:01:21;;;0;;;;
2018/10/10 16:01:31;;;81;;;;
2018/10/10 16:02:31;;;0;;;;
2018/10/10 16:02:41;;;85;;;;
2018/10/10 16:03:41;;;0;;;;
2018/10/10 16:08:02;null;;;;;;
2018/10/10 16:08:17;0;;;;;;
2018/10/10 18:49:47;;;276;;;;
2018/10/10 19:16:23;;;0;;;;
2018/10/11 00:00:47;null;null;null;null;null;null;
2018/10/11 00:01:05;0;0;0;;;;
2018/10/11 00:01:06;;;;0;0;0;
2018/10/11 07:53:15;;;;309;309;;
2018/10/11 07:53:16;309;309;309;;;;
2018/10/11 07:53:20;;;;;;309;
2018/10/11 08:02:48;;315;;;;;
2018/10/11 08:02:52;;;;315;315;315;
2018/10/11 08:02:58;null;;null;;;;
2018/10/11 08:03:58;;;;null;;;
2018/10/11 08:03:58;;null;;;;;
2018/10/11 08:04:08;;;;;null;null;
2018/10/11 16:00:29;;;309;;;;
2018/10/11 16:00:36;;;;315;;;
2018/10/11 16:00:39;315;;;;;;
2018/10/11 16:00:44;;315;894;;;;
2018/10/11 16:00:49;;;0;;;;
2018/10/11 16:01:01;;;;;315;315;
2018/10/11 16:05:02;;;;0;0;;
2018/10/11 16:05:05;0;0;;;;;
2018/10/11 16:05:07;;;;;;0;
2018/10/11 16:05:50;893;893;;;;;
2018/10/11 16:08:05;0;;;;;;
2018/10/11 16:08:25;;0;;;;;
2018/10/12 00:00:37;null;null;null;null;null;null;
2018/10/12 00:00:57;;;;0;0;0;
2018/10/12 00:00:57;0;0;0;;;;
2018/10/12 08:17:45;309;309;;;;;
2018/10/12 08:17:50;;;309;;;;
2018/10/12 08:18:02;;;;309;309;309;
2018/10/12 08:22:51;;315;;;;;
2018/10/12 08:23:03;;;;315;315;315;
2018/10/12 08:23:06;null;;;;;;
2018/10/12 08:23:11;;;null;;;;
2018/10/12 08:23:36;315;;;;;;
2018/10/12 08:24:11;null;null;;;;;
2018/10/12 08:24:13;;;;null;;null;
2018/10/12 08:24:18;;;;;null;;
2018/10/12 11:01:50;315;315;0;;;;
2018/10/12 11:01:50;;;;315;315;315;
2018/10/12 11:02:55;0;0;;;;;
2018/10/12 11:03:00;;;;0;0;0;
2018/10/13 00:00:47;null;null;null;null;null;null;
2018/10/13 00:01:08;;;;0;0;0;
2018/10/13 00:01:08;0;0;0;;;;
2018/10/14 00:00:37;null;null;null;null;null;null;
2018/10/14 00:00:58;0;0;0;;;;
2018/10/14 00:01:00;;;;0;0;0;
2018/10/15 00:00:47;null;null;null;null;;;
2018/10/15 00:00:47;;;;;null;null;
2018/10/15 00:01:05;0;0;0;;;;
2018/10/15 00:01:06;;;;0;0;0;
2018/10/16 00:00:47;null;null;null;null;null;null;
2018/10/16 00:01:06;0;0;0;;;;
2018/10/16 00:01:07;;;;0;0;0;
2018/10/16 10:25:33;null;;;;;;
2018/10/16 14:02:03;0;;;;;;
2018/10/17 00:00:47;null;null;null;null;null;null;
2018/10/17 00:01:04;;;;0;0;0;
2018/10/17 00:01:04;;;0;;;;
2018/10/17 00:01:09;0;0;;;;;
2018/10/17 07:20:57;null;;;;;;
2018/10/17 13:59:14;;;;;null;;
2018/10/17 14:38:20;0;;;;;;
2018/10/17 16:41:36;;;;;0;;
2018/10/17 17:23:17;;;;0;;;
2018/10/17 17:23:17;;;0;;;0;
2018/10/17 17:23:27;;0;;;;;
2018/10/17 17:23:27;0;;;;;;
2018/10/17 17:23:28;;;;;0;;
2018/10/17 17:48:00;;;0;0;;0;
2018/10/17 17:48:06;;0;;;;;
2018/10/17 17:48:09;0;;;;;;
2018/10/17 17:48:09;;;;;0;;
2018/10/17 18:35:22;;;;0;;;
2018/10/17 18:35:22;;;0;;;0;
2018/10/17 18:35:29;;0;;;;;
2018/10/17 18:35:29;0;;;;;;
2018/10/17 18:35:29;;;;;0;;
2018/10/18 00:00:37;null;null;null;null;null;null;
2018/10/18 00:00:56;;;;0;0;0;
2018/10/18 00:00:57;0;0;0;;;;
2018/10/18 07:28:31;;null;;;;;
2018/10/18 09:26:20;;0;;;;;
2018/10/18 09:28:13;;;;202;;;
2018/10/18 09:28:23;;;;916;;;
2018/10/18 09:29:28;;;;null;;;
2018/10/19 00:00:47;null;null;null;;null;null;
2018/10/19 00:01:06;;;;;0;0;
2018/10/19 00:01:07;0;0;0;;;;
2018/10/20 00:00:47;null;null;null;;null;null;
2018/10/20 00:01:15;;;;;0;0;
2018/10/20 00:01:19;0;0;0;;;;
2018/10/20 12:43:53;;;;;899;899;
2018/10/20 12:43:58;;;;;;916;
2018/10/20 12:44:03;;;;;916;;
2018/10/20 12:45:08;;;;;null;null;
2018/10/20 15:12:46;;;;;0;;
2018/10/20 15:15:07;;;;;;0;
2018/10/20 15:25:19;;;;0;;;
2018/10/21 00:00:37;null;null;null;null;null;null;
2018/10/21 00:00:57;0;0;0;;;;
2018/10/21 00:00:58;;;;0;0;0;
2018/10/21 18:59:03;null;null;null;null;null;null;
2018/10/21 19:02:38;0;0;0;0;0;0;
2018/10/22 00:00:47;null;null;null;null;null;;
2018/10/22 00:00:47;;;;;;null;
2018/10/22 00:01:05;0;0;0;;;;
2018/10/22 00:01:05;;;;0;0;0;
2018/10/22 08:30:00;;;;;356;;
2018/10/22 08:31:05;;;;;0;;
2018/10/22 15:49:49;;;;;356;;
2018/10/22 15:50:49;;;;;0;;
2018/10/22 18:50:19;;356;;;;;
2018/10/22 18:51:15;;0;;;;;
2018/10/22 19:00:22;;;338;;;;
2018/10/22 19:01:28;;;0;;;;
2018/10/22 19:34:40;;338;;;;;
2018/10/22 19:35:40;;0;;;;;
2018/10/22 20:18:35;356;;;;;;
2018/10/22 20:19:35;0;;;;;;
2018/10/22 20:19:45;312;;;;;;
2018/10/22 20:31:53;0;;;;;;
2018/10/22 20:38:24;;;356;;;;
2018/10/22 20:39:20;;;83;;;;
2018/10/22 20:39:30;;;0;;;;
2018/10/22 20:50:17;;356;;;;;
2018/10/22 20:50:19;;;;;356;;
2018/10/22 20:51:17;;0;;;;;
2018/10/22 20:51:24;;;;;0;;
2018/10/22 20:58:47;;;;;356;;
2018/10/22 20:59:47;;;;;0;;
2018/10/22 21:24:59;;;153;;;;
2018/10/22 21:25:55;;;0;;;;
2018/10/22 21:54:04;;;;;356;;
2018/10/22 21:55:04;;;;;0;;
2018/10/22 22:17:55;;;;;180;;
2018/10/22 22:55:53;;;;;;356;
2018/10/22 22:56:53;;;;;;0;
2018/10/22 23:00:14;;;;;;929;
2018/10/22 23:26:41;;;;;0;;
2018/10/22 23:27:06;;;;;;0;
2018/10/22 23:36:03;;;;;356;;
2018/10/22 23:37:04;;;;;0;;
2018/10/23 00:00:37;null;null;null;null;null;null;
2018/10/23 00:00:54;0;;0;;;;
2018/10/23 00:00:55;;;;0;0;0;
2018/10/23 00:00:59;;0;;;;;
2018/10/23 00:28:27;;;;;;356;
2018/10/23 00:29:27;;;;;;0;
2018/10/23 00:35:19;;;;;356;;
2018/10/23 00:36:14;;;;;0;;
2018/10/23 01:52:23;;;;;356;;
2018/10/23 01:53:23;;;;;191;;
2018/10/23 01:53:33;;;;;0;;
2018/10/23 02:05:31;;;;;356;;
2018/10/23 02:06:31;;;;;0;;
2018/10/23 06:16:52;;144;;;;;
2018/10/23 06:17:47;144;;;;;;
2018/10/23 06:21:52;;;144;;;;
2018/10/23 06:44:28;;;;;186;;
2018/10/23 06:56:40;;;0;;;;
2018/10/23 06:59:11;;0;;;;;
2018/10/23 07:02:02;0;;;;;;
2018/10/23 07:05:43;;;356;;;;
2018/10/23 07:06:43;;;0;;;;
2018/10/23 07:17:35;;338;;;;;
2018/10/23 07:18:35;;0;;;;;
2018/10/23 10:44:00;;;;;null;;
2018/10/23 16:17:06;;;null;;;;
2018/10/23 16:29:14;;;0;;;;
2018/10/23 17:37:57;;;;;0;;
2018/10/24 00:00:37;null;null;null;null;null;null;
2018/10/24 00:01:00;;;;0;0;0;
2018/10/24 00:01:01;0;0;0;;;;
2018/10/24 07:22:03;;null;;;;;
2018/10/24 07:44:16;;;;309;309;;
2018/10/24 07:44:21;;;;;;309;
2018/10/24 07:45:03;309;;309;;;;
2018/10/24 07:59:56;;900;;;;;
2018/10/24 08:00:46;;309;;;;;
2018/10/24 08:01:51;;315;;;;;
2018/10/24 08:01:55;;;;;315;315;
2018/10/24 08:02:12;null;;null;;;;
2018/10/24 08:02:20;;;;null;;;
2018/10/24 08:02:27;315;;;;;;
2018/10/24 08:02:57;null;null;;;;;
2018/10/24 08:03:10;;;;;null;;
2018/10/24 08:03:20;;;;;;null;
2018/10/24 14:36:42;;;309;;;;
2018/10/24 14:36:45;;;;0;;;
2018/10/24 14:36:47;;;894;;;;
2018/10/24 14:36:52;;;0;;;;
2018/10/24 14:37:27;315;315;;;;;
2018/10/24 14:37:45;;;;;315;;
2018/10/24 14:37:55;;;;;;315;
2018/10/24 14:38:02;0;;;;;;
2018/10/24 14:38:05;;;;;0;0;
2018/10/24 14:38:07;;0;;;;;
2018/10/24 14:55:39;;;;;;276;
2018/10/24 15:22:01;;;;;;0;
2018/10/25 00:00:47;null;null;null;null;null;null;
2018/10/25 00:01:16;0;0;0;;;;
2018/10/25 00:01:20;;;;0;0;0;
2018/10/25 11:53:08;0;0;0;0;0;;
2018/10/25 11:53:08;;;;;;0;
2018/10/25 12:38:28;;276;;;;;
2018/10/25 12:53:03;0;;;;;;
2018/10/25 12:53:03;;;0;0;0;0;
2018/10/25 12:53:20;;276;;;;;
2018/10/25 13:05:19;;0;;;;;
2018/10/26 00:00:37;null;null;null;null;null;null;
2018/10/26 00:00:57;0;0;0;;;;
2018/10/26 00:00:59;;;;0;;0;
2018/10/26 00:01:04;;;;;0;;
2018/10/26 07:24:54;;null;;;;;
2018/10/26 13:56:40;;0;;;;;
2018/10/27 11:08:29;312;;;;;;
2018/10/27 11:20:55;0;;;;;;
2018/10/27 11:24:31;312;;;;;;
2018/10/27 11:35:58;0;;;;;;
2018/10/27 11:39:31;312;;;;;;
2018/10/27 11:42:02;0;;;;;;
2018/10/27 11:44:36;312;;;;;;
2018/10/27 11:56:38;0;;;;;;
2018/10/27 11:59:23;312;;;;;;
2018/10/27 12:10:52;100;;;;;;
2018/10/27 15:40:50;null;;;;;;
2018/10/27 16:25:50;0;;;;;;
2018/10/27 18:25:34;null;null;null;null;null;null;
2018/10/27 18:49:37;;0;0;;;;
2018/10/27 18:49:37;;;;0;;0;
2018/10/27 18:49:51;0;;;;;;
2018/10/27 18:51:54;;;;;0;;
2018/10/27 19:03:06;;;;;837;;
2018/10/27 19:05:07;;;;;0;;
2018/10/27 19:06:09;;;;;727;;
2018/10/27 19:08:31;;;;;328;;
2018/10/27 19:10:43;;;;;336;;
2018/10/27 19:10:46;;;;;0;;
2018/10/27 19:13:20;;;;;725;;
2018/10/27 19:14:07;;;;;0;;
2018/10/27 19:17:22;;;;;328;;
2018/10/27 19:19:29;;;;;333;;
2018/10/27 19:21:33;;;;;100;;
2018/10/27 19:55:11;;;;;0;;
2018/10/27 19:58:54;;;;;100;;
2018/10/27 19:58:59;;;;;725;;
2018/10/27 23:18:55;;;;;309;;
2018/10/28 11:25:13;;;null;;;;
2018/10/28 11:29:16;;;0;;;;
2018/10/28 13:35:39;;;;;null;;
2018/10/29 09:03:19;0;0;0;0;;0;
2018/10/29 13:55:03;;;;144;;;
2018/10/29 13:55:53;;;;;;338;
2018/10/29 13:56:53;;;;;;0;
2018/10/29 14:11:17;;;;0;;;
2018/10/29 14:17:43;;;;144;;;
2018/10/29 14:33:42;;;;;;338;
2018/10/29 14:34:47;;;;;;0;
2018/10/29 14:37:05;null;null;null;null;;null;
2018/10/29 14:40:40;;;;null;;;
2018/10/29 14:40:43;0;326;144;;;;
2018/10/29 14:40:44;;;;;;0;
2018/10/29 14:40:49;;;;144;;;
2018/10/29 14:49:40;;0;;;;;
2018/10/29 14:52:35;;144;;;;;
2018/10/29 14:57:28;;;;891;;;
2018/10/29 15:02:40;;;;144;;;
2018/10/29 15:03:35;;;;0;;;
2018/10/29 15:05:09;;0;;;;;
2018/10/29 15:07:50;;725;;;;;
2018/10/29 15:07:51;;;;;;725;
2018/10/29 15:08:10;null;;null;;;;
2018/10/29 15:08:21;;;;null;;;
2018/10/29 15:08:55;0;0;;;;;
2018/10/29 15:09:11;;;;;;0;
2018/10/29 15:12:31;;;144;;;;
2018/10/29 15:12:51;;;894;;;;
2018/10/29 15:12:56;;;144;;;;
2018/10/29 15:13:21;;;0;;;;
2018/10/29 16:08:10;null;;;;;;
2018/10/29 16:08:15;;;null;;;;
2018/10/29 16:08:30;0;;;;;;
2018/10/29 16:12:36;;;0;;;;
2018/10/29 16:12:51;;;894;;;;
2018/10/29 16:12:56;;;341;;;;
2018/10/29 16:13:21;;;0;;;;
2018/10/29 16:33:56;;;null;;;;
2018/10/29 16:38:17;;;0;;;;
2018/10/29 16:38:32;;;894;;;;
2018/10/29 16:38:37;;;341;;;;
2018/10/29 16:39:02;;;0;;;;
2018/10/29 16:53:07;null;null;null;;;null;
2018/10/29 18:12:39;;;;37;;0;
2018/10/29 18:12:42;0;0;0;;;;
2018/10/29 18:45:22;;;;0;;;
2018/10/29 20:20:30;null;null;null;null;;null;
2018/10/29 20:54:30;0;0;;;;0;
2018/10/29 20:54:30;;;0;;;;
2018/10/29 20:54:32;;;;0;;;
2018/10/30 00:00:37;null;null;null;null;;null;
2018/10/30 00:00:56;;;;0;;0;
2018/10/30 00:00:57;0;0;0;;;;
2018/10/30 02:42:35;null;null;null;null;;null;
2018/10/30 12:23:38;0;;;0;;0;
2018/10/30 12:23:38;;0;0;;;;
2018/10/30 15:12:22;null;null;null;null;;null;
2018/10/30 15:22:50;;;;0;;0;
2018/10/30 15:22:50;0;0;0;;;;
2018/10/30 18:49:27;null;null;null;null;;null;
2018/10/31 10:31:21;0;0;;0;;0;
2018/10/31 10:38:13;null;null;;null;;null;
2018/10/31 10:49:17;0;0;;0;;0;
2018/10/31 11:28:15;null;null;;;;;
2018/10/31 11:28:15;;;;null;;null;
2018/10/31 11:31:55;0;0;;;;;
2018/10/31 11:31:56;;;;0;;0;
2018/10/31 11:37:16;;276;;;;;
2018/10/31 11:51:06;null;null;;null;;null;
2018/10/31 12:54:11;0;;;;;;
2018/10/31 12:54:12;;;;0;;0;
2018/10/31 12:54:14;;0;;;;;
2018/10/31 13:31:02;;;0;;;;
2018/11/01 00:00:37;null;null;null;null;;null;
2018/11/01 00:00:58;0;0;0;;;;
2018/11/01 00:01:04;;;;0;;0;
2018/11/01 11:14:47;;;;;0;;
2018/11/02 00:00:37;null;null;null;null;null;null;
2018/11/02 00:01:00;;;;0;0;0;
2018/11/02 00:01:04;0;0;0;;;;
2018/11/02 05:02:11;276;;;;;;
2018/11/02 05:29:21;0;;;;;;
2018/11/02 05:44:11;;;;;;276;
2018/11/02 05:47:40;;276;;;;;
2018/11/02 06:10:37;;;;;;0;
2018/11/02 06:14:37;;0;;;;;
2018/11/02 12:11:39;;;276;;;;
2018/11/02 12:38:11;;;0;;;;
2018/11/02 20:56:41;null;null;null;null;null;null;
2018/11/02 20:57:40;;;;0;0;;
2018/11/02 20:57:40;0;0;0;;;0;
2018/11/03 00:00:37;null;null;null;null;null;null;
2018/11/03 00:00:55;0;0;0;;;;
2018/11/03 00:00:58;;;;0;0;0;
2018/11/04 00:00:37;null;null;null;null;null;null;
2018/11/04 00:00:56;;;;0;0;0;
2018/11/04 00:00:59;0;0;0;;;;
2018/11/04 16:05:01;;;;276;;;
2018/11/04 16:31:39;;;;0;;;
2018/11/04 19:50:41;276;;;;;;
2018/11/04 20:18:13;0;;;;;;
2018/11/04 22:15:49;;;;;;276;
2018/11/04 22:42:16;;;;;;0;
2018/11/05 00:00:37;null;null;null;null;null;null;
2018/11/05 00:00:56;;;;0;0;0;
2018/11/05 00:00:57;0;0;0;;;;
2018/11/05 06:31:00;;276;;;;;
2018/11/05 06:57:51;;0;;;;;
2018/11/06 00:00:37;null;null;null;null;null;null;
2018/11/06 00:00:59;;;;0;0;0;
2018/11/06 00:01:04;0;0;0;;;;
2018/11/07 00:00:47;null;null;null;null;;;
2018/11/07 00:00:47;;;;;null;null;
2018/11/07 00:01:06;0;0;0;;;;
2018/11/07 00:01:08;;;;0;0;0;
2018/11/08 00:00:37;null;null;null;null;null;null;
2018/11/08 00:00:56;;;;0;0;0;
2018/11/08 00:00:59;0;0;0;;;;
2018/11/09 00:00:37;null;null;null;null;;;
2018/11/09 00:00:37;;;;;null;null;
2018/11/09 00:00:57;0;0;0;;;;
2018/11/09 00:00:58;;;;0;0;0;
2018/11/09 10:49:38;0;0;0;;;;
2018/11/09 10:49:39;;;;0;0;0;
2018/11/09 10:53:14;0;0;0;;;;
2018/11/09 10:53:15;;;;0;0;0;
2018/11/10 00:00:37;null;null;null;null;null;null;
2018/11/10 00:00:57;;;;0;0;0;
2018/11/10 00:00:57;0;0;0;;;;
2018/11/10 02:32:09;;;;276;;;
2018/11/10 02:58:36;;;;0;;;
2018/11/10 12:21:13;;;;;276;;
2018/11/10 12:48:00;;;;;0;;
2018/11/11 00:00:37;null;null;null;null;null;null;
2018/11/11 00:00:59;0;0;0;;;;
2018/11/11 00:01:01;;;;0;0;0;
2018/11/12 00:00:37;null;null;null;null;null;null;
2018/11/12 00:00:57;0;0;0;;;;
2018/11/12 00:00:58;;;;0;0;0;
2018/11/12 07:12:27;;;null;;;;
2018/11/12 07:16:48;;;0;;;;
2018/11/12 07:16:58;;;894;;;;
2018/11/12 07:17:08;;;0;;;;
2018/11/13 00:00:37;null;null;null;null;null;null;
2018/11/13 00:00:55;;;;0;0;0;
2018/11/13 00:00:55;0;0;0;;;;
2018/11/13 09:33:39;null;null;null;null;null;null;
2018/11/13 09:51:14;0;;;0;0;0;
2018/11/13 09:51:14;;0;0;;;;
2018/11/14 00:00:47;null;null;null;null;null;null;
2018/11/14 00:01:15;0;0;0;;;;
2018/11/14 00:01:16;;;;0;0;0;
2018/11/14 03:37:48;;;214;;;;
2018/11/14 03:48:35;;;0;;;;
2018/11/14 07:31:25;;;null;;;;
2018/11/14 10:09:10;;;0;;;;
2018/11/15 00:00:38;null;null;null;null;null;null;
2018/11/15 00:01:02;0;0;0;;;;
2018/11/15 00:01:04;;;;0;0;0;
2018/11/16 00:00:37;null;null;null;null;null;null;
2018/11/16 00:00:56;;;;0;0;0;
2018/11/16 00:00:58;0;0;0;;;;
2018/11/16 04:14:59;;;;;338;;
2018/11/16 04:15:59;;;;;0;;
2018/11/17 00:00:37;null;null;null;null;null;null;
2018/11/17 00:00:57;;;;0;0;0;
2018/11/17 00:00:57;0;0;0;;;;
2018/11/18 00:00:37;null;null;null;null;null;null;
2018/11/18 00:00:55;;;;0;0;0;
2018/11/18 00:00:55;0;0;0;;;;
2018/11/19 00:00:47;null;null;null;null;null;null;
2018/11/19 00:01:04;0;0;0;;;;
2018/11/19 00:01:07;;;;0;0;0;
2018/11/19 04:18:01;;;;;;276;
2018/11/19 04:44:28;;;;;;0;
2018/11/20 00:00:47;null;null;null;null;null;null;
2018/11/20 00:01:05;;;;0;0;0;
2018/11/20 00:01:06;0;0;276;;;;
2018/11/20 00:27:02;;;0;;;;
2018/11/20 00:39:55;;;;;276;;
2018/11/20 01:06:42;;;;;0;;
2018/11/21 00:00:37;null;null;null;null;null;null;
2018/11/21 00:00:55;0;0;0;;;;
2018/11/21 00:00:58;;;;0;0;0;
2018/11/21 08:04:06;;;;null;;;
2018/11/21 15:09:47;;;;0;;;
2018/11/22 00:00:47;null;null;null;null;null;null;
2018/11/22 00:01:04;0;0;0;;;;
2018/11/22 00:01:05;;;;0;0;0;
2018/11/22 10:18:27;null;null;null;null;null;null;
2018/11/22 10:53:08;0;0;0;;;;
2018/11/22 10:53:08;;;;0;0;0;
2018/11/23 00:00:37;null;null;null;null;null;null;
2018/11/23 00:01:04;0;0;0;;;;
2018/11/23 00:01:07;;;;0;0;0;
2018/11/23 07:26:01;;;;;null;;
2018/11/23 14:50:26;;;;;0;;
2018/11/24 00:00:37;null;null;null;null;null;null;
2018/11/24 00:00:59;0;0;0;;;;
2018/11/24 00:00:59;;;;;;0;
2018/11/24 00:01:04;;;;0;0;;
2018/11/25 00:00:37;null;null;null;null;null;null;
2018/11/25 00:00:55;0;0;0;;;;
2018/11/25 00:00:56;;;;0;0;0;
2018/11/26 00:00:47;null;null;null;null;null;null;
2018/11/26 00:01:09;;;;;0;0;
2018/11/26 00:01:11;0;0;0;;;;
2018/11/26 00:01:14;;;;0;;;
2018/11/26 09:27:11;null;null;null;null;null;null;
2018/11/26 09:28:44;;;;;0;0;
2018/11/26 09:28:44;0;0;0;0;;;
2018/11/27 00:00:37;null;null;null;null;null;null;
2018/11/27 00:00:55;0;0;0;;;;
2018/11/27 00:00:56;;;;0;0;0;
2018/11/27 12:37:19;;;null;;;;
2018/11/27 13:43:20;;;0;;;;
2018/11/28 00:00:37;null;null;null;null;null;null;
2018/11/28 00:00:57;;;;0;0;0;
2018/11/28 00:00:59;0;0;0;;;;
2018/11/28 12:28:00;;;;;356;;
2018/11/28 12:29:00;;;;;0;;
2018/11/28 14:32:30;null;null;null;null;null;null;
2018/11/28 14:48:02;;;;0;;0;
2018/11/28 14:48:03;0;0;0;;;;
2018/11/28 14:48:04;;;;;0;;
2018/11/29 00:00:47;null;null;null;null;null;null;
2018/11/29 00:01:06;0;0;0;;;;
2018/11/29 00:01:08;;;;0;0;0;
2018/11/30 00:00:37;null;null;null;null;null;null;
2018/11/30 00:00:57;0;0;0;;;;
2018/11/30 00:00:57;;;;0;0;0;
2018/11/30 02:38:41;;;;;;276;
2018/11/30 03:05:08;;;;;;0;
2018/12/01 00:00:37;null;null;null;null;null;null;
2018/12/01 00:00:56;0;0;0;;;;
2018/12/01 00:00:57;;;;0;0;0;
2018/12/02 00:00:37;null;null;null;null;null;null;
2018/12/02 00:00:54;0;0;0;;;;
2018/12/02 00:00:55;;;;0;0;0;
2018/12/03 00:00:37;null;null;null;null;null;null;
2018/12/03 00:00:56;0;0;0;;;;
2018/12/03 00:00:57;;;;0;0;0;
2018/12/04 00:00:47;null;null;null;null;null;null;
2018/12/04 00:01:05;;;;0;0;0;
2018/12/04 00:01:06;0;0;0;;;;
2018/12/04 15:32:44;null;null;null;null;null;null;
2018/12/04 16:31:16;0;0;0;0;0;0;
2018/12/05 00:00:46;null;null;null;null;null;null;
2018/12/05 00:01:04;;;;0;0;0;
2018/12/05 00:01:05;0;0;0;;;;
2018/12/06 00:00:37;null;null;null;null;null;null;
2018/12/06 00:00:56;;;;0;0;0;
2018/12/06 00:00:57;0;0;0;;;;
2018/12/06 07:29:45;;;;;;null;
2018/12/06 14:33:00;;;;;;900;
2018/12/06 14:39:57;;;;;;0;
2018/12/07 00:00:47;null;null;null;null;null;null;
2018/12/07 00:01:05;;;;0;0;0;
2018/12/07 00:01:07;0;0;0;;;;
2018/12/08 00:00:47;null;null;null;null;null;null;
2018/12/08 00:01:08;;;;0;0;0;
2018/12/08 00:01:09;0;0;0;;;;
2018/12/09 00:00:47;null;null;null;null;null;null;
2018/12/09 00:01:13;;;;0;0;0;
2018/12/09 00:01:14;0;0;0;;;;
2018/12/10 00:00:37;null;null;null;null;null;null;
2018/12/10 00:00:56;0;0;0;;;;
2018/12/10 00:00:58;;;;0;0;0;
2018/12/10 14:47:21;;356;;;;;
2018/12/10 14:48:21;;191;;;;;
2018/12/10 14:48:26;;0;;;;;
2018/12/11 00:00:47;null;null;null;null;null;null;
2018/12/11 00:01:05;0;0;0;;;;
2018/12/11 00:01:06;;;;0;0;0;
2018/12/11 09:00:24;;275;;;;;
2018/12/11 09:27:06;;0;;;;;
2018/12/11 17:14:55;null;null;null;null;null;null;
2018/12/11 17:16:56;0;;0;0;0;0;
2018/12/11 17:16:57;;0;;;;;
2018/12/11 18:18:28;null;null;null;null;null;null;
2018/12/11 18:30:59;0;;0;0;0;;
2018/12/11 18:30:59;;;;;;0;
2018/12/11 18:30:59;;0;;;;;
2018/12/11 18:33:39;null;null;null;null;null;null;
2018/12/11 19:31:30;0;;0;0;0;0;
2018/12/11 19:31:30;;0;;;;;
2018/12/11 20:17:26;null;null;null;null;null;null;
2018/12/11 20:31:32;0;;0;0;0;0;
2018/12/11 20:31:32;;0;;;;;
2018/12/11 21:13:11;null;null;null;null;null;null;
2018/12/11 21:16:21;0;;0;0;0;0;
2018/12/11 21:16:21;;0;;;;;
2018/12/11 21:22:39;null;null;null;null;null;null;
2018/12/11 21:26:46;0;;0;0;0;;
2018/12/11 21:26:46;;;;;;0;
2018/12/11 21:26:46;;0;;;;;
2018/12/11 21:29:13;null;null;null;null;null;null;
2018/12/11 21:36:15;0;;0;0;0;;
2018/12/11 21:36:15;;;;;;0;
2018/12/11 21:36:16;;0;;;;;
2018/12/11 21:39:42;null;null;null;null;null;null;
2018/12/11 21:43:41;0;;0;0;0;;
2018/12/11 21:43:44;;0;;;;0;
2018/12/11 21:47:25;null;null;null;null;null;null;
2018/12/11 22:58:29;0;;0;0;0;0;
2018/12/11 22:58:34;;0;;;;;
2018/12/11 23:03:52;null;null;null;null;null;null;
2018/12/11 23:06:25;0;;0;0;0;;
2018/12/11 23:06:26;;;;;;0;
2018/12/11 23:06:26;;0;;;;;
2018/12/12 00:00:37;null;null;;;;;
2018/12/12 00:00:37;;;null;null;null;null;
2018/12/12 00:00:55;0;0;0;;;;
2018/12/12 00:01:00;;;;0;0;0;
2018/12/12 00:02:53;;;;0;0;0;
2018/12/12 15:07:02;276;;;;;;
2018/12/12 15:35:53;0;;;;;;
2018/12/12 16:58:31;null;null;null;null;null;null;
2018/12/12 17:56:03;;0;;;;;
2018/12/12 17:56:05;;;0;;;;
2018/12/12 17:56:06;;;;0;0;0;
2018/12/12 17:56:07;0;;;;;;
2018/12/12 18:15:47;null;null;null;null;null;null;
2018/12/12 18:21:01;;0;;;;;
2018/12/12 18:21:04;;;0;;;;
2018/12/12 18:21:04;;;;0;0;0;
2018/12/12 18:21:09;0;;;;;;
2018/12/12 18:27:44;null;null;null;null;null;null;
2018/12/12 18:34:11;;0;;;;;
2018/12/12 18:34:13;;;0;;;;
2018/12/12 18:34:13;;;;0;0;0;
2018/12/12 18:34:15;0;;;;;;
2018/12/12 23:44:30;null;null;null;null;null;null;
2018/12/12 23:45:56;;0;;;;;
2018/12/12 23:45:58;;;0;;;;
2018/12/12 23:45:58;;;;0;0;0;
2018/12/12 23:45:58;0;;;;;;
2018/12/13 00:00:37;null;null;null;null;null;null;
2018/12/13 00:00:55;;;;0;0;0;
2018/12/13 00:00:56;0;0;0;;;;
2018/12/14 00:00:37;null;null;null;null;null;null;
2018/12/14 00:01:00;;;;0;0;0;
2018/12/14 00:01:01;0;0;0;;;;
2018/12/14 03:21:32;;;276;;;;
2018/12/14 03:48:03;;;0;;;;
2018/12/15 00:00:37;null;null;null;;;;
2018/12/15 00:00:37;;;;null;null;null;
2018/12/15 00:00:57;;;;0;0;0;
2018/12/15 00:00:58;0;0;0;;;;
2018/12/15 01:49:02;null;null;null;null;null;null;
2018/12/15 01:51:33;;;;0;0;;
2018/12/15 01:51:33;0;;;;;;
2018/12/15 01:51:33;;0;0;;;;
2018/12/15 01:51:47;;;;;;0;
2018/12/15 21:27:02;null;null;null;null;null;null;
2018/12/15 21:37:40;;;;0;0;0;
2018/12/15 21:37:41;0;0;0;;;;
2018/12/15 21:40:34;null;null;null;null;null;null;
2018/12/15 21:58:01;;;;0;0;0;
2018/12/15 21:58:03;0;0;0;;;;
2018/12/15 22:00:55;null;null;null;null;null;null;
2018/12/15 22:17:25;0;0;0;0;;;
2018/12/15 22:18:57;;;;;338;;
2018/12/15 22:20:02;;;;;0;;
2018/12/15 22:20:18;null;null;null;null;;;
2018/12/15 22:25:47;;;;0;;0;
2018/12/15 22:25:48;0;;;;;;
2018/12/15 22:25:49;;0;0;;;;
2018/12/15 22:25:52;;;;;0;;
2018/12/15 22:28:37;null;null;null;null;null;null;
2018/12/15 22:33:20;0;;;0;;0;
2018/12/15 22:33:21;;0;0;;;;
2018/12/15 22:33:25;;;;;0;;
2018/12/15 22:36:10;null;null;null;null;null;null;
2018/12/15 22:42:46;;;;0;;0;
2018/12/15 22:42:46;0;;;;;;
2018/12/15 22:42:46;;0;0;;;;
2018/12/15 22:42:49;;;;;0;;
2018/12/15 22:45:37;null;null;null;null;null;null;
2018/12/15 23:34:48;0;;;0;;0;
2018/12/15 23:34:49;;0;0;;;;
2018/12/15 23:34:51;;;;;0;;
2018/12/15 23:37:38;null;null;null;null;null;null;
2018/12/15 23:46:13;;;;0;;0;
2018/12/15 23:46:13;0;;;;;;
2018/12/15 23:46:14;;0;0;;;;
2018/12/15 23:46:28;;;;;0;;
2018/12/15 23:49:01;null;null;null;null;null;null;
2018/12/15 23:58:46;;;;0;;0;
2018/12/15 23:58:46;0;0;0;;;;
2018/12/15 23:58:47;;;;;0;;
2018/12/16 00:00:47;null;null;null;null;null;null;
2018/12/16 00:01:07;;;;0;0;0;
2018/12/16 00:01:09;0;0;0;;;;
2018/12/16 00:01:39;null;null;null;null;null;null;
2018/12/16 00:03:08;;;;0;0;0;
2018/12/16 00:03:09;0;0;0;;;;
2018/12/16 00:08:23;null;null;null;null;null;null;
2018/12/16 00:33:00;;;;0;0;0;
2018/12/16 00:33:00;0;0;0;;;;
2018/12/16 00:35:51;null;null;null;null;null;null;
2018/12/16 00:36:28;;;;0;0;;
2018/12/16 00:36:29;0;0;0;;;0;
2018/12/16 00:38:28;null;null;null;null;null;null;
2018/12/16 00:41:59;0;0;0;0;0;0;
2018/12/16 00:44:52;null;null;null;null;null;null;
2018/12/16 00:48:51;0;0;;0;0;0;
2018/12/16 00:48:51;;;0;;;;
2018/12/16 00:51:41;null;null;null;null;null;null;
2018/12/16 00:56:34;;;;0;0;0;
2018/12/16 00:56:34;0;0;0;;;;
2018/12/16 00:59:02;null;null;null;null;null;null;
2018/12/16 01:00:19;0;0;0;0;0;0;
2018/12/16 01:02:34;null;null;null;null;null;null;
2018/12/16 01:05:13;;;;0;0;0;
2018/12/16 01:05:14;0;0;0;;;;
2018/12/16 01:13:40;null;null;null;null;null;null;
2018/12/16 01:17:41;;;;0;0;0;
2018/12/16 01:17:41;0;0;0;;;;
2018/12/16 01:20:34;null;null;null;null;null;null;
2018/12/16 01:30:37;0;0;0;0;0;0;
2018/12/16 01:34:32;null;null;null;null;null;null;
2018/12/16 01:39:34;;;;0;;;
2018/12/16 01:39:34;0;0;0;;0;0;
2018/12/16 01:42:25;null;null;null;null;null;null;
2018/12/16 01:49:10;0;0;0;0;0;0;
2018/12/16 01:51:34;null;null;null;null;null;null;
2018/12/16 01:53:17;;;;0;0;0;
2018/12/16 01:53:19;0;0;0;;;;
2018/12/16 02:01:52;null;null;null;null;null;null;
2018/12/16 02:07:22;;;;0;0;0;
2018/12/16 02:07:22;0;0;0;;;;
2018/12/16 02:17:35;null;null;null;null;null;null;
2018/12/16 02:18:08;;;;0;0;0;
2018/12/16 02:18:09;0;0;0;;;;
2018/12/16 02:34:22;null;null;null;null;null;null;
2018/12/16 02:47:23;0;0;0;0;0;0;
2018/12/16 03:19:35;null;null;null;null;null;null;
2018/12/16 03:41:05;;;;0;0;0;
2018/12/16 03:41:05;0;0;0;;;;
2018/12/16 03:56:54;null;null;null;null;null;null;
2018/12/16 04:04:54;0;0;0;0;0;0;
2018/12/16 05:07:50;null;null;null;null;null;null;
2018/12/16 05:23:19;;;;0;0;0;
2018/12/16 05:23:19;0;0;0;;;;
2018/12/16 05:29:16;null;null;null;null;null;null;
2018/12/16 05:32:53;;;;0;0;0;
2018/12/16 05:32:55;0;0;0;;;;
2018/12/16 05:36:49;null;null;null;null;null;null;
2018/12/16 06:03:02;;;;0;0;;
2018/12/16 06:03:02;;;;;;0;
2018/12/16 06:03:05;0;0;0;;;;
2018/12/16 06:07:31;null;null;null;null;null;null;
2018/12/16 06:08:58;;;;0;0;0;
2018/12/16 06:08:58;0;0;0;;;;
2018/12/16 06:28:42;null;null;null;null;null;null;
2018/12/16 06:31:19;;;;0;0;0;
2018/12/16 06:31:20;0;0;0;;;;
2018/12/16 15:18:24;null;null;null;null;null;null;
2018/12/16 15:24:33;;;;0;0;0;
2018/12/16 15:24:33;0;0;0;;;;
2018/12/16 15:41:16;null;null;null;null;null;null;
2018/12/16 15:43:13;;;;0;0;;
2018/12/16 15:43:13;;;;;;0;
2018/12/16 15:43:14;0;0;0;;;;
2018/12/16 18:42:59;null;null;null;null;null;null;
2018/12/16 18:43:39;;;;0;0;;
2018/12/16 18:43:40;0;0;0;;;0;
2018/12/16 18:45:38;null;null;null;null;null;null;
2018/12/16 18:53:39;;;;0;0;;
2018/12/16 18:53:39;;;;;;0;
2018/12/16 18:53:39;0;0;0;;;;
2018/12/16 19:01:49;null;null;null;null;null;null;
2018/12/16 19:46:03;0;0;0;0;0;0;
2018/12/16 19:49:19;null;null;null;null;null;null;
2018/12/16 20:03:20;;;;0;0;;
2018/12/16 20:03:20;;;;;;0;
2018/12/16 20:03:20;0;0;0;;;;
2018/12/16 20:07:32;null;null;null;null;null;null;
2018/12/16 20:08:58;;;;0;0;;
2018/12/16 20:08:58;0;0;0;;;0;
2018/12/16 20:11:00;null;null;null;null;null;null;
2018/12/16 20:12:59;;;;0;0;;
2018/12/16 20:13:01;;;;;;0;
2018/12/16 20:13:01;0;0;0;;;;
2018/12/16 20:15:52;null;null;null;null;null;null;
2018/12/16 20:17:53;;;;0;0;;
2018/12/16 20:17:53;0;0;0;;;0;
2018/12/16 20:22:23;null;null;null;null;null;null;
2018/12/16 20:32:05;;;;0;0;0;
2018/12/16 20:32:07;0;0;0;;;;
2018/12/16 20:35:12;null;null;null;null;null;null;
2018/12/16 20:35:42;;;;0;0;0;
2018/12/16 20:35:44;0;0;0;;;;
2018/12/17 00:00:37;null;null;null;null;;;
2018/12/17 00:00:37;;;;;null;null;
2018/12/17 00:00:55;;;;0;0;0;
2018/12/17 00:00:56;0;0;0;;;;
2018/12/17 07:24:07;276;;;;;;
2018/12/17 07:51:14;0;;;;;;
2018/12/18 00:00:37;null;;;;;;
2018/12/18 00:00:37;;null;null;null;null;null;
2018/12/18 00:00:55;;;;0;0;0;
2018/12/18 00:00:56;0;0;0;;;;
2018/12/18 00:50:13;;;356;;;;
2018/12/18 00:51:13;;;0;;;;
2018/12/18 00:54:53;;;338;;;;
2018/12/18 00:55:54;;;0;;;;
2018/12/18 01:21:44;;;338;;;;
2018/12/18 01:22:50;;;0;;;;
2018/12/18 02:40:40;;;;;;338;
2018/12/18 02:41:46;;;;;;0;
2018/12/18 02:46:12;;;;;356;;
2018/12/18 02:47:12;;;;;0;;
2018/12/18 03:08:12;;;;;356;;
2018/12/18 03:09:12;;;;;0;;
2018/12/18 05:06:55;;;356;;;;
2018/12/18 05:07:50;;;0;;;;
2018/12/19 00:00:37;null;null;null;null;null;null;
2018/12/19 00:00:57;;;;0;0;0;
2018/12/19 00:00:59;0;0;0;;;;
2018/12/19 13:31:00;;;;;182;;
2018/12/19 13:41:32;;;;;0;;
2018/12/20 00:00:37;null;null;null;null;null;null;
2018/12/20 00:00:57;;;;0;0;0;
2018/12/20 00:00:57;0;0;0;;;;
2018/12/20 01:41:37;null;null;null;;;;
2018/12/20 01:41:37;;;;null;null;null;
2018/12/20 01:44:42;;;;0;0;0;
2018/12/20 01:44:44;0;0;0;;;;
2018/12/21 00:00:37;null;null;null;null;null;null;
2018/12/21 00:00:55;;;;0;0;0;
2018/12/21 00:00:56;0;0;0;;;;
2018/12/21 13:24:09;null;null;null;null;null;null;
2018/12/21 13:41:39;;;;0;0;0;
2018/12/21 13:41:39;0;0;0;;;;
2018/12/21 13:43:41;null;null;null;null;null;null;
2018/12/21 13:45:12;0;0;0;0;0;0;
2018/12/21 14:30:30;null;null;null;null;null;null;
2018/12/21 14:40:37;0;0;0;0;0;0;
2018/12/21 14:53:18;null;null;null;null;null;null;
2018/12/21 15:05:21;0;;;0;0;0;
2018/12/21 15:05:21;;0;0;;;;
2018/12/21 15:09:14;null;null;null;null;null;null;
2018/12/21 15:11:45;;;;0;;;
2018/12/21 15:11:45;0;0;;;0;0;
2018/12/21 15:11:46;;;0;;;;
2018/12/21 15:31:39;null;null;null;null;null;null;
2018/12/21 15:34:07;0;0;;0;0;0;
2018/12/21 15:34:07;;;0;;;;
2018/12/21 16:52:00;null;null;null;null;null;null;
2018/12/21 16:52:58;0;0;;0;0;0;
2018/12/21 16:52:58;;;0;;;;
2018/12/21 17:52:47;null;null;null;null;null;null;
2018/12/21 17:53:16;0;0;0;0;0;0;
2018/12/21 17:57:41;null;null;null;null;null;null;
2018/12/21 17:59:11;;;;0;0;;
2018/12/21 17:59:11;0;0;0;;;0;
2018/12/21 19:28:12;null;null;null;null;null;null;
2018/12/21 19:38:11;;;;0;0;;
2018/12/21 19:38:11;0;0;0;;;0;
2018/12/21 19:53:46;;;;;189;;
2018/12/21 19:53:56;;;;;916;;
2018/12/21 19:55:11;;;;;102;;
2018/12/21 20:01:12;;;;;0;;
2018/12/21 20:01:58;;;;;189;;
2018/12/21 20:03:08;;;;;102;;
2018/12/21 20:03:38;;;;;309;;
2018/12/21 20:03:48;;;;;189;;
2018/12/21 20:04:48;;;;;102;;
2018/12/21 20:04:53;;;;;309;;
2018/12/21 20:04:58;;;;;102;;
2018/12/22 00:00:37;null;null;null;null;null;null;
2018/12/22 00:00:57;;;;0;102;0;
2018/12/22 00:00:58;0;0;0;;;;
2018/12/22 08:32:57;;;;;null;;
2018/12/22 12:35:20;;;;;0;;
2018/12/23 00:00:37;null;null;null;null;null;null;
2018/12/23 00:00:54;0;0;0;;;;
2018/12/23 00:00:56;;;;0;0;0;
2018/12/24 00:00:37;null;null;null;null;null;null;
2018/12/24 00:00:56;0;0;0;;;;
2018/12/24 00:00:58;;;;0;0;0;
2018/12/24 17:24:36;;;;;;275;
2018/12/24 17:51:28;;;;;;0;
2018/12/24 22:30:30;;;;;356;;
2018/12/24 22:31:31;;;;;0;;
2018/12/25 00:00:47;null;null;null;null;null;null;
2018/12/25 00:01:05;;;;0;0;0;
2018/12/25 00:01:06;0;0;0;;;;
2018/12/25 00:23:15;;;;;356;;
2018/12/25 00:24:16;;;;;0;;
2018/12/25 00:33:28;;;;;356;;
2018/12/25 00:34:28;;;;;0;;
2018/12/25 01:29:04;;;;;356;;
2018/12/25 01:30:04;;;;;0;;
2018/12/25 01:46:13;;;;;356;;
2018/12/25 01:47:13;;;;;0;;
2018/12/25 08:21:28;356;;;;;;
2018/12/25 08:22:28;0;;;;;;
2018/12/25 13:54:34;;;;;356;;
2018/12/25 13:55:39;;;;;0;;
2018/12/26 00:00:47;null;null;null;null;null;null;
2018/12/26 00:01:05;;;;0;0;0;
2018/12/26 00:01:07;0;0;0;;;;
2018/12/27 00:00:47;null;null;null;null;null;null;
2018/12/27 00:01:05;0;0;0;;;;
2018/12/27 00:01:06;;;;0;0;0;
2018/12/27 00:01:06;null;null;null;null;null;null;
2018/12/28 00:00:37;null;null;null;null;null;null;
2018/12/28 00:00:57;;;;0;0;0;
2018/12/28 00:00:58;0;0;0;;;;
2018/12/28 22:01:30;null;null;null;null;null;null;
2018/12/28 22:01:57;0;;;0;0;0;
2018/12/28 22:01:57;;0;0;;;;
2018/12/29 00:00:47;null;null;null;null;null;null;
2018/12/29 00:01:05;;;;0;0;0;
2018/12/29 00:01:05;0;0;0;;;;
2018/12/30 00:00:37;null;null;null;null;null;null;
2018/12/30 00:00:57;;;;0;0;0;
2018/12/30 00:00:58;0;0;0;;;;
2018/12/30 12:26:20;;;;;;275;
2018/12/30 12:33:42;;;;275;;;
2018/12/30 12:53:12;;;;;;0;
2018/12/30 13:00:09;;;;0;;;
2018/12/31 00:00:47;null;null;null;null;null;null;
2018/12/31 00:01:04;;;;;0;;
2018/12/31 00:01:05;0;0;0;;;;
2018/12/31 00:01:09;;;;0;;0;
2018/12/31 01:41:56;;;;;338;;
2018/12/31 01:42:56;;;;;0;;
2018/12/31 18:17:08;;;;;356;;
2018/12/31 18:18:08;;;;356;0;;
2018/12/31 18:19:08;;;;0;;;
2018/12/31 18:51:51;;;;;356;;
2018/12/31 18:52:51;;;;;0;;
2018/12/31 20:16:06;;;;;356;;
2018/12/31 20:16:16;;;;;;356;
2018/12/31 20:17:12;;;;;0;;
2018/12/31 20:17:22;;;;;;0;
2018/12/31 20:32:20;;;;;356;;
2018/12/31 20:33:20;;;;;0;;
2018/12/31 21:29:22;;;;;430;;
2018/12/31 21:30:27;;;;;0;;
2018/12/31 21:31:17;;;;;891;;
2018/12/31 21:36:23;;;;;0;;
2018/12/31 23:13:19;;356;;;;;
2018/12/31 23:14:19;;191;;;;;
2018/12/31 23:14:29;;0;;;;;
2018/12/31 23:15:09;;;356;;;;
2018/12/31 23:16:05;;;0;;;;
2018/12/31 23:56:35;;;;;356;;
2018/12/31 23:57:40;;;;;0;;
2019/01/01 00:00:00;0;0;0;0;0;0;

