Date start:22/06/2018;Date stop:31/12/2018
Data;Pescina Wind.L1.WTG4.Status.WTG Event;Pescina Wind.L1.WTG5.Status.WTG Event;Pescina Wind.L1.WTG6.Status.WTG Event;Pescina Wind.L1.WTG8.Status.WTG Event;Pescina Wind.L2.WTG10.Status.WTG Event;Pescina Wind.L2.WTG11.Status.WTG Event;Pescina Wind.L2.WTG7.Status.WTG Event;Pescina Wind.L2.WTG9.Status.WTG Event;
2018/06/22 14:58:15;null;;;;;;;;
2018/06/22 14:58:17;;null;;;;;;;
2018/06/22 14:58:17;;;null;;;;;;
2018/06/22 14:58:17;;;;null;;;;;
2018/06/22 14:58:17;;;;;;;null;;
2018/06/22 14:58:17;;;;;;;;null;
2018/06/22 14:58:21;;;;;null;;;;
2018/06/22 14:58:21;;;;;;null;;;
2018/06/22 15:01:49;0;0;0;;;;;;
2018/06/22 15:01:49;;;;0;;;;;
2018/06/22 15:01:49;;;;;0;0;0;0;
2018/06/22 15:26:15;0;0;0;0;;;;;
2018/06/22 15:26:27;;;;;0;0;0;0;
2018/06/23 00:00:11;null;null;null;null;null;null;null;null;
2018/06/23 00:00:28;0;0;0;0;;;;;
2018/06/23 00:00:33;;;;;0;0;0;0;
2018/06/24 00:00:10;null;null;null;null;null;null;null;null;
2018/06/24 00:00:33;;;;;0;0;0;0;
2018/06/24 00:00:33;0;0;0;0;;;;;
2018/06/25 10:22:04;;;;;;;0;;
2018/06/25 10:22:06;;;;;0;0;;0;
2018/06/25 10:22:06;0;0;0;0;;;;;
2018/06/25 14:12:53;;;;;;null;;;
2018/06/25 14:31:59;;;;;;0;;;
2018/06/26 00:00:12;null;null;null;null;null;null;null;null;
2018/06/26 00:00:29;;;;;0;0;0;0;
2018/06/26 00:00:34;0;0;0;0;;;;;
2018/06/26 11:04:20;null;;;;;;;;
2018/06/26 11:04:20;;null;;;;;;;
2018/06/26 11:04:22;;;null;;;;;;
2018/06/26 11:04:22;;;;null;;;;;
2018/06/26 11:04:22;;;;;;;null;;
2018/06/26 11:04:22;;;;;;;;null;
2018/06/26 11:04:22;;;;;null;;;;
2018/06/26 11:04:25;;;;;;null;;;
2018/06/26 11:08:16;0;0;0;0;;;;;
2018/06/26 11:08:16;;;;;0;0;0;0;
2018/06/26 15:54:59;0;0;0;0;0;0;0;0;
2018/06/26 16:06:07;0;0;0;0;;;;;
2018/06/26 16:06:07;;;;;;;0;0;
2018/06/26 16:06:10;;;;;0;0;;;
2018/06/26 17:01:01;87;;;;;;;;
2018/06/26 17:18:22;0;;;;;;;;
2018/06/26 19:38:10;;;;356;;;;;
2018/06/26 19:39:11;;;;0;;;;;
2018/06/26 23:42:43;;;;;;338;;;
2018/06/26 23:42:53;;;;;;916;;;
2018/06/26 23:43:53;;;;;;102;;;
2018/06/27 00:00:38;null;null;null;null;null;null;null;null;
2018/06/27 00:00:56;0;0;0;0;;;;;
2018/06/27 00:00:59;;;;;0;102;0;0;
2018/06/27 00:39:08;;;338;;;;;;
2018/06/27 00:39:18;;;916;;;;;;
2018/06/27 00:40:18;;;102;;;;;;
2018/06/27 01:22:36;;;;338;;;;;
2018/06/27 01:23:41;;;;0;;;;;
2018/06/27 03:56:16;356;;;;;;;;
2018/06/27 03:57:21;0;;;;;;;;
2018/06/27 05:43:23;356;;;;;;;;
2018/06/27 05:44:23;0;;;;;;;;
2018/06/27 07:34:40;;;null;;;;;;
2018/06/27 07:37:21;;;0;;;;;;
2018/06/27 07:45:41;;;;;;null;;;
2018/06/27 07:50:42;;;;;;0;;;
2018/06/27 13:03:12;;;338;;;;;;
2018/06/27 13:04:12;;;0;;;;;;
2018/06/27 15:04:29;;;356;;;;;;
2018/06/27 15:05:29;;;83;;;;;;
2018/06/27 15:05:39;;;0;;;;;;
2018/06/27 15:09:44;;;;;;356;;;
2018/06/27 15:10:44;;;;;;191;;;
2018/06/27 15:10:54;;;;;;0;;;
2018/06/28 00:00:38;null;null;null;null;null;null;null;null;
2018/06/28 00:01:00;0;0;0;0;;;;;
2018/06/28 00:01:00;;;;;0;0;0;0;
2018/06/28 04:30:05;;;;180;;;;;
2018/06/28 07:12:32;;;;null;;;;;
2018/06/28 08:12:25;null;;;;;;;;
2018/06/28 08:59:44;0;;;;;;;;
2018/06/28 09:04:05;;null;;;;;;;
2018/06/28 09:25:30;;0;;;;;;;
2018/06/28 09:50:16;;;;0;;;;;
2018/06/28 10:07:25;;;null;;;;;;
2018/06/28 10:28:54;;;0;;;;;;
2018/06/28 10:51:03;;;;;;;null;;
2018/06/28 11:47:40;;;;;;;0;;
2018/06/28 13:19:56;;;;null;;;;;
2018/06/28 14:02:34;;;;900;;;;;
2018/06/28 14:05:20;;;;0;;;;;
2018/06/28 14:06:09;;;;;;;;null;
2018/06/28 14:29:51;;;;;;;;0;
2018/06/28 14:36:32;;;;;null;;;;
2018/06/28 15:02:44;;;;;0;;;;
2018/06/28 15:57:24;;;;;;null;;;
2018/06/28 16:44:42;;;;;;0;;;
2018/06/29 00:00:46;null;null;null;null;null;null;null;null;
2018/06/29 00:01:07;0;0;0;0;;;;;
2018/06/29 00:01:07;;;;;0;0;0;0;
2018/06/29 07:12:07;;;;;;null;;;
2018/06/29 09:19:01;;;;;;;null;;
2018/06/29 11:19:12;;;;;;;0;;
2018/06/29 13:56:42;;;;;;0;;;
2018/06/29 14:32:31;;;;;;;0;;
2018/06/29 14:32:40;;;;;0;;;0;
2018/06/29 14:32:40;0;0;0;0;;;;;
2018/06/29 14:32:40;;;;;;0;;;
2018/06/30 00:00:37;null;null;null;null;null;null;null;null;
2018/06/30 00:00:54;0;0;0;0;;;;;
2018/06/30 00:00:56;;;;;0;0;0;0;
2018/06/30 04:04:46;275;;;;;;;;
2018/06/30 04:31:29;0;;;;;;;;
2018/07/01 00:00:37;null;null;null;null;null;null;null;null;
2018/07/01 00:00:53;;;;;0;0;0;0;
2018/07/01 00:00:54;0;0;;0;;;;;
2018/07/01 00:00:59;;;0;;;;;;
2018/07/01 12:20:43;;null;;;;;;;
2018/07/01 12:25:04;;30;;;;;;;
2018/07/01 12:26:00;;0;;;;;;;
2018/07/02 00:00:37;null;null;null;null;null;null;null;null;
2018/07/02 00:00:56;;;;;0;0;0;0;
2018/07/02 00:00:57;0;0;0;0;;;;;
2018/07/02 07:38:01;;;;null;;;;;
2018/07/02 14:46:01;;;;0;;;;;
2018/07/03 00:00:37;null;null;null;null;null;null;null;null;
2018/07/03 00:00:57;;;;;0;0;0;0;
2018/07/03 00:00:58;0;0;0;0;;;;;
2018/07/03 07:26:56;;;;null;;;;;
2018/07/03 08:58:45;;;null;;;;;;
2018/07/03 09:31:58;;;0;;;;;;
2018/07/03 14:44:21;;;;0;;;;;
2018/07/03 16:47:57;0;0;0;;;;;;
2018/07/03 16:47:57;;;;;;;0;0;
2018/07/03 16:47:57;;;;;0;0;;;
2018/07/03 16:48:07;;;;0;;;;;
2018/07/03 18:33:07;null;null;null;null;null;null;null;null;
2018/07/03 18:35:14;;;;;0;0;0;0;
2018/07/03 18:35:14;0;0;;;;;;;
2018/07/03 18:35:14;;;0;;;;;;
2018/07/03 18:35:15;;;;0;;;;;
2018/07/04 00:00:37;null;null;null;null;null;null;null;null;
2018/07/04 00:00:53;;;;;0;0;0;0;
2018/07/04 00:00:54;;;;0;;;;;
2018/07/04 00:00:59;0;0;0;;;;;;
2018/07/04 14:27:29;0;;;0;0;0;0;0;
2018/07/04 14:27:29;;0;0;;;;;;
2018/07/04 14:48:59;0;0;0;0;;;;;
2018/07/04 14:49:06;;;;;0;0;0;0;
2018/07/04 14:56:43;0;0;0;0;;;;;
2018/07/04 14:56:49;;;;;0;0;0;0;
2018/07/05 00:00:37;null;null;null;null;null;null;null;null;
2018/07/05 00:00:59;;;;;0;0;0;0;
2018/07/05 00:01:00;0;0;0;0;;;;;
2018/07/05 07:20:38;;;;null;;;;;
2018/07/05 13:46:48;0;0;;;0;0;0;0;
2018/07/05 13:46:48;;;0;;;;;;
2018/07/05 14:45:00;;;;0;;;;;
2018/07/05 16:26:33;;;;;;;182;;
2018/07/05 16:31:49;;;;;;;0;;
2018/07/05 16:32:14;;;;;;;309;;
2018/07/05 16:33:05;;;;;;;0;;
2018/07/06 00:00:37;null;null;null;;;;null;;
2018/07/06 00:00:37;;;;null;null;null;;null;
2018/07/06 00:00:57;;;;;0;0;0;0;
2018/07/06 00:00:57;0;0;0;0;;;;;
2018/07/06 07:30:27;;;;900;;;;;
2018/07/06 07:34:18;;;;null;;;;;
2018/07/06 14:09:23;;;;0;;;;;
2018/07/06 15:51:08;null;null;null;null;null;null;null;null;
2018/07/06 17:34:14;;;;;;;0;0;
2018/07/06 17:34:14;0;0;0;;0;0;;;
2018/07/06 17:34:17;;;;0;;;;;
2018/07/07 00:00:37;null;null;null;null;null;null;null;null;
2018/07/07 00:00:55;0;0;0;0;;;;;
2018/07/07 00:00:56;;;;;0;0;0;0;
2018/07/08 00:00:37;null;null;null;null;null;null;null;null;
2018/07/08 00:00:55;;;;;0;0;0;0;
2018/07/08 00:00:59;0;0;0;0;;;;;
2018/07/09 00:00:47;null;null;null;null;null;null;null;null;
2018/07/09 00:01:08;;;;;0;0;0;0;
2018/07/09 00:01:09;;0;;;;;;;
2018/07/09 00:01:14;0;;0;0;;;;;
2018/07/09 07:37:44;;;;null;;;;;
2018/07/09 08:20:40;;;null;;;;;;
2018/07/09 11:59:30;;;0;;;;;;
2018/07/09 13:58:41;;;;0;;;;;
2018/07/10 00:00:47;null;null;;;;;;;
2018/07/10 00:00:47;;;null;null;null;null;null;null;
2018/07/10 00:01:06;0;0;0;0;;;;;
2018/07/10 00:01:07;;;;;0;0;0;0;
2018/07/10 07:27:46;;;;;;;;null;
2018/07/10 12:35:36;;171;;;;;;;
2018/07/10 12:36:36;;0;;;;;;;
2018/07/10 14:45:10;;;;;;;;0;
2018/07/11 00:00:47;null;null;null;null;null;null;null;null;
2018/07/11 00:01:06;0;0;0;0;;;;;
2018/07/11 00:01:08;;;;;0;0;0;0;
2018/07/11 07:27:31;;;;;;;;null;
2018/07/11 12:54:26;;;;;;;;0;
2018/07/11 18:43:50;;;;;;;0;;
2018/07/11 18:43:50;;;;;0;0;;0;
2018/07/11 18:43:58;0;0;0;0;;;;;
2018/07/11 19:27:27;;;;;;;0;0;
2018/07/11 19:27:27;0;0;0;0;0;0;;;
2018/07/11 20:15:59;;;;;0;0;0;0;
2018/07/11 20:16:03;0;0;0;0;;;;;
2018/07/12 00:00:37;null;null;null;null;null;null;null;null;
2018/07/12 00:00:53;0;0;0;0;;;;;
2018/07/12 00:00:53;;;;;0;0;0;0;
2018/07/12 07:46:20;null;;;;;;;;
2018/07/12 12:16:56;0;;;;;;;;
2018/07/12 13:37:24;0;0;0;0;;;;;
2018/07/12 13:37:27;;;;;0;0;0;0;
2018/07/13 00:00:37;null;null;null;null;null;null;null;null;
2018/07/13 00:00:56;0;0;0;0;;;;;
2018/07/13 00:00:57;;;;;0;0;0;0;
2018/07/13 07:36:41;;;;;;;;null;
2018/07/13 09:31:34;;null;;;;;;;
2018/07/13 09:38:51;;0;;;;;;;
2018/07/13 09:40:52;;;null;;;;;;
2018/07/13 09:43:27;;;0;;;;;;
2018/07/13 09:49:24;;;;null;;;;;
2018/07/13 09:53:14;null;;;;;;;;
2018/07/13 09:53:14;;null;;;;;;;
2018/07/13 09:53:14;;;null;;;;;;
2018/07/13 09:53:15;;;;;;;null;;
2018/07/13 09:53:15;;;;;null;null;;;
2018/07/13 09:53:22;;;;;0;0;0;;
2018/07/13 09:53:22;0;0;0;0;;;;;
2018/07/13 09:55:27;;;;;null;;;;
2018/07/13 09:58:03;;;;;0;;;;
2018/07/13 09:59:33;;;;;;;null;;
2018/07/13 10:02:14;;;;;;;0;;
2018/07/13 10:08:12;0;0;0;;;0;;;
2018/07/13 10:08:12;;;;0;;;;;
2018/07/13 10:08:32;;;;;0;;;;
2018/07/13 10:08:32;;;;;;;0;;
2018/07/13 11:46:07;;;;;;;;0;
2018/07/13 16:45:39;;82;;;;;;;
2018/07/13 16:46:34;;915;;;;;;;
2018/07/13 16:46:44;;0;;;;;;;
2018/07/14 00:00:47;null;null;null;null;null;null;null;null;
2018/07/14 00:01:06;0;0;0;0;;;;;
2018/07/14 00:01:08;;;;;0;0;0;0;
2018/07/14 10:18:09;275;;;;;;;;
2018/07/14 10:44:45;0;;;;;;;;
2018/07/15 00:00:47;null;null;null;null;null;null;null;null;
2018/07/15 00:01:07;0;0;0;0;;;;;
2018/07/15 00:01:07;;;;;0;0;0;0;
2018/07/15 00:11:04;;;;;;;;171;
2018/07/15 00:12:04;;;;;;;;0;
2018/07/15 04:24:53;;;;;276;;;;
2018/07/15 04:51:54;;;;;0;;;;
2018/07/16 00:00:47;null;null;null;null;null;null;null;null;
2018/07/16 00:01:10;;;;;0;0;0;0;
2018/07/16 00:01:11;0;0;0;0;;;;;
2018/07/17 00:00:37;null;null;null;null;null;null;null;null;
2018/07/17 00:00:56;;;;;0;0;0;0;
2018/07/17 00:00:57;0;0;0;0;;;;;
2018/07/17 04:17:44;275;;;;;;;;
2018/07/17 04:44:20;0;;;;;;;;
2018/07/17 04:53:47;;275;;;;;;;
2018/07/17 05:20:33;;0;;;;;;;
2018/07/17 06:39:26;;;275;;;;;;
2018/07/17 07:06:32;;;0;;;;;;
2018/07/17 10:37:45;;;;;;309;;;
2018/07/17 10:39:15;;;;;;0;;;
2018/07/17 22:14:34;;;;;;171;;;
2018/07/17 22:15:34;;;;;;0;;;
2018/07/18 00:00:48;null;null;null;null;null;;null;null;
2018/07/18 00:00:48;;;;;;null;;;
2018/07/18 00:01:07;;;;;0;0;0;0;
2018/07/18 00:01:07;0;0;0;0;;;;;
2018/07/18 07:24:22;;;;;null;;;;
2018/07/18 14:46:29;;;;;0;;;;
2018/07/18 15:35:34;null;null;null;null;null;null;null;null;
2018/07/18 16:00:12;0;0;0;0;;0;0;0;
2018/07/18 16:00:15;;;;;0;;;;
2018/07/19 00:00:38;null;null;null;null;null;null;null;null;
2018/07/19 00:01:00;0;0;0;0;;;;;
2018/07/19 00:01:00;;;;;0;0;0;0;
2018/07/19 07:22:21;;;;;null;;;;
2018/07/19 13:43:22;;;;;0;;;;
2018/07/19 14:43:46;;309;;;;;;;
2018/07/19 14:43:51;;;309;;;;;;
2018/07/19 14:46:11;;;;;309;;;;
2018/07/19 14:48:17;309;;;;;;;;
2018/07/19 14:52:07;;;;;0;;;;
2018/07/19 14:52:08;0;;;;;;;;
2018/07/19 14:52:13;;;0;;;;;;
2018/07/19 14:52:43;;0;;;;;;;
2018/07/19 17:19:30;;;;;276;;;;
2018/07/19 17:46:36;;;;;0;;;;
2018/07/20 00:00:37;null;null;null;null;;;null;null;
2018/07/20 00:00:37;;;;;null;null;;;
2018/07/20 00:00:56;;;;;0;0;0;0;
2018/07/20 00:00:56;0;0;0;0;;;;;
2018/07/20 07:21:33;;;;;null;;;;
2018/07/20 08:41:29;;;;;;;275;;
2018/07/20 09:08:20;;;;;;;0;;
2018/07/20 12:06:13;;;;;0;;;;
2018/07/21 00:00:37;null;null;null;null;null;null;null;null;
2018/07/21 00:00:56;;;;;0;0;0;0;
2018/07/21 00:00:58;0;0;0;0;;;;;
2018/07/22 00:00:38;null;null;null;null;null;null;null;null;
2018/07/22 00:00:55;;;;;0;0;0;0;
2018/07/22 00:00:56;0;0;0;0;;;;;
2018/07/23 00:00:47;null;null;null;null;null;null;null;null;
2018/07/23 00:01:10;;;;;0;0;0;0;
2018/07/23 00:01:11;0;0;0;0;;;;;
2018/07/23 07:19:35;null;null;null;null;null;null;null;null;
2018/07/23 07:20:04;;;;;0;0;0;0;
2018/07/23 07:20:06;0;0;0;0;;;;;
2018/07/24 00:00:37;null;null;null;null;null;null;null;null;
2018/07/24 00:01:08;;;;;0;0;0;0;
2018/07/24 00:01:09;0;0;0;0;;;;;
2018/07/24 15:11:23;;;;;;;309;;
2018/07/24 15:11:23;;309;;;;;;;
2018/07/24 15:13:34;;0;;;;;;;
2018/07/24 15:13:48;;;;;;;0;;
2018/07/24 16:59:09;0;;0;;0;0;;0;
2018/07/24 16:59:09;;;;0;;;;;
2018/07/24 16:59:20;;0;;;;;0;;
2018/07/25 00:00:38;null;null;null;null;null;null;null;null;
2018/07/25 00:01:00;;;;;0;0;0;0;
2018/07/25 00:01:04;0;0;0;0;;;;;
2018/07/25 15:14:16;;;;;;;;0;
2018/07/25 15:14:16;0;0;0;0;0;;;;
2018/07/25 15:14:16;;;;;;;0;;
2018/07/25 15:14:26;;;;;;0;;;
2018/07/25 15:56:00;;;;;309;;;;
2018/07/25 15:56:08;309;;;;;;;;
2018/07/25 15:57:38;0;;;;;;;;
2018/07/25 16:00:51;;;;;0;;;;
2018/07/25 16:24:45;;;;;;;;0;
2018/07/25 16:24:54;;0;0;0;;;;;
2018/07/25 16:24:54;;;;;;0;0;;
2018/07/25 16:25:05;0;;;;;;;;
2018/07/25 16:25:05;;;;;0;;;;
2018/07/25 16:42:50;;;309;;;;;;
2018/07/25 16:42:52;;;;;309;309;;;
2018/07/25 16:44:51;309;;;;;;;;
2018/07/25 16:45:42;;;;;;0;;;
2018/07/25 16:45:46;0;;0;;;;;;
2018/07/25 16:45:58;;;;;0;;;;
2018/07/26 00:00:37;null;null;null;null;null;null;null;null;
2018/07/26 00:00:57;;;;;0;0;0;0;
2018/07/26 00:00:58;0;0;0;0;;;;;
2018/07/26 07:23:12;;;;;;null;;;
2018/07/26 14:35:52;;;;;;0;;;
2018/07/26 15:46:45;;;275;;;;;;
2018/07/26 16:13:32;;;0;;;;;;
2018/07/26 16:17:43;;275;;;;;;;
2018/07/26 16:19:03;275;;;;;;;;
2018/07/26 16:48:42;;0;;;;;;;
2018/07/26 16:52:18;0;;;;;;;;
2018/07/27 00:00:37;null;null;null;null;null;null;null;null;
2018/07/27 00:00:56;;;;;0;0;0;0;
2018/07/27 00:00:57;0;0;0;0;;;;;
2018/07/27 07:36:40;;;;;;null;;;
2018/07/27 12:47:11;;;;;;0;;;
2018/07/27 15:29:31;;356;;;;;;;
2018/07/27 15:30:32;;0;;;;;;;
2018/07/27 21:34:57;;;275;;;;;;
2018/07/27 22:01:35;;;0;;;;;;
2018/07/27 22:19:40;null;null;null;null;null;null;null;null;
2018/07/27 22:20:20;0;;;0;0;;0;0;
2018/07/27 22:20:23;;;;;;0;;;
2018/07/27 22:20:23;;0;;;;;;;
2018/07/27 22:20:25;;;0;;;;;;
2018/07/28 00:00:37;null;null;null;null;null;null;null;null;
2018/07/28 00:00:55;;;;;0;0;0;0;
2018/07/28 00:00:57;0;0;0;0;;;;;
2018/07/28 19:12:24;null;null;null;null;null;null;null;null;
2018/07/28 20:12:26;;;;;0;0;0;0;
2018/07/28 20:12:26;0;0;;;;;;;
2018/07/28 20:12:26;;;0;0;;;;;
2018/07/29 00:00:37;null;null;null;null;null;null;null;null;
2018/07/29 00:00:59;0;0;0;0;;;;;
2018/07/29 00:01:00;;;;;0;0;0;0;
2018/07/29 09:37:39;275;;;;;;;;
2018/07/29 10:04:16;0;;;;;;;;
2018/07/29 17:23:50;;275;;;;;;;
2018/07/29 17:50:48;;0;;;;;;;
2018/07/29 19:44:01;;;275;;;;;;
2018/07/29 20:10:53;;;0;;;;;;
2018/07/29 20:17:39;;;;;;;;275;
2018/07/29 20:21:20;;;;;275;;;;
2018/07/29 20:44:50;;;;;;;;0;
2018/07/29 20:48:26;;;;;0;;;;
2018/07/30 00:00:47;null;null;null;null;null;null;null;null;
2018/07/30 00:01:07;0;0;0;0;;;;;
2018/07/30 00:01:07;;;;;0;0;0;0;
2018/07/30 19:41:56;null;null;null;null;null;null;null;null;
2018/07/30 19:42:25;0;0;0;;;;;;
2018/07/30 19:42:25;;;;0;0;0;0;0;
2018/07/30 19:53:02;;;;275;;;;;
2018/07/30 20:19:54;;;;0;;;;;
2018/07/31 00:00:47;null;;;;;;;;
2018/07/31 00:00:47;;null;null;null;null;null;null;null;
2018/07/31 00:01:08;;;;;0;0;0;0;
2018/07/31 00:01:09;0;0;0;0;;;;;
2018/08/01 00:00:47;null;null;null;null;null;null;null;null;
2018/08/01 00:01:08;;;;;0;0;0;0;
2018/08/01 00:01:09;0;0;0;0;;;;;
2018/08/01 03:30:15;;275;;;;;;;
2018/08/01 03:56:22;;0;;;;;;;
2018/08/02 00:00:38;null;null;null;null;null;null;null;null;
2018/08/02 00:00:55;0;0;0;0;;;;;
2018/08/02 00:00:57;;;;;0;0;0;0;
2018/08/02 09:26:05;null;null;null;null;null;null;null;null;
2018/08/02 13:28:18;0;0;;;0;0;;0;
2018/08/02 13:28:18;;;0;0;;;;;
2018/08/02 13:28:19;;;;;;;0;;
2018/08/02 19:39:33;null;null;null;null;null;null;null;null;
2018/08/03 08:01:46;0;0;0;0;;;;;
2018/08/03 08:01:46;;;;;0;0;0;0;
2018/08/03 09:10:15;null;null;null;null;null;null;null;null;
2018/08/03 09:17:53;0;0;0;0;0;0;0;0;
2018/08/04 00:00:37;null;null;null;null;null;null;null;null;
2018/08/04 00:00:56;0;0;0;0;;;;;
2018/08/04 00:00:58;;;;;0;0;0;0;
2018/08/05 00:00:47;null;null;null;null;null;null;null;null;
2018/08/05 00:01:07;0;0;0;0;;;;;
2018/08/05 00:01:09;;;;;0;0;0;0;
2018/08/05 21:01:46;;;275;;;;;;
2018/08/05 21:28:43;;;0;;;;;;
2018/08/06 00:00:36;null;null;null;null;null;null;null;null;
2018/08/06 00:01:02;0;0;0;0;;;;;
2018/08/06 00:01:02;;;;;0;0;0;0;
2018/08/06 14:50:40;null;null;null;null;null;null;null;null;
2018/08/06 14:51:51;0;0;0;0;;;;;
2018/08/06 14:51:51;;;;;0;0;0;0;
2018/08/06 14:58:24;;;;;;;356;;
2018/08/06 14:59:24;;;;;;;0;;
2018/08/06 17:37:11;;;;;null;null;null;null;
2018/08/06 17:37:12;null;null;null;null;;;;;
2018/08/06 17:40:55;;;;;0;0;0;0;
2018/08/06 17:40:57;0;0;0;0;;;;;
2018/08/07 00:00:37;null;null;null;null;;;null;null;
2018/08/07 00:00:37;;;;;null;null;;;
2018/08/07 00:00:58;0;0;0;0;;;;;
2018/08/07 00:01:00;;;;;0;0;0;0;
2018/08/07 06:46:23;;;;;;;275;;
2018/08/07 07:12:51;;;;;;;0;;
2018/08/07 16:47:58;null;null;null;null;null;null;null;null;
2018/08/07 17:09:17;0;0;0;0;;;;;
2018/08/07 17:09:18;;;;;0;0;0;0;
2018/08/07 18:57:26;null;null;null;null;null;null;null;null;
2018/08/07 19:03:34;0;0;0;0;;;;;
2018/08/07 19:03:34;;;;;0;0;0;0;
2018/08/08 00:00:47;null;null;null;;;;null;;
2018/08/08 00:00:47;;;;null;null;null;;null;
2018/08/08 00:01:08;0;0;0;0;;;;;
2018/08/08 00:01:09;;;;;;;0;0;
2018/08/08 00:01:14;;;;;0;0;;;
2018/08/08 11:55:15;;;;;;null;;;
2018/08/08 12:23:47;;;;;;0;;;
2018/08/08 12:39:00;;;;;;;275;;
2018/08/08 13:06:17;;;;;;;0;;
2018/08/08 19:15:56;;275;;;;;;;
2018/08/08 19:42:49;;0;;;;;;;
2018/08/09 00:00:36;null;null;null;null;null;;null;null;
2018/08/09 00:00:36;;;;;;null;;;
2018/08/09 00:00:55;0;0;0;0;;;;;
2018/08/09 00:00:55;;;;;0;0;0;0;
2018/08/09 10:08:31;0;0;0;0;;;;;
2018/08/09 10:08:31;;;;;0;0;0;0;
2018/08/09 12:10:19;;;;;;;null;;
2018/08/09 12:43:26;;;;;;;900;;
2018/08/09 12:43:47;;;;;;;0;;
2018/08/10 00:00:38;null;null;null;;;;;;
2018/08/10 00:00:38;;;;null;null;null;null;null;
2018/08/10 00:00:58;;;;;0;0;0;0;
2018/08/10 00:00:58;0;0;0;0;;;;;
2018/08/10 13:01:35;;;;;;;338;;
2018/08/10 13:02:41;;;;;;;0;;
2018/08/10 13:03:01;;;;;;;176;;
2018/08/10 13:04:26;;;;;;;0;;
2018/08/11 00:00:47;null;null;null;null;null;null;null;null;
2018/08/11 00:01:06;0;0;0;0;;;;;
2018/08/11 00:01:08;;;;;0;0;0;0;
2018/08/12 00:00:48;null;null;null;null;null;null;null;null;
2018/08/12 00:01:07;;;;;0;0;0;0;
2018/08/12 00:01:08;0;0;0;0;;;;;
2018/08/13 00:00:47;null;null;null;;;;;;
2018/08/13 00:00:47;;;;null;null;null;null;null;
2018/08/13 00:01:07;;;;;0;0;0;0;
2018/08/13 00:01:07;0;0;0;0;;;;;
2018/08/14 00:00:47;null;null;null;null;null;null;null;null;
2018/08/14 00:01:17;0;0;0;0;;;;;
2018/08/14 00:01:18;;;;;0;0;0;0;
2018/08/15 00:00:48;null;null;null;;;;null;;
2018/08/15 00:00:48;;;;null;null;null;;null;
2018/08/15 00:01:07;;;;;0;0;0;0;
2018/08/15 00:01:08;0;0;0;0;;;;;
2018/08/15 00:29:55;275;;;;;;;;
2018/08/15 00:56:36;0;;;;;;;;
2018/08/16 00:00:47;null;null;null;null;null;null;null;null;
2018/08/16 00:01:06;;;;;0;0;0;0;
2018/08/16 00:01:07;0;0;0;0;;;;;
2018/08/16 16:25:33;181;;;;;;;;
2018/08/16 17:17:06;0;;;;;;;;
2018/08/16 17:17:21;309;;;;;;;;
2018/08/16 17:17:36;0;;;;;;;;
2018/08/17 00:00:38;null;null;null;null;null;null;null;null;
2018/08/17 00:00:57;0;0;0;0;;;;;
2018/08/17 00:00:57;;;;;0;0;0;0;
2018/08/17 10:02:39;976;;;;;;;;
2018/08/17 10:03:35;0;;;;;;;;
2018/08/17 14:40:05;;;;275;;;;;
2018/08/17 15:06:56;;;;0;;;;;
2018/08/17 15:14:41;;;;;;;;275;
2018/08/17 15:42:07;;;;;;;;0;
2018/08/18 00:00:47;null;null;null;;;;null;;
2018/08/18 00:00:47;;;;null;null;null;;null;
2018/08/18 00:01:06;;;;;0;0;0;0;
2018/08/18 00:01:09;0;0;0;0;;;;;
2018/08/18 02:33:20;;;;;;;275;;
2018/08/18 02:55:33;275;;;;;;;;
2018/08/18 03:00:06;;;;;;;0;;
2018/08/18 03:22:19;0;;;;;;;;
2018/08/19 00:00:47;null;null;null;null;null;null;null;null;
2018/08/19 00:01:05;0;0;0;0;;;;;
2018/08/19 00:01:05;;;;;0;0;0;0;
2018/08/20 00:00:47;null;null;null;null;null;null;null;null;
2018/08/20 00:01:06;;;;;0;0;0;0;
2018/08/20 00:01:07;0;0;0;0;;;;;
2018/08/20 08:54:11;null;null;null;null;null;null;null;null;
2018/08/20 08:57:11;;;;;0;;0;0;
2018/08/20 08:57:13;;;;;;0;;;
2018/08/20 08:57:15;0;;;;;;;;
2018/08/20 08:57:15;;0;0;0;;;;;
2018/08/20 13:23:22;;;;;;899;;;
2018/08/20 13:23:23;;;;899;;;;;
2018/08/20 13:23:27;;;;;;;899;899;
2018/08/20 13:23:28;899;315;181;;;;;;
2018/08/20 13:23:32;;;;;;916;;916;
2018/08/20 13:23:33;;;;916;;;;;
2018/08/20 13:23:37;;;;;;;916;;
2018/08/20 13:23:38;;916;916;;;;;;
2018/08/20 13:23:42;;;;;null;;;;
2018/08/20 13:24:27;;;;;;null;;null;
2018/08/20 13:24:28;null;null;null;null;;;;;
2018/08/20 13:24:32;;;;;;;null;;
2018/08/20 15:35:04;;;;;0;;916;;
2018/08/20 15:35:24;;;;;;0;0;0;
2018/08/20 15:35:49;;;;;894;;;;
2018/08/20 15:35:54;;;;;899;;;;
2018/08/20 15:35:59;;;;;;;315;894;
2018/08/20 15:36:04;;;;;;315;;182;
2018/08/20 15:36:21;;;916;;;;;;
2018/08/20 15:37:01;899;315;;315;;;;;
2018/08/20 15:42:26;;;;;null;;;;
2018/08/20 15:45:02;;;;;0;;;;
2018/08/20 15:45:22;;;;;;null;0;;
2018/08/20 15:45:42;;;;;;0;;;
2018/08/20 15:45:44;;0;;;;;;;
2018/08/20 15:45:49;0;;0;0;;;;;
2018/08/20 15:46:27;;;;;;null;;;
2018/08/20 15:49:03;;;;;;0;;;
2018/08/20 15:51:04;;;;;;;;null;
2018/08/20 15:53:39;;;;;;;;0;
2018/08/21 00:00:37;null;null;null;null;null;null;null;null;
2018/08/21 00:00:56;;;;;0;0;0;0;
2018/08/21 00:00:57;0;0;0;0;;;;;
2018/08/21 10:12:20;416;;;;;;;;
2018/08/21 10:37:19;0;;;;;;;;
2018/08/22 00:00:37;null;null;null;null;null;null;null;null;
2018/08/22 00:00:58;0;0;0;0;;;;;
2018/08/22 00:01:00;;;;;0;0;0;0;
2018/08/22 19:26:37;;;;275;;;;;
2018/08/22 19:53:53;;;;0;;;;;
2018/08/23 00:00:47;null;null;;;;;;;
2018/08/23 00:00:47;;;null;null;null;null;null;null;
2018/08/23 00:01:09;;;;;0;0;0;0;
2018/08/23 00:01:09;0;;;;;;;;
2018/08/23 00:01:14;;0;0;0;;;;;
2018/08/23 02:58:07;275;;;;;;;;
2018/08/23 03:05:04;;275;;;;;;;
2018/08/23 03:26:27;0;;;;;;;;
2018/08/23 03:31:54;;0;;;;;;;
2018/08/23 17:53:18;;;;;79;;;;
2018/08/23 17:53:28;;;;;;;79;;
2018/08/23 17:54:18;;;;;0;;;;
2018/08/23 17:54:28;;;;;;;0;;
2018/08/23 17:54:51;79;;;;;;;;
2018/08/23 17:55:51;191;;;;;;;;
2018/08/23 17:55:56;0;;;;;;;;
2018/08/23 17:55:58;;;;;;79;;;
2018/08/23 17:56:58;;;;;;0;;;
2018/08/23 17:57:27;;;;79;;;;;
2018/08/23 17:58:32;;;;0;;;;;
2018/08/23 18:45:14;;;;;;;;275;
2018/08/23 19:14:48;;;;;;;;0;
2018/08/23 19:16:40;;;275;;;;;;
2018/08/23 19:24:16;;;;;275;;;;
2018/08/23 19:47:42;;;0;;;;;;
2018/08/23 19:51:21;;;;;0;;;;
2018/08/24 00:00:37;null;null;null;null;null;null;null;null;
2018/08/24 00:00:56;;;;;0;0;0;0;
2018/08/24 00:00:58;0;0;0;0;;;;;
2018/08/25 00:00:37;null;null;null;null;null;null;null;null;
2018/08/25 00:00:57;0;0;0;0;;;;;
2018/08/25 00:00:57;;;;;0;0;0;0;
2018/08/26 00:00:47;null;null;null;null;null;null;null;null;
2018/08/26 00:01:07;0;0;0;0;;;;;
2018/08/26 00:01:08;;;;;0;0;0;0;
2018/08/27 00:00:37;null;null;;;;;;;
2018/08/27 00:00:37;;;null;null;null;null;null;null;
2018/08/27 00:00:58;;;;;0;0;0;0;
2018/08/27 00:00:59;0;0;0;0;;;;;
2018/08/27 12:02:34;null;null;null;null;null;null;null;null;
2018/08/27 12:04:09;;;;;0;0;0;0;
2018/08/27 12:04:09;0;0;0;0;;;;;
2018/08/28 00:00:37;null;null;null;null;null;null;null;null;
2018/08/28 00:00:56;;;;;0;0;0;0;
2018/08/28 00:00:57;0;0;0;0;;;;;
2018/08/29 00:00:37;null;null;null;null;null;null;null;null;
2018/08/29 00:00:55;0;0;0;0;;;;;
2018/08/29 00:00:56;;;;;0;0;0;0;
2018/08/30 00:00:47;null;null;null;null;null;null;null;null;
2018/08/30 00:01:06;0;0;0;0;;;;;
2018/08/30 00:01:06;;;;;0;0;0;0;
2018/08/30 15:38:47;;;;;275;;;;
2018/08/30 15:50:41;;;;;;;;275;
2018/08/30 16:06:22;;;;;0;;;;
2018/08/30 16:17:56;;;;;;;;0;
2018/08/31 00:00:37;null;null;null;null;null;null;null;null;
2018/08/31 00:00:59;;;;;0;0;0;0;
2018/08/31 00:00:59;0;;;;;;;;
2018/08/31 00:01:04;;0;0;0;;;;;
2018/09/01 00:00:37;null;null;null;null;null;null;null;null;
2018/09/01 00:01:02;;;;;0;0;0;0;
2018/09/01 00:01:02;0;0;0;0;;;;;
2018/09/02 00:00:47;null;null;null;null;null;null;null;null;
2018/09/02 00:01:09;0;0;0;0;;;;;
2018/09/02 00:01:09;;;;;;;;0;
2018/09/02 00:01:14;;;;;0;0;0;;
2018/09/02 09:27:10;;;;;;;;85;
2018/09/02 09:28:11;;;;;;;;0;
2018/09/03 00:00:47;null;null;null;null;null;null;null;null;
2018/09/03 00:01:07;;;;;0;0;0;0;
2018/09/03 00:01:08;0;0;0;0;;;;;
2018/09/03 06:15:15;;;null;;;;;;
2018/09/03 06:19:32;;;0;;;;;;
2018/09/03 06:19:47;;;894;;;;;;
2018/09/03 06:19:52;;;0;;;;;;
2018/09/03 11:22:10;;102;;;;;;;
2018/09/03 11:51:06;;0;;;;;;;
2018/09/04 00:00:47;null;null;null;null;null;null;null;null;
2018/09/04 00:01:10;;;;;0;0;0;0;
2018/09/04 00:01:12;0;0;0;0;;;;;
2018/09/04 17:13:22;null;null;;;;;;;
2018/09/04 17:13:23;;;null;null;;;;;
2018/09/04 17:13:23;;;;;null;;null;null;
2018/09/04 17:13:23;;;;;;null;;;
2018/09/04 17:13:55;;;;;0;0;0;0;
2018/09/04 17:13:56;0;0;0;0;;;;;
2018/09/05 00:00:37;null;null;null;null;null;null;null;null;
2018/09/05 00:00:56;0;0;0;0;;;;;
2018/09/05 00:00:57;;;;;0;0;0;0;
2018/09/05 14:31:39;;;;;275;;;;
2018/09/05 14:58:38;;;;;0;;;;
2018/09/06 00:00:37;null;null;null;null;null;null;null;null;
2018/09/06 00:01:06;;;;;0;0;0;0;
2018/09/06 00:01:07;0;0;0;0;;;;;
2018/09/07 00:00:37;null;null;null;null;null;null;null;null;
2018/09/07 00:00:55;0;0;0;0;;;;;
2018/09/07 00:00:56;;;;;0;0;0;0;
2018/09/07 19:22:41;;276;;;;;;;
2018/09/07 19:29:44;;;276;;;;;;
2018/09/07 19:50:02;;0;;;;;;;
2018/09/07 19:56:35;;;0;;;;;;
2018/09/07 21:27:26;;;;;;276;;;
2018/09/07 21:54:12;;;;;;0;;;
2018/09/08 00:00:37;null;null;null;null;null;null;null;null;
2018/09/08 00:00:55;;;;;0;0;0;0;
2018/09/08 00:00:56;0;0;0;0;;;;;
2018/09/08 19:14:30;;;;;;;276;;
2018/09/08 19:41:09;;;;;;;0;;
2018/09/08 19:44:25;276;;;;;;;;
2018/09/08 20:11:11;0;;;;;;;;
2018/09/09 00:00:37;null;null;null;null;null;null;null;null;
2018/09/09 00:00:55;;;;;0;0;0;0;
2018/09/09 00:00:56;0;0;0;0;;;;;
2018/09/09 10:30:35;;;276;;;;;;
2018/09/09 10:57:32;;;0;;;;;;
2018/09/10 00:00:37;null;null;null;null;null;null;null;null;
2018/09/10 00:00:56;0;0;0;0;;;;;
2018/09/10 00:00:57;;;;;0;0;0;0;
2018/09/11 00:00:47;null;null;null;null;null;null;null;null;
2018/09/11 00:01:05;;;;;0;0;0;0;
2018/09/11 00:01:06;0;0;0;0;;;;;
2018/09/11 10:16:22;null;null;null;null;null;null;null;null;
2018/09/11 10:21:58;;;;;0;;0;0;
2018/09/11 10:21:58;0;0;0;;;0;;;
2018/09/11 10:21:59;;;;0;;;;;
2018/09/11 16:42:10;null;null;null;null;null;null;null;null;
2018/09/11 17:29:40;0;0;0;0;0;0;0;0;
2018/09/11 17:48:52;null;null;null;null;null;null;null;null;
2018/09/11 18:29:52;0;0;0;0;0;0;0;0;
2018/09/12 00:00:37;null;null;null;null;null;null;null;null;
2018/09/12 00:00:56;;;;;0;0;0;0;
2018/09/12 00:00:58;0;0;0;0;;;;;
2018/09/13 00:00:47;null;null;null;null;null;null;null;null;
2018/09/13 00:01:05;0;0;0;0;;;;;
2018/09/13 00:01:06;;;;;0;0;0;0;
2018/09/14 00:00:37;null;null;null;null;null;null;null;null;
2018/09/14 00:00:56;0;0;0;0;;;;;
2018/09/14 00:00:57;;;;;0;0;0;0;
2018/09/14 12:46:35;;;275;;;;;;
2018/09/14 12:46:46;;;;;;;275;;
2018/09/14 13:13:32;;;0;;;;;;
2018/09/14 13:13:36;;;;;;;0;;
2018/09/14 20:37:33;null;null;null;null;null;null;null;null;
2018/09/14 20:44:39;;0;0;;;;;;
2018/09/14 20:44:40;;;;;0;0;0;0;
2018/09/14 20:44:44;0;;;0;;;;;
2018/09/15 00:00:37;null;null;null;null;null;null;null;null;
2018/09/15 00:00:58;;;;;0;0;0;0;
2018/09/15 00:00:58;0;0;0;0;;;;;
2018/09/15 14:40:56;;;;;275;;;;
2018/09/15 15:07:57;;;;;0;;;;
2018/09/15 17:25:33;276;;;;;;;;
2018/09/15 17:52:19;0;;;;;;;;
2018/09/16 00:00:37;null;null;null;null;null;null;null;null;
2018/09/16 00:00:55;0;0;0;0;;;;;
2018/09/16 00:00:58;;;;;0;0;0;0;
2018/09/16 11:21:20;;;;276;;;;;
2018/09/16 11:48:28;;;;0;;;;;
2018/09/17 00:00:37;null;null;null;null;null;null;null;null;
2018/09/17 00:00:57;;;;;0;0;0;0;
2018/09/17 00:00:57;0;0;0;0;;;;;
2018/09/17 15:30:14;;182;;;;;;;
2018/09/17 15:30:22;;;;;;;;181;
2018/09/17 15:30:39;;;;181;;;;;
2018/09/17 15:30:58;;;;;;;163;;
2018/09/17 15:36:05;;;;;;;189;;
2018/09/17 15:36:20;;;;;;;0;;
2018/09/17 15:36:45;;;;;;;309;;
2018/09/17 15:37:05;;;;;;;0;;
2018/09/17 15:37:42;;0;;;;;;;
2018/09/17 15:38:03;;309;;;;;;;
2018/09/17 15:38:28;;0;;;;;;;
2018/09/17 15:39:13;;;;0;;;;;
2018/09/17 15:39:28;;;;309;;;;;
2018/09/17 15:39:46;;;;;;;;0;
2018/09/17 15:40:14;;;;0;;;;;
2018/09/17 17:14:37;;;;;;852;;;
2018/09/17 17:14:38;852;;852;;;;;;
2018/09/17 17:14:42;;;;;;;315;;
2018/09/17 17:14:43;;852;;852;;;;;
2018/09/17 17:14:52;;;;;;;;852;
2018/09/17 17:14:57;;;;;null;;;;
2018/09/17 17:15:42;;;;;;null;null;null;
2018/09/17 17:15:43;null;null;null;null;;;;;
2018/09/17 17:41:21;;;;;852;;;;
2018/09/17 17:41:53;;;852;;;;;;
2018/09/17 17:42:03;852;;;;;;;;
2018/09/17 17:42:06;;;;;;852;315;;
2018/09/17 17:42:08;;852;;852;;;;;
2018/09/17 17:42:11;;;;;;;;852;
2018/09/17 17:44:24;0;;;;;;;;
2018/09/17 17:45:04;;0;;;;;;;
2018/09/17 17:45:29;;;0;;;;;;
2018/09/17 17:45:52;;;;;;;0;;
2018/09/17 17:46:14;;;;0;;;;;
2018/09/17 17:46:38;;;;;;;;0;
2018/09/17 17:47:08;;;;;0;;;;
2018/09/17 17:47:28;;;;;;0;;;
2018/09/18 00:00:37;null;null;null;null;null;null;null;null;
2018/09/18 00:00:59;;;;;;0;0;0;
2018/09/18 00:01:00;0;0;0;0;;;;;
2018/09/18 00:01:04;;;;;0;;;;
2018/09/18 14:12:37;null;null;null;null;;;null;null;
2018/09/18 14:12:37;;;;;null;null;;;
2018/09/18 14:13:04;;;;;;;0;0;
2018/09/18 14:13:04;0;0;0;0;;;;;
2018/09/18 14:13:09;;;;;0;0;;;
2018/09/19 00:00:38;null;null;null;null;null;null;null;null;
2018/09/19 00:00:57;0;0;0;0;;;;;
2018/09/19 00:00:58;;;;;0;0;0;0;
2018/09/20 00:00:47;null;null;null;null;null;null;null;null;
2018/09/20 00:01:05;0;0;0;0;;;;;
2018/09/20 00:01:05;;;;;0;0;0;0;
2018/09/20 07:23:59;;;;;null;;;null;
2018/09/20 07:24:14;;;;;;;;0;
2018/09/20 07:24:19;;;;;0;;;;
2018/09/20 16:17:40;;;;;0;0;0;0;
2018/09/20 16:17:51;0;0;0;0;;;;;
2018/09/20 17:34:44;;;;;0;;0;0;
2018/09/20 17:34:54;;;;;;0;;;
2018/09/20 17:34:54;0;0;0;0;;;;;
2018/09/20 17:38:37;null;;;;;;;;
2018/09/20 17:38:37;;null;null;null;null;null;null;null;
2018/09/20 17:38:55;0;0;0;0;;;;;
2018/09/20 17:38:55;;;;;0;0;0;0;
2018/09/21 00:00:47;null;null;null;null;null;null;null;null;
2018/09/21 00:01:21;;;;;0;0;0;0;
2018/09/21 00:01:23;0;0;0;0;;;;;
2018/09/21 17:38:57;;;;;;;275;;
2018/09/21 18:05:46;;;;;;;0;;
2018/09/22 00:00:47;null;null;null;null;null;null;null;null;
2018/09/22 00:01:05;;;;;0;0;0;0;
2018/09/22 00:01:07;0;0;0;0;;;;;
2018/09/23 00:00:37;null;null;null;null;null;null;null;null;
2018/09/23 00:00:58;0;0;0;0;;;;;
2018/09/23 00:00:59;;;;;;;;0;
2018/09/23 00:01:04;;;;;0;0;0;;
2018/09/24 00:00:38;null;;;;;;;;
2018/09/24 00:00:38;;null;null;null;null;null;null;null;
2018/09/24 00:00:56;;;;;;;0;;
2018/09/24 00:00:56;;;;;0;0;;0;
2018/09/24 00:00:57;0;0;0;0;;;;;
2018/09/24 14:24:07;;;;;;;;356;
2018/09/24 14:25:07;;;;;;;;0;
2018/09/24 14:33:31;;;;;;;;356;
2018/09/24 14:34:31;;;;;;;;0;
2018/09/24 16:06:34;null;null;null;null;null;null;null;null;
2018/09/24 16:36:07;;;;;0;0;0;;
2018/09/24 16:36:07;0;0;0;0;;;;;
2018/09/24 16:36:09;;;;;;;;0;
2018/09/25 00:00:47;null;null;null;null;null;null;null;null;
2018/09/25 00:01:04;;;;;;;;0;
2018/09/25 00:01:06;0;0;0;0;;;;;
2018/09/25 00:01:09;;;;;0;0;0;;
2018/09/25 03:16:52;;;;976;;;;;
2018/09/25 03:17:53;;;;0;;;;;
2018/09/25 07:37:10;356;;;;;;;;
2018/09/25 07:38:11;0;;;;;;;;
2018/09/25 10:08:59;0;0;0;0;;;;;
2018/09/25 10:08:59;;;;;;;0;0;
2018/09/25 10:09:00;;;;;0;0;;;
2018/09/25 10:21:32;180;;;;;;;;
2018/09/25 10:26:04;0;;;;;;;;
2018/09/25 10:27:19;356;;;;;;;;
2018/09/25 10:27:39;;;;976;;;;;
2018/09/25 10:28:19;0;;;;;;;;
2018/09/25 10:28:39;;;;0;;;;;
2018/09/25 10:32:36;84;;;;;;;;
2018/09/25 10:33:36;0;;;;;;;;
2018/09/25 10:43:14;976;;;;;;;;
2018/09/25 10:44:14;0;;;;;;;;
2018/09/25 10:46:05;356;;;;;;;;
2018/09/25 10:47:05;84;;;;;;;;
2018/09/25 10:47:15;0;;;;;;;;
2018/09/25 10:52:22;null;;;;;;;;
2018/09/25 10:57:23;0;;;;;;;;
2018/09/25 11:05:20;0;0;0;;;;;;
2018/09/25 11:05:20;;;;0;0;0;0;0;
2018/09/25 11:28:17;356;;;;;;;;
2018/09/25 11:29:18;0;;;;;;;;
2018/09/25 11:31:13;180;;;;;;;;
2018/09/25 11:34:29;0;;;;;;;;
2018/09/25 11:52:20;356;;;;;;;;
2018/09/25 11:53:21;0;;;;;;;;
2018/09/25 12:03:59;356;;;;;;;;
2018/09/25 12:04:59;0;;;;;;;;
2018/09/25 12:12:02;356;;;;;;;;
2018/09/25 12:13:02;100;;;;;;;;
2018/09/25 12:13:23;0;;;;;;;;
2018/09/25 12:19:25;356;;;;;;;;
2018/09/25 12:20:25;100;;;;;;;;
2018/09/25 12:20:35;0;;;;;;;;
2018/09/25 13:01:49;;;;;0;0;0;0;
2018/09/25 13:01:50;;0;0;0;;;;;
2018/09/25 13:01:56;0;;;;;;;;
2018/09/25 13:35:05;180;;;;;;;;
2018/09/25 14:10:13;0;;;;;;;;
2018/09/25 16:06:59;;976;;;;;;;
2018/09/25 16:07:59;;0;;;;;;;
2018/09/25 16:09:09;;;;180;;;;;
2018/09/25 16:17:57;;;;0;;;;;
2018/09/25 17:39:05;;;;976;;;;;
2018/09/25 17:40:06;;;;0;;;;;
2018/09/25 17:43:47;;;;976;;;;;
2018/09/25 17:44:47;;;;0;;;;;
2018/09/25 18:37:40;976;;;;;;;;
2018/09/25 18:38:40;0;;;;;;;;
2018/09/25 19:07:31;356;;;;;;;;
2018/09/25 19:07:36;338;;;;;;;;
2018/09/25 19:08:36;0;;;;;;;;
2018/09/25 19:10:12;356;;;;;;;;
2018/09/25 19:10:17;153;;;;;;;;
2018/09/25 19:11:18;0;;;;;;;;
2018/09/25 19:25:43;180;;;;;;;;
2018/09/25 20:20:10;;;;180;;;;;
2018/09/25 21:10:04;;356;;;;;;;
2018/09/25 21:11:04;0;0;;;;;;;
2018/09/25 21:11:35;;180;;;;;;;
2018/09/25 21:11:55;;;;144;;;;;
2018/09/25 21:12:30;356;0;;;;;;;
2018/09/25 21:13:30;0;;;;;;;;
2018/09/25 21:19:07;356;;;;;;;;
2018/09/25 21:19:12;338;;;;;;;;
2018/09/25 21:19:58;0;;;;;;;;
2018/09/25 21:21:38;;356;;;;;;;
2018/09/25 21:22:39;;0;;;;;;;
2018/09/25 21:22:59;356;;;;;;;;
2018/09/25 21:23:59;0;;;;;;;;
2018/09/25 21:26:40;;;144;;;;;;
2018/09/25 21:27:15;;356;;;;;;;
2018/09/25 21:27:50;;0;;;;;;;
2018/09/25 21:28:36;356;;;;;;;;
2018/09/25 21:29:36;0;;;;;;;;
2018/09/25 21:40:20;;;0;;;;;;
2018/09/25 21:40:45;338;;;;;;;;
2018/09/25 21:41:10;;356;;;;;;;
2018/09/25 21:41:50;0;;;;;;;;
2018/09/25 21:42:10;;0;;;;;;;
2018/09/25 21:43:21;891;;;;;;;;
2018/09/25 21:46:22;;356;;;;;;;
2018/09/25 21:47:23;;100;;;;;;;
2018/09/25 21:47:43;;;356;;;;;;
2018/09/25 21:48:33;0;;;;;;;;
2018/09/25 21:48:43;;;0;;;;;;
2018/09/25 21:50:09;356;;;;;;;;
2018/09/25 21:51:04;100;;;;;;;;
2018/09/25 21:53:15;180;;;;;;;;
2018/09/25 21:54:16;0;;;;;;;;
2018/09/25 21:54:56;;0;;;;;;;
2018/09/25 21:59:48;;356;;;;;;;
2018/09/25 22:00:43;;0;;;;;;;
2018/09/25 22:01:13;356;;;;;;;;
2018/09/25 22:01:54;0;;;;;;;;
2018/09/25 22:05:40;;356;;;;;;;
2018/09/25 22:06:15;356;;;;;;;;
2018/09/25 22:06:41;;100;;;;;;;
2018/09/25 22:07:16;100;;;;;;;;
2018/09/25 22:08:11;;180;;;;;;;
2018/09/25 22:14:59;;0;;;;;;;
2018/09/25 22:15:29;0;;;;;;;;
2018/09/25 22:18:55;356;;;;;;;;
2018/09/25 22:19:31;;;144;;;;;;
2018/09/25 22:19:36;;;84;;;;;;
2018/09/25 22:19:56;0;;;;;;;;
2018/09/25 22:20:36;;;144;;;;;;
2018/09/25 22:21:41;;79;;;;;;;
2018/09/25 22:22:42;;0;;;;;;;
2018/09/25 22:28:48;356;;;;;;;;
2018/09/25 22:29:49;0;;;;;;;;
2018/09/25 22:30:04;891;;;;;;;;
2018/09/25 22:30:39;0;;;;;;;;
2018/09/25 22:31:45;338;;;;;;;;
2018/09/25 22:32:45;0;;;;;;;;
2018/09/25 22:36:06;356;;;;;;;;
2018/09/25 22:37:06;0;;;;;;;;
2018/09/25 22:38:37;180;;;;;;;;
2018/09/25 22:48:01;;;;0;;;;;
2018/09/25 22:48:11;;;0;;;;;;
2018/09/25 22:53:03;0;;;;;;;;
2018/09/25 22:57:25;356;;;;;;;;
2018/09/25 22:58:25;100;;;;;;;;
2018/09/25 22:59:05;0;;;;;;;;
2018/09/25 23:04:08;356;;;;;;;;
2018/09/25 23:05:08;100;;;;;;;;
2018/09/25 23:07:14;0;;;;;;;;
2018/09/25 23:09:00;338;;;;;;;;
2018/09/25 23:10:00;0;;;;;;;;
2018/09/25 23:14:42;356;;;;;;;;
2018/09/25 23:15:27;0;;;;;;;;
2018/09/25 23:19:04;356;;;;;;;;
2018/09/25 23:20:04;0;;;;;;;;
2018/09/25 23:21:35;356;;;;;;;;
2018/09/25 23:22:35;180;;;;;;;;
2018/09/25 23:23:00;0;;;;;;;;
2018/09/25 23:26:42;356;;;;;;;;
2018/09/25 23:27:42;100;;;;;;;;
2018/09/25 23:28:12;0;;;;;;;;
2018/09/25 23:32:14;338;;;;;;;;
2018/09/25 23:33:14;0;;;;;;;;
2018/09/25 23:34:25;356;;;;;;;;
2018/09/25 23:35:25;191;;;;;;;;
2018/09/25 23:35:35;0;;;;;;;;
2018/09/25 23:41:58;356;;;;;;;;
2018/09/25 23:42:59;0;;;;;;;;
2018/09/25 23:43:09;;;;356;;;;;
2018/09/25 23:44:09;;;;0;;;;;
2018/09/25 23:44:14;356;;;;;;;;
2018/09/25 23:45:10;100;;;;;;;;
2018/09/25 23:53:08;0;;;;;;;;
2018/09/25 23:54:18;356;;;;;;;;
2018/09/25 23:55:19;100;;;;;;;;
2018/09/25 23:55:29;;;;356;;;;;
2018/09/25 23:56:29;;;;0;;;;;
2018/09/25 23:56:50;180;;;;;;;;
2018/09/26 00:00:37;null;null;null;null;null;null;null;null;
2018/09/26 00:00:56;180;0;0;0;;;;;
2018/09/26 00:00:56;;;;;0;0;0;0;
2018/09/26 00:01:11;;;;356;;;;;
2018/09/26 00:02:11;;;;0;;;;;
2018/09/26 00:03:02;;356;;;;;;;
2018/09/26 00:03:57;;0;;;;;;;
2018/09/26 00:04:12;;;;180;;;;;
2018/09/26 00:06:03;;;144;;;;;;
2018/09/26 00:06:08;;;84;;;;;;
2018/09/26 00:07:08;;;144;;;;;;
2018/09/26 00:09:09;;180;;;;;;;
2018/09/26 00:23:20;;;;;;;;144;
2018/09/26 00:27:06;;;;;;144;;;
2018/09/26 00:27:11;;;;;;191;;;
2018/09/26 00:28:11;;;;;;144;;;
2018/09/26 00:30:47;;;;;;;144;;
2018/09/26 01:19:18;100;;;;;;;;
2018/09/26 01:19:23;0;;;;;;;;
2018/09/26 01:19:48;;0;;;;;;;
2018/09/26 01:20:18;356;;;;;;;;
2018/09/26 01:20:23;;;;144;;;;;
2018/09/26 01:21:18;0;;;;;;;;
2018/09/26 01:25:01;;;;;;;0;;
2018/09/26 01:25:40;;356;;;;;;;
2018/09/26 01:26:41;;0;;;;;;;
2018/09/26 01:28:43;;;;;;0;;;
2018/09/26 01:31:12;356;;;;;;;;
2018/09/26 01:32:13;0;;;;;;;;
2018/09/26 01:34:54;356;;;;;;;;
2018/09/26 01:35:49;;;;0;;;;;
2018/09/26 01:35:54;84;;;;;;;;
2018/09/26 01:36:04;0;;;;;;;;
2018/09/26 01:36:56;;;;;;;;0;
2018/09/26 01:38:20;356;;;;;;;;
2018/09/26 01:39:21;100;;;;;;;;
2018/09/26 01:47:29;;;;356;;;;;
2018/09/26 01:48:29;;;;0;;;;;
2018/09/26 01:49:30;;356;;;;;;;
2018/09/26 01:50:30;;0;;;;;;;
2018/09/26 01:52:21;;356;;;;;;;
2018/09/26 01:53:21;;0;;;;;;;
2018/09/26 01:54:57;;356;;;;;;;
2018/09/26 01:55:57;;100;;;;;;;
2018/09/26 01:56:37;;180;;;;;;;
2018/09/26 01:57:18;;;;79;;;;;
2018/09/26 01:58:18;;;;83;;;;;
2018/09/26 01:58:28;;;;0;;;;;
2018/09/26 02:06:36;;;;356;;;;;
2018/09/26 02:06:41;;;;338;;;;;
2018/09/26 02:07:36;;;0;;;;;;
2018/09/26 02:07:46;;;;0;;;;;
2018/09/26 02:12:38;;;;356;;;;;
2018/09/26 02:12:58;;;356;;;;;;
2018/09/26 02:13:38;;;;0;;;;;
2018/09/26 02:13:59;;;0;;;;;;
2018/09/26 02:14:39;;;;;;144;;;
2018/09/26 02:14:49;;;;;;191;;;
2018/09/26 02:15:14;;;;;;;;144;
2018/09/26 02:15:24;;;;;;;144;;
2018/09/26 02:15:34;;;;;;;84;;
2018/09/26 02:15:50;;;;;;144;;;
2018/09/26 02:15:59;;;;144;;;;;
2018/09/26 02:16:30;;;;;;;144;;
2018/09/26 02:16:40;;;356;;;;;;
2018/09/26 02:17:35;;;0;;;;;;
2018/09/26 02:19:05;;;144;;;;;;
2018/09/26 02:19:15;;;83;;;;;;
2018/09/26 02:20:16;;;144;;;;;;
2018/09/26 02:20:56;;;;180;;;;;
2018/09/26 02:32:04;;;;;144;;;;
2018/09/26 02:52:10;;;;;0;;;;
2018/09/26 03:03:20;;;;;;0;;;
2018/09/26 03:04:35;;;;;;;0;;
2018/09/26 03:04:55;;;;;;;;0;
2018/09/26 03:38:48;;;0;;;;;;
2018/09/26 04:26:36;;;;;;144;;;
2018/09/26 04:26:41;;;;;;84;;;
2018/09/26 04:27:55;;;;;;;;144;
2018/09/26 04:27:55;;;;;;144;;;
2018/09/26 04:27:56;;;84;;;;;;
2018/09/26 04:28:52;;;144;;;;;;
2018/09/26 04:38:30;;;;;;0;;;
2018/09/26 04:47:30;;;0;;;;;;
2018/09/26 04:52:05;;;;;;;;0;
2018/09/26 07:20:10;null;;;;;;;;
2018/09/26 07:25:12;0;;;;;;;;
2018/09/26 07:27:18;;null;;;;;;;
2018/09/26 07:29:54;;0;;;;;;;
2018/09/26 07:33:46;;;;null;;;;;
2018/09/26 07:36:27;;;;0;;;;;
2018/09/26 07:42:47;356;;;;;;;;
2018/09/26 07:42:54;84;;;;;;;;
2018/09/26 07:43:04;0;;;;;;;;
2018/09/26 08:02:46;;;;356;;;;;
2018/09/26 08:03:47;;;;0;;;;;
2018/09/26 08:04:57;356;;;;;;;;
2018/09/26 08:05:58;0;;;;;;;;
2018/09/26 08:17:27;;;;356;;;;;
2018/09/26 08:18:28;;;;0;;;;;
2018/09/26 08:25:50;;;;356;;;;;
2018/09/26 08:26:51;;;;0;;;;;
2018/09/26 09:32:40;356;;;;;;;;
2018/09/26 09:33:31;0;;;;;;;;
2018/09/26 09:33:56;180;;;;;;;;
2018/09/26 09:34:21;0;;;;;;;;
2018/09/26 09:35:26;356;;;;;;;;
2018/09/26 09:36:27;0;;;;;;;;
2018/09/26 09:38:53;976;;;;;;;;
2018/09/26 09:39:53;0;;;;;;;;
2018/09/26 09:44:40;;;;153;;;;;
2018/09/26 09:45:40;;;;180;;;;;
2018/09/26 09:50:17;356;;;;;;;;
2018/09/26 09:51:17;0;;;;;;;;
2018/09/26 09:55:56;;;;;0;;0;;
2018/09/26 09:55:56;;;0;;;0;;0;
2018/09/26 09:55:56;;0;;;;;;;
2018/09/26 09:56:05;0;;;;;;;;
2018/09/26 09:56:05;;;;0;;;;;
2018/09/26 10:14:11;356;;;;;;;;
2018/09/26 10:15:11;0;;;;;;;;
2018/09/26 10:18:22;356;;;;;;;;
2018/09/26 10:19:22;180;;;;;;;;
2018/09/26 10:19:48;0;;;;;;;;
2018/09/26 10:24:29;356;;;;;;;;
2018/09/26 10:25:29;100;;;;;;;;
2018/09/26 10:33:33;null;;;;;;;;
2018/09/26 10:34:18;;;;356;;;;;
2018/09/26 10:35:18;;;;0;;;;;
2018/09/26 10:36:14;0;;;;;;;;
2018/09/26 10:37:39;79;;;;;;;;
2018/09/26 10:38:34;0;;;;;;;;
2018/09/26 10:48:24;356;;;;;;;;
2018/09/26 10:49:14;0;;;;;;;;
2018/09/26 10:54:11;356;;;;;;;;
2018/09/26 10:54:16;338;;;;;;;;
2018/09/26 10:54:46;0;;;;;;;;
2018/09/26 10:54:51;;;180;;;;;;
2018/09/26 10:55:21;;;0;;;;;;
2018/09/26 11:02:19;180;;;;;;;;
2018/09/26 11:07:21;0;;;;;;;;
2018/09/26 11:09:06;338;;;;;;;;
2018/09/26 11:10:02;0;;;;;;;;
2018/09/26 11:21:46;356;;;;;;;;
2018/09/26 11:22:46;0;;;;;;;;
2018/09/26 11:34:40;356;;;;;;;;
2018/09/26 11:35:15;;;;976;;;;;
2018/09/26 11:35:40;0;;;;;;;;
2018/09/26 11:36:15;;;;0;;;;;
2018/09/26 11:40:02;356;;;;;;;;
2018/09/26 11:41:02;0;;;;;;;;
2018/09/26 11:49:15;;;;356;;;;;
2018/09/26 11:50:15;;;;0;;;;;
2018/09/26 11:51:16;;;;180;;;;;
2018/09/26 11:51:56;356;;;;;;;;
2018/09/26 11:52:56;100;356;;;;;;;
2018/09/26 11:53:27;0;;;;;;;;
2018/09/26 11:53:42;;0;;;;;;;
2018/09/26 11:54:02;;;;0;;;;;
2018/09/26 11:54:52;180;;;;;;;;
2018/09/26 11:55:17;0;;;;;;;;
2018/09/26 11:56:05;;;;;;;144;;
2018/09/26 11:56:07;;;;356;;;;;
2018/09/26 11:56:15;;;;;;;84;;
2018/09/26 11:56:35;;;;;;;144;;
2018/09/26 11:56:45;;;;;;;;144;
2018/09/26 11:56:53;;;;0;;;;;
2018/09/26 11:57:38;356;;;;;;;;
2018/09/26 11:58:38;100;;;;;;;;
2018/09/26 12:00:39;0;;;;;;;;
2018/09/26 12:01:19;;;144;;;;;;
2018/09/26 12:01:24;;;84;;;;;;
2018/09/26 12:01:39;356;;;;;;;;
2018/09/26 12:01:44;;;;356;;;;;
2018/09/26 12:02:24;;;144;;;;;;
2018/09/26 12:02:39;100;;;;;;;;
2018/09/26 12:02:44;;;;144;;;;;
2018/09/26 12:15:57;;;;;0;;;;
2018/09/26 12:15:57;;;;;;0;;;
2018/09/26 12:16:02;;0;;;;;144;144;
2018/09/26 12:49:51;;;;;0;0;;;
2018/09/26 12:49:55;100;;144;144;;;144;;
2018/09/26 12:49:55;;0;;;;;;;
2018/09/26 12:49:59;;;;;;;;0;
2018/09/26 12:57:11;;;;0;;;;;
2018/09/26 12:58:22;;;;;;;0;;
2018/09/26 13:00:57;;;0;;;;;;
2018/09/26 13:02:48;;;;79;;;;;
2018/09/26 13:03:48;;;;0;;;;;
2018/09/26 13:04:53;;;;976;;;;;
2018/09/26 13:05:54;;;;0;;;;;
2018/09/26 13:13:57;0;;;;;;;;
2018/09/26 13:15:32;338;;;;;;;;
2018/09/26 13:16:38;0;;;;;;;;
2018/09/26 13:20:04;356;;;;;;;;
2018/09/26 13:21:00;0;;;;;;;;
2018/09/26 13:21:25;;;;356;;;;;
2018/09/26 13:22:25;;;;0;;;;;
2018/09/26 13:23:36;;;;180;;;;;
2018/09/26 13:27:42;356;;;;;;;;
2018/09/26 13:28:43;0;;;;;;;;
2018/09/26 13:30:58;180;;;;;;;;
2018/09/26 13:41:17;0;;;;;;;;
2018/09/26 13:42:52;356;;;;;;;;
2018/09/26 13:42:58;338;;;;;;;;
2018/09/26 13:43:03;;;;0;;;;;
2018/09/26 13:43:48;100;;;;;;;;
2018/09/26 13:44:54;0;;;;;;;;
2018/09/26 14:08:42;356;;;;;;;;
2018/09/26 14:09:43;100;;;;;;;;
2018/09/26 14:09:48;0;;;;;;;;
2018/09/26 15:27:43;356;;;;;;;;
2018/09/26 15:28:43;0;;;;;;;;
2018/09/27 00:00:47;null;null;null;null;null;null;null;null;
2018/09/27 00:01:05;0;0;0;0;;;;;
2018/09/27 00:01:06;;;;;0;0;0;0;
2018/09/27 14:42:25;356;;;;;;;;
2018/09/27 14:43:20;0;;;;;;;;
2018/09/27 14:43:40;180;;;;;;;;
2018/09/27 14:44:20;0;;;;;;;;
2018/09/28 00:00:37;null;null;null;null;null;null;null;null;
2018/09/28 00:00:56;0;0;0;0;;;;;
2018/09/28 00:00:57;;;;;0;0;0;0;
2018/09/28 09:55:37;976;;;;;;;;
2018/09/28 09:56:37;0;;;;;;;;
2018/09/28 17:01:13;;81;;;;;;;
2018/09/28 17:02:13;;0;;;;;;;
2018/09/28 20:53:12;276;;;;;;;;
2018/09/28 21:19:57;0;;;;;;;;
2018/09/28 22:25:53;;;;;;;;275;
2018/09/28 22:57:14;;;;;;;;0;
2018/09/29 00:00:37;null;null;null;null;null;null;null;null;
2018/09/29 00:00:57;;;;;0;0;0;0;
2018/09/29 00:00:58;0;0;0;0;;;;;
2018/09/29 02:57:44;976;;;;;;;;
2018/09/29 02:58:44;0;;;;;;;;
2018/09/29 11:54:07;430;;;;;;;;
2018/09/29 11:55:12;84;;;;;;;;
2018/09/29 11:55:17;0;;;;;;;;
2018/09/30 00:00:47;null;null;null;null;null;null;null;null;
2018/09/30 00:01:06;;;;;0;0;0;0;
2018/09/30 00:01:07;0;0;0;0;;;;;
2018/09/30 00:25:47;87;;;;;;;;
2018/09/30 00:32:14;0;;;;;;;;
2018/10/01 00:00:37;null;null;null;null;null;null;null;null;
2018/10/01 00:00:56;;;;;0;0;0;0;
2018/10/01 00:00:56;0;0;0;0;;;;;
2018/10/02 00:00:37;null;null;null;null;null;;null;null;
2018/10/02 00:00:37;;;;;;null;;;
2018/10/02 00:00:58;;;;;0;0;0;0;
2018/10/02 00:00:59;0;0;0;0;;;;;
2018/10/02 10:29:16;null;null;null;null;;;;;
2018/10/02 10:29:18;;;;;null;null;null;null;
2018/10/02 12:19:03;;;;;0;0;0;0;
2018/10/02 12:19:05;0;0;0;0;;;;;
2018/10/03 00:00:38;null;null;null;null;null;null;null;null;
2018/10/03 00:00:59;;;;;0;0;0;0;
2018/10/03 00:00:59;0;;;;;;;;
2018/10/03 00:01:04;;0;0;0;;;;;
2018/10/03 17:33:15;null;null;null;null;null;null;null;null;
2018/10/03 17:54:22;0;;;;0;0;0;0;
2018/10/03 17:54:22;;0;0;0;;;;;
2018/10/04 00:00:47;null;;;;;;;;
2018/10/04 00:00:47;;null;null;null;null;null;null;null;
2018/10/04 00:01:07;0;0;0;0;;;;;
2018/10/04 00:01:07;;;;;0;0;0;0;
2018/10/04 11:07:45;null;null;null;null;null;null;null;null;
2018/10/04 11:08:14;0;0;;;;;;;
2018/10/04 11:08:14;;;0;0;0;0;0;0;
2018/10/04 21:50:35;976;;;;;;;;
2018/10/04 21:51:36;0;;;;;;;;
2018/10/05 00:00:47;null;null;;;;;;;
2018/10/05 00:00:47;;;null;null;null;null;null;null;
2018/10/05 00:01:06;0;0;0;0;;;;;
2018/10/05 00:01:06;;;;;0;0;0;0;
2018/10/05 12:22:40;;82;;;;;;;
2018/10/05 12:23:25;;0;;;;;;;
2018/10/06 00:00:38;null;null;null;;;;;;
2018/10/06 00:00:38;;;;null;null;null;null;null;
2018/10/06 00:00:56;;;;;0;0;0;0;
2018/10/06 00:00:57;0;0;0;0;;;;;
2018/10/07 00:00:38;null;null;null;null;null;null;null;null;
2018/10/07 00:00:57;;;;;0;0;0;0;
2018/10/07 00:00:57;0;0;0;0;;;;;
2018/10/07 00:49:01;976;;;;;;;;
2018/10/07 00:50:01;0;;;;;;;;
2018/10/08 09:00:31;0;0;0;0;;;;;
2018/10/08 09:00:36;;;;;0;0;0;0;
2018/10/09 00:00:37;null;null;null;null;null;null;null;null;
2018/10/09 00:00:55;0;0;0;0;;;;;
2018/10/09 00:00:57;;;;;0;0;0;0;
2018/10/09 07:50:55;309;309;309;;;;;;
2018/10/09 07:50:59;;;;;;;309;;
2018/10/09 07:51:00;;;;309;;;;;
2018/10/09 07:51:04;;;;;309;309;;309;
2018/10/09 07:58:47;;;;;;;315;;
2018/10/09 07:58:48;315;;;315;;;;;
2018/10/09 07:58:53;;315;;;;;;;
2018/10/09 07:58:57;;;;;;315;;315;
2018/10/09 07:58:58;;182;null;;;;;;
2018/10/09 07:59:02;;;;;null;;;;
2018/10/09 07:59:12;;;;;;181;;;
2018/10/09 07:59:32;;;;;;;;182;
2018/10/09 07:59:38;;null;;;;;;;
2018/10/09 07:59:52;;;;;;null;null;null;
2018/10/09 07:59:58;;;;null;;;;;
2018/10/09 08:00:13;null;;;;;;;;
2018/10/09 17:06:16;;;;;309;;;;
2018/10/09 17:06:31;;;;;894;;;;
2018/10/09 17:06:36;;;;;0;;;;
2018/10/09 17:06:54;;182;;;;;;;
2018/10/09 17:07:01;;;;;;;315;;
2018/10/09 17:07:11;;;;;;181;;182;
2018/10/09 17:07:14;;;;315;;;;;
2018/10/09 17:07:29;315;;;;;;;;
2018/10/09 17:16:14;;;;;;;0;;
2018/10/09 17:16:23;;;;0;;;;;
2018/10/09 17:16:28;0;;;;;;;;
2018/10/09 17:21:55;;0;;;;;;;
2018/10/09 17:22:00;976;;;;;;;;
2018/10/09 17:22:57;;;;;;0;;;
2018/10/09 17:23:00;0;;;;;;;;
2018/10/09 17:23:17;;;;;;;;0;
2018/10/09 17:34:45;;;309;;;;;;
2018/10/09 17:35:30;;;0;;;;;;
2018/10/09 17:36:36;;;null;;;;;;
2018/10/09 17:36:51;;;0;;;;;;
2018/10/09 17:38:46;;;null;;;;;;
2018/10/09 17:43:08;;;0;;;;;;
2018/10/09 17:43:18;;;894;;;;;;
2018/10/09 17:43:23;;;0;;;;;;
2018/10/10 00:00:37;null;null;null;null;null;null;null;null;
2018/10/10 00:00:55;0;0;0;0;;;;;
2018/10/10 00:00:57;;;;;0;0;0;0;
2018/10/10 08:11:33;;;;;;;309;;
2018/10/10 08:11:33;309;309;309;309;;;;;
2018/10/10 08:11:38;;;;;309;309;;309;
2018/10/10 08:16:00;315;315;;315;;;;;
2018/10/10 08:16:10;;;;;;315;315;;
2018/10/10 08:16:15;;;null;;;;;;
2018/10/10 08:16:20;;181;;;;;;;
2018/10/10 08:16:30;;;;;;;;null;
2018/10/10 08:16:40;;;;;null;;;;
2018/10/10 08:16:51;null;null;;;;;;;
2018/10/10 08:17:01;;;;null;;;;;
2018/10/10 08:17:05;;;;;;;null;;
2018/10/10 08:17:15;;;;;;null;;;
2018/10/10 15:45:44;;;;;309;;;315;
2018/10/10 15:46:09;315;181;;;;;;;
2018/10/10 15:46:14;;;;315;;;;;
2018/10/10 15:46:19;;;;;0;;;;
2018/10/10 15:46:24;;;;;;315;315;;
2018/10/10 15:47:05;;;0;;;;;;
2018/10/10 15:49:26;0;0;;;;;;;
2018/10/10 15:49:30;;;;;;0;0;0;
2018/10/10 15:49:31;;;;0;;;;;
2018/10/11 00:00:47;null;null;null;null;;;null;null;
2018/10/11 00:00:47;;;;;null;null;;;
2018/10/11 00:01:06;0;0;0;0;;;;;
2018/10/11 00:01:07;;;;;0;0;0;0;
2018/10/11 07:53:30;309;309;;;;;;;
2018/10/11 07:53:35;;;;;;;309;;
2018/10/11 07:53:35;;;309;;;;;;
2018/10/11 07:53:41;;;;309;;;;;
2018/10/11 07:53:46;;;;;;;;309;
2018/10/11 07:53:51;;;;;309;309;;;
2018/10/11 08:03:25;315;315;;315;;;;;
2018/10/11 08:03:34;;;;;;315;315;;
2018/10/11 08:03:40;;;null;;;;;;
2018/10/11 08:03:44;;;;;;;;315;
2018/10/11 08:03:49;;;;;;;;null;
2018/10/11 08:03:54;;;;;null;;;;
2018/10/11 08:04:04;;;;;;;;315;
2018/10/11 08:04:15;null;;;;;;;;
2018/10/11 08:04:20;;null;;;;;;;
2018/10/11 08:04:25;;;;null;;;;;
2018/10/11 08:04:34;;;;;;;;null;
2018/10/11 08:04:39;;;;;;null;null;;
2018/10/11 16:01:37;;;;;;;;315;
2018/10/11 16:01:37;315;;;;;;;;
2018/10/11 16:01:42;;;;;;315;315;;
2018/10/11 16:01:42;;315;;315;;;;;
2018/10/11 16:02:43;;;0;;;;;;
2018/10/11 16:02:57;;;;;0;;;;
2018/10/11 16:05:08;;;;;;;0;;
2018/10/11 16:05:08;0;0;;;;;;;
2018/10/11 16:05:13;;;;;;0;;0;
2018/10/11 16:05:14;;;;0;;;;;
2018/10/11 16:05:58;;;;;;;893;;
2018/10/11 16:05:59;;893;893;;;;;;
2018/10/11 16:06:03;;;;;893;;;893;
2018/10/11 16:06:08;;;;;;893;;;
2018/10/11 16:08:04;;;;;;0;;;
2018/10/11 16:08:09;;;;;0;;;0;
2018/10/11 16:09:09;;;;;;;0;;
2018/10/11 16:09:20;;;0;;;;;;
2018/10/11 16:09:35;;0;;;;;;;
2018/10/11 16:11:46;976;;;;;;;;
2018/10/11 16:12:46;0;;;;;;;;
2018/10/11 21:29:56;976;;;;;;;;
2018/10/11 21:30:57;0;;;;;;;;
2018/10/11 22:58:27;276;;;;;;;;
2018/10/11 23:25:08;0;;;;;;;;
2018/10/12 00:00:37;null;null;null;null;null;null;null;null;
2018/10/12 00:00:55;;;;;0;0;0;0;
2018/10/12 00:00:56;0;0;0;0;;;;;
2018/10/12 08:18:06;309;309;309;309;;;;;
2018/10/12 08:18:12;;;;;309;309;309;309;
2018/10/12 08:23:38;315;315;;315;;;;;
2018/10/12 08:23:45;;;;;;315;315;;
2018/10/12 08:23:48;;;null;;;;;;
2018/10/12 08:23:55;;;;;;;;null;
2018/10/12 08:24:10;;;;;null;;;;
2018/10/12 08:24:15;;;;;;;;315;
2018/10/12 08:24:18;181;;;;;;;;
2018/10/12 08:24:28;;null;;null;;;;;
2018/10/12 08:24:40;;;;;;;null;;
2018/10/12 08:24:43;null;;;;;;;;
2018/10/12 08:24:45;;;;;;null;;null;
2018/10/12 11:01:49;181;315;0;315;;;;;
2018/10/12 11:01:51;;;;;0;315;315;315;
2018/10/12 11:03:04;0;0;;;;;;;
2018/10/12 11:03:06;;;;;;;0;;
2018/10/12 11:03:09;;;;0;;;;;
2018/10/12 11:03:11;;;;;;0;;0;
2018/10/13 00:00:47;null;null;null;null;null;null;null;null;
2018/10/13 00:01:07;0;0;0;0;;;;;
2018/10/13 00:01:07;;;;;0;0;0;0;
2018/10/14 00:00:37;null;null;null;null;null;null;null;null;
2018/10/14 00:00:59;;;;;0;0;0;0;
2018/10/14 00:01:04;0;0;0;0;;;;;
2018/10/15 00:00:47;null;null;null;null;null;null;null;null;
2018/10/15 00:01:06;0;0;0;0;;;;;
2018/10/15 00:01:07;;;;;0;0;0;0;
2018/10/16 00:00:47;null;null;null;null;null;null;null;null;
2018/10/16 00:01:05;;;;;0;0;0;0;
2018/10/16 00:01:06;0;0;0;0;;;;;
2018/10/16 03:38:14;976;;;;;;;;
2018/10/16 03:39:14;0;;;;;;;;
2018/10/17 00:00:47;null;null;null;null;null;null;null;null;
2018/10/17 00:01:05;;;;;0;0;0;0;
2018/10/17 00:01:07;0;0;0;0;;;;;
2018/10/17 17:23:17;;;;;0;0;0;0;
2018/10/17 17:23:17;0;0;0;0;;;;;
2018/10/17 17:48:00;;;;;0;0;0;0;
2018/10/17 17:48:06;0;0;0;0;;;;;
2018/10/17 18:35:22;;;;;0;0;0;0;
2018/10/17 18:35:22;0;0;0;0;;;;;
2018/10/18 00:00:37;null;null;null;null;null;null;null;null;
2018/10/18 00:00:56;0;0;0;0;;;;;
2018/10/18 00:00:57;;;;;0;0;0;0;
2018/10/19 00:00:47;null;null;null;null;null;null;null;null;
2018/10/19 00:01:05;0;0;0;0;;;;;
2018/10/19 00:01:06;;;;;0;0;0;0;
2018/10/19 04:37:44;976;;;;;;;;
2018/10/19 04:38:44;0;;;;;;;;
2018/10/20 00:00:47;null;null;null;null;null;null;null;null;
2018/10/20 00:01:15;;;;;0;0;0;0;
2018/10/20 00:01:16;0;0;0;0;;;;;
2018/10/20 17:12:03;976;;;;;;;;
2018/10/20 17:13:04;0;;;;;;;;
2018/10/21 00:00:37;null;null;null;null;null;null;null;null;
2018/10/21 00:00:57;0;0;0;0;;;;;
2018/10/21 00:00:59;;;;;0;;0;0;
2018/10/21 00:01:04;;;;;;0;;;
2018/10/21 18:59:03;null;null;null;null;null;null;null;null;
2018/10/21 19:02:38;0;0;0;0;;;;;
2018/10/21 19:02:38;;;;;0;;0;0;
2018/10/21 19:02:38;;;;;;0;;;
2018/10/22 00:00:47;null;null;null;null;null;null;null;null;
2018/10/22 00:01:06;;;;;0;0;0;0;
2018/10/22 00:01:07;0;0;0;0;;;;;
2018/10/22 03:30:19;;;;;;899;899;;
2018/10/22 03:30:21;899;899;;899;;;;;
2018/10/22 03:30:34;;;;;;;;null;
2018/10/22 03:30:42;;;null;;;;;;
2018/10/22 03:30:49;;;;;null;;;899;
2018/10/22 03:31:22;null;null;;null;;;;;
2018/10/22 03:31:24;;;;;;;null;null;
2018/10/22 03:31:30;;;;;;null;;;
2018/10/22 08:12:26;;;;;899;;;;
2018/10/22 08:12:41;;;;;;;899;;
2018/10/22 08:13:01;;;;;;899;;899;
2018/10/22 08:13:46;;;;;;0;0;0;
2018/10/22 08:13:51;;;;;0;;;;
2018/10/22 21:54:44;;;;;;356;;;
2018/10/22 21:55:40;;;;;;191;;;
2018/10/22 21:55:50;;;;;;0;;;
2018/10/23 00:00:37;;;;;null;null;null;null;
2018/10/23 00:00:56;;;;;0;0;0;0;
2018/10/23 02:26:32;;;;;;356;;;
2018/10/23 02:27:32;;;;;;191;;;
2018/10/23 02:27:42;;;;;;0;;;
2018/10/23 06:01:57;;;;;;;;144;
2018/10/23 06:06:38;;;;;;;144;;
2018/10/23 07:08:44;;;;;;;;0;
2018/10/23 07:16:12;;;;;;;0;;
2018/10/24 00:00:37;;;;;;;null;null;
2018/10/24 00:00:37;;;;;null;null;;;
2018/10/24 00:01:03;;;;;0;0;0;0;
2018/10/24 07:44:22;;;;;;;309;;
2018/10/24 07:44:27;;;;;;;;309;
2018/10/24 07:44:37;;;;;309;309;;;
2018/10/24 08:01:34;;;;;;315;315;;
2018/10/24 08:01:39;;;;;;;;315;
2018/10/24 08:01:49;;;;;null;;;;
2018/10/24 08:02:25;;;;;;null;;null;
2018/10/24 08:02:30;;;;;;;null;;
2018/10/24 14:35:25;899;899;;161;;;;;
2018/10/24 14:36:15;;;;;309;;;;
2018/10/24 14:36:25;;;;;0;;;;
2018/10/24 14:36:50;;;899;;;;;;
2018/10/24 14:36:50;;;;;;315;;;
2018/10/24 14:36:55;;;;;;;315;315;
2018/10/24 14:38:11;0;0;0;0;;;;;
2018/10/24 14:38:11;;;;;;;0;0;
2018/10/24 14:38:16;;;;;;0;;;
2018/10/24 14:38:41;;;;187;;;;;
2018/10/24 14:39:11;;;;;;;893;;
2018/10/24 14:39:36;;;;0;;;;;
2018/10/24 14:39:41;;;;187;;;;;
2018/10/24 14:40:42;;;;0;;;;;
2018/10/24 14:40:57;;null;;;;;;;
2018/10/24 14:45:19;;;;;;;0;;
2018/10/24 15:53:19;;;;null;;;;;
2018/10/24 15:53:24;;;null;;;;;;
2018/10/24 15:53:49;;;;0;;;;;
2018/10/24 15:53:54;;;0;;;;;;
2018/10/24 16:29:27;;;null;null;;;;;
2018/10/24 16:29:42;;;0;;;;;;
2018/10/24 16:29:47;;;;0;;;;;
2018/10/24 16:35:40;;;null;null;;;;;
2018/10/24 16:35:55;;;0;0;;;;;
2018/10/24 16:37:15;;0;;;;;;;
2018/10/24 16:37:55;;null;;;;;;;
2018/10/24 16:38:11;;0;;;;;;;
2018/10/25 00:00:47;null;null;null;null;null;null;null;null;
2018/10/25 00:01:20;0;0;0;0;;;;;
2018/10/25 00:01:21;;;;;0;0;0;0;
2018/10/25 11:53:08;0;0;0;0;0;0;0;0;
2018/10/25 12:53:03;0;0;0;0;0;0;0;0;
2018/10/26 00:00:37;null;null;null;null;null;null;null;null;
2018/10/26 00:01:00;0;0;0;0;;;;;
2018/10/26 00:01:00;;;;;0;0;0;0;
2018/10/27 11:18:04;;;;976;;;;;
2018/10/27 11:19:08;;;;0;;;;;
2018/10/27 12:50:07;;;;79;;;;;
2018/10/27 12:51:08;;;;0;;;;;
2018/10/27 15:20:32;;;;976;;;;;
2018/10/27 15:22:39;;;;0;;;;;
2018/10/27 18:25:34;null;null;null;null;null;null;null;null;
2018/10/27 18:49:37;0;0;0;;;;;;
2018/10/27 18:49:37;;;;;0;0;0;0;
2018/10/27 18:49:51;;;;0;;;;;
2018/10/27 22:59:16;;;;0;;;;;
2018/10/27 22:59:19;;;;976;;;;;
2018/10/28 02:12:12;;;;180;;;;;
2018/10/28 04:58:51;;;;0;;;;;
2018/10/28 07:49:52;;;;976;;;;;
2018/10/28 07:51:33;;;;0;;;;;
2018/10/28 11:25:13;;;null;;;;;;
2018/10/28 11:29:16;;;0;;;;;;
2018/10/29 09:03:19;0;0;0;0;0;0;0;0;
2018/10/29 13:04:11;;891;;;;;;;
2018/10/29 13:09:18;;0;;;;;;;
2018/10/29 13:42:51;;;;;338;;;;
2018/10/29 13:43:56;;;;;0;;;;
2018/10/29 13:46:07;;;;;891;;;;
2018/10/29 13:51:49;;;;;0;;;;
2018/10/29 13:52:09;;;;;891;;;;
2018/10/29 13:54:50;;;;338;;;;;
2018/10/29 13:55:05;;;;;;144;;;
2018/10/29 13:55:10;;;;;;153;;;
2018/10/29 13:55:55;;;;0;;;;;
2018/10/29 13:55:55;;;;;;;891;;
2018/10/29 13:56:05;;;;;;144;;;
2018/10/29 13:56:30;;;;;;;;338;
2018/10/29 13:57:20;;;;;0;;;;
2018/10/29 13:57:31;;;;;;;;0;
2018/10/29 14:01:42;;;;;;;0;;
2018/10/29 14:03:37;;;;;;;;891;
2018/10/29 14:05:33;;;;356;;;;;
2018/10/29 14:06:33;;;;0;;;;;
2018/10/29 14:07:39;;;;356;;;;;
2018/10/29 14:08:39;;;;0;;;;;
2018/10/29 14:08:50;;;;;;;;0;
2018/10/29 14:09:40;;;;180;;;;;
2018/10/29 14:13:57;;;;;159;;;;
2018/10/29 14:15:27;;;;0;;;;;
2018/10/29 14:16:02;;;;;889;;;;
2018/10/29 14:20:49;;;;;;;;891;
2018/10/29 14:21:39;;;;;;;;0;
2018/10/29 14:22:15;;;;356;;;;;
2018/10/29 14:23:10;;;;0;;;;;
2018/10/29 14:23:55;;;;;;;891;;
2018/10/29 14:24:45;;;;;;;0;;
2018/10/29 14:26:26;356;;;;;;;;
2018/10/29 14:26:51;;;;;;;;144;
2018/10/29 14:26:56;0;;;;;;;;
2018/10/29 14:27:36;;;;;;;144;;
2018/10/29 14:27:46;;;;144;;;;;
2018/10/29 14:29:02;;;144;;;;;;
2018/10/29 14:29:22;180;;;;;;;;
2018/10/29 14:30:32;0;;;;;;;;
2018/10/29 14:31:38;309;;;;;;;;
2018/10/29 14:37:05;null;null;null;null;null;null;null;null;
2018/10/29 14:40:38;null;;;;;;;;
2018/10/29 14:40:38;;;null;null;;;;;
2018/10/29 14:40:39;;;;;;;null;;
2018/10/29 14:40:39;;;;;null;;;null;
2018/10/29 14:40:39;;;;;;null;;;
2018/10/29 14:40:45;;;;;889;144;891;144;
2018/10/29 14:40:45;144;144;144;144;;;;;
2018/10/29 14:43:11;;;;;159;;;;
2018/10/29 14:43:51;;;;;;;144;;
2018/10/29 15:07:55;;;;;;;203;203;
2018/10/29 15:07:56;;;;203;;;;;
2018/10/29 15:08:05;;;;;null;;;;
2018/10/29 15:08:16;;;null;;;;;;
2018/10/29 15:08:57;;;;144;;;;;
2018/10/29 15:09:00;;;;;;;0;144;
2018/10/29 15:09:36;;;;;;;;0;
2018/10/29 15:10:27;;;;0;;;;;
2018/10/29 15:12:13;309;;;;;;;;
2018/10/29 15:12:43;;;144;;;;;;
2018/10/29 15:12:48;;0;0;;;;;;
2018/10/29 15:14:47;;;;;;0;;;
2018/10/29 15:19:16;0;;;;;;;;
2018/10/29 16:08:19;;;null;;;;;;
2018/10/29 16:12:36;;;0;;;;;;
2018/10/29 16:12:46;;;341;;;;;;
2018/10/29 16:13:16;;;0;;;;;;
2018/10/29 16:14:31;;;;356;;;;;
2018/10/29 16:15:12;;;;0;;;;;
2018/10/29 16:34:04;;;null;;;;;;
2018/10/29 16:38:16;;;0;;;;;;
2018/10/29 16:38:26;;;894;;;;;;
2018/10/29 16:38:31;;;341;;;;;;
2018/10/29 16:38:56;;;0;;;;;;
2018/10/29 16:53:07;null;null;null;null;;null;null;null;
2018/10/29 18:12:39;144;144;;;;;;;
2018/10/29 18:12:41;;;;;0;144;144;144;
2018/10/29 18:12:44;;;144;144;;;;;
2018/10/29 18:13:36;;;;;144;;;;
2018/10/29 18:25:59;0;;;;;;;;
2018/10/29 18:27:59;144;;;;;;;;
2018/10/29 18:36:54;;;;;;;0;;
2018/10/29 18:39:10;;;;;0;;;;
2018/10/29 18:40:36;;;;;;;;0;
2018/10/29 18:49:04;;;;;;;;144;
2018/10/29 19:03:44;;;;;;;;0;
2018/10/29 19:03:53;;;;0;;;;;
2018/10/29 19:07:49;;0;;;;;;;
2018/10/29 19:07:56;;;;;;0;;;
2018/10/29 19:09:05;;;;356;;;;;
2018/10/29 19:09:37;;;;;;;;144;
2018/10/29 19:10:00;;;;144;;;;;
2018/10/29 19:10:20;;144;;;;;;;
2018/10/29 19:11:53;;;;;;144;;;
2018/10/29 19:18:40;;;;;;;;0;
2018/10/29 19:19:16;;;;;;0;;;
2018/10/29 19:20:43;;;;0;;;;;
2018/10/29 19:25:20;;0;;;;;;;
2018/10/29 19:26:46;0;;;;;;;;
2018/10/29 19:27:16;;;0;;;;;;
2018/10/29 19:53:41;976;;;;;;;;
2018/10/29 19:54:41;0;;;;;;;;
2018/10/29 20:20:30;null;null;null;null;null;null;null;null;
2018/10/29 20:54:32;;;;;0;;0;;
2018/10/29 20:54:32;;;;;;;;0;
2018/10/29 20:54:32;;0;;;;;;;
2018/10/29 20:54:32;;;0;;;;;;
2018/10/29 20:54:34;0;;;;;;;;
2018/10/29 20:54:34;;;;;;144;;;
2018/10/29 20:54:35;;;;0;;;;;
2018/10/29 21:00:32;;;;;;0;;;
2018/10/30 00:00:37;null;null;null;null;null;null;null;null;
2018/10/30 00:00:57;0;0;0;0;;;;;
2018/10/30 00:00:58;;;;;0;0;0;0;
2018/10/30 02:42:35;null;null;null;null;null;null;null;null;
2018/10/30 12:23:38;0;0;0;0;;;;;
2018/10/30 12:23:38;;;;;;;0;;
2018/10/30 12:23:38;;;;;0;0;;0;
2018/10/30 15:12:22;null;null;null;null;null;null;null;null;
2018/10/30 15:22:50;0;0;0;0;;;0;;
2018/10/30 15:22:50;;;;;0;0;;0;
2018/10/30 18:49:27;null;null;null;null;null;null;null;null;
2018/10/31 10:31:21;0;0;;0;;;;;
2018/10/31 10:31:21;;;;;0;0;0;0;
2018/10/31 10:31:27;;;276;;;;;;
2018/10/31 10:38:13;null;null;null;null;null;null;null;null;
2018/10/31 10:49:17;0;0;;0;;;;;
2018/10/31 10:49:17;;;;;0;0;0;0;
2018/10/31 10:49:21;;;276;;;;;;
2018/10/31 10:57:05;;;0;;;;;;
2018/10/31 11:28:14;null;null;null;null;;;;;
2018/10/31 11:28:17;;;;;null;null;null;null;
2018/10/31 11:31:55;;;;;0;0;0;0;
2018/10/31 11:31:57;0;0;0;0;;;;;
2018/10/31 11:51:06;null;null;null;null;null;null;null;null;
2018/10/31 12:54:12;;;;;0;;0;0;
2018/10/31 12:54:12;0;0;0;0;;0;;;
2018/10/31 15:35:08;976;;;;;;;;
2018/10/31 15:36:09;0;;;;;;;;
2018/10/31 17:30:51;;;;;;;276;;
2018/10/31 17:57:31;;;;;;;0;;
2018/11/01 00:00:37;null;null;null;null;null;null;null;null;
2018/11/01 00:00:58;0;0;0;0;;;;;
2018/11/01 00:00:58;;;;;0;0;0;0;
2018/11/02 00:00:37;null;null;null;null;null;;null;null;
2018/11/02 00:00:37;;;;;;null;;;
2018/11/02 00:00:58;;;;;0;;0;0;
2018/11/02 00:00:59;0;0;0;0;;;;;
2018/11/02 00:01:03;;;;;;0;;;
2018/11/02 05:05:44;;276;;;;;;;
2018/11/02 05:32:59;;0;;;;;;;
2018/11/02 05:40:47;;;;;;;;276;
2018/11/02 06:07:52;;;;;;;;0;
2018/11/02 10:59:53;276;;;;;;;;
2018/11/02 11:26:38;0;;;;;;;;
2018/11/02 12:17:44;;;;;;276;;;
2018/11/02 12:44:30;;;;;;0;;;
2018/11/02 12:53:42;;;;276;;;;;
2018/11/02 13:22:03;;;;0;;;;;
2018/11/02 20:56:41;null;null;null;null;null;null;null;null;
2018/11/02 20:57:39;;;;;;;0;;
2018/11/02 20:57:40;;;0;;0;;;;
2018/11/02 20:57:40;0;0;;0;;0;;0;
2018/11/02 23:45:58;;;;;171;;;;
2018/11/02 23:46:58;;;;;191;;;;
2018/11/02 23:47:08;;;;;0;;;;
2018/11/03 00:00:37;null;null;null;null;null;null;null;null;
2018/11/03 00:00:56;0;0;0;0;;;;;
2018/11/03 00:00:57;;;;;0;0;0;0;
2018/11/04 00:00:37;null;null;null;null;null;null;null;null;
2018/11/04 00:00:56;;;;;0;0;0;0;
2018/11/04 00:00:57;0;0;0;0;;;;;
2018/11/04 16:27:57;;276;;;;;;;
2018/11/04 16:55:12;;0;;;;;;;
2018/11/04 19:19:48;;;;;276;;;;
2018/11/04 19:37:44;;;276;;;;;;
2018/11/04 19:46:48;;;;;0;;;;
2018/11/04 20:04:39;;;0;;;;;;
2018/11/04 20:08:41;276;;;;;;;;
2018/11/04 20:35:26;0;;;;;;;;
2018/11/05 00:00:37;null;null;null;null;null;null;null;null;
2018/11/05 00:00:58;0;0;0;0;;;;;
2018/11/05 00:00:58;;;;;0;0;0;0;
2018/11/05 07:33:33;null;;;;;;;;
2018/11/05 14:27:27;0;;;;;;;;
2018/11/06 00:00:37;null;null;null;null;null;null;null;null;
2018/11/06 00:00:58;0;0;0;0;;;;;
2018/11/06 00:01:00;;;;;0;0;0;0;
2018/11/06 07:17:08;;null;;;;;;;
2018/11/06 14:49:42;;0;;;;;;;
2018/11/07 00:00:47;null;null;null;null;null;null;null;null;
2018/11/07 00:01:07;;;;;0;0;0;0;
2018/11/07 00:01:07;0;0;0;0;;;;;
2018/11/07 07:20:24;;;null;;;;;;
2018/11/07 14:49:30;;;0;;;;;;
2018/11/08 00:00:37;null;null;null;null;null;null;null;null;
2018/11/08 00:00:57;;;;;0;0;0;0;
2018/11/08 00:00:57;0;0;0;0;;;;;
2018/11/08 07:22:34;;;;;;;null;;
2018/11/08 14:49:16;;;;;;;0;;
2018/11/09 00:00:37;null;null;null;null;null;null;null;null;
2018/11/09 00:00:55;0;0;0;0;;;;;
2018/11/09 00:00:57;;;;;0;0;0;0;
2018/11/09 07:21:46;;;;null;;;;;
2018/11/09 10:49:36;;;;;0;0;0;0;
2018/11/09 10:49:38;0;0;0;;;;;;
2018/11/09 10:53:13;;;;;0;0;0;0;
2018/11/09 10:53:14;0;0;0;;;;;;
2018/11/09 14:25:02;;;;0;;;;;
2018/11/10 00:00:37;null;null;null;null;null;null;null;null;
2018/11/10 00:00:56;;;;;0;0;0;0;
2018/11/10 00:00:56;0;0;0;0;;;;;
2018/11/11 00:00:37;null;null;null;null;null;null;null;null;
2018/11/11 00:01:00;;;;;0;0;0;0;
2018/11/11 00:01:01;0;0;0;0;;;;;
2018/11/11 05:49:54;;;;;;276;;;
2018/11/11 06:16:44;;;;;;0;;;
2018/11/12 00:00:37;null;null;null;null;null;null;null;null;
2018/11/12 00:00:58;;;;;0;0;0;0;
2018/11/12 00:00:59;0;0;0;0;;;;;
2018/11/12 07:12:25;;;null;;;;;;
2018/11/12 07:16:47;;;0;;;;;;
2018/11/12 07:16:52;;;894;;;;;;
2018/11/12 07:16:57;;;0;;;;;;
2018/11/12 07:21:43;;;;;;;;null;
2018/11/12 14:43:52;;;;;;;;0;
2018/11/13 00:00:37;null;null;null;null;null;null;null;null;
2018/11/13 00:00:54;;;;0;;;;;
2018/11/13 00:00:56;;;;;0;0;0;0;
2018/11/13 00:00:59;0;0;0;;;;;;
2018/11/13 07:20:17;;;;;null;;;;
2018/11/13 09:33:39;null;null;null;null;;null;null;null;
2018/11/13 09:51:14;;;;0;;;;;
2018/11/13 09:51:15;0;0;;;;0;0;0;
2018/11/13 09:51:15;;;0;;;;;;
2018/11/13 14:37:41;;;;;0;;;;
2018/11/14 00:00:47;null;null;null;null;null;null;null;null;
2018/11/14 00:01:12;;;;;0;0;0;0;
2018/11/14 00:01:16;0;0;0;0;;;;;
2018/11/14 07:19:54;null;;;;;;;;
2018/11/14 14:46:41;0;;;;;;;;
2018/11/15 00:00:38;null;null;null;;;;;;
2018/11/15 00:00:38;;;;null;null;null;null;null;
2018/11/15 00:01:03;0;0;0;0;;;;;
2018/11/15 00:01:04;;;;;0;;0;;
2018/11/15 00:01:09;;;;;;0;;0;
2018/11/16 00:00:37;null;null;null;null;null;null;null;null;
2018/11/16 00:00:57;0;0;0;0;;;;;
2018/11/16 00:00:58;;;;;;;0;0;
2018/11/16 00:00:58;;;;;0;0;;;
2018/11/16 08:43:47;356;;;;;;;;
2018/11/16 08:44:48;0;;;;;;;;
2018/11/17 00:00:37;null;null;null;null;null;null;null;null;
2018/11/17 00:00:58;;;;;0;0;0;0;
2018/11/17 00:00:59;0;0;0;0;;;;;
2018/11/18 00:00:37;null;null;null;null;null;null;null;null;
2018/11/18 00:00:56;0;0;0;0;;;;;
2018/11/18 00:00:57;;;;;0;0;0;0;
2018/11/18 08:43:35;;;;976;;;;;
2018/11/18 08:44:35;;;;0;;;;;
2018/11/18 22:11:45;;;;;;;85;;
2018/11/18 22:12:45;;;;;;;0;;
2018/11/19 00:00:47;null;null;null;null;null;null;null;null;
2018/11/19 00:01:06;;;;;0;0;0;0;
2018/11/19 00:01:06;0;0;0;0;;;;;
2018/11/19 07:34:42;;;;;;null;;;
2018/11/19 07:35:23;;;;;;;;275;
2018/11/19 08:02:23;;;;;;;;0;
2018/11/19 08:31:28;;;;;;900;;;
2018/11/19 09:17:21;;;;;;null;;;
2018/11/19 15:33:40;;;;;;0;;;
2018/11/20 00:00:47;null;null;null;null;null;null;null;null;
2018/11/20 00:01:07;;;;;0;0;0;0;
2018/11/20 00:01:08;0;0;0;0;;;;;
2018/11/21 00:00:37;null;null;null;null;null;null;null;null;
2018/11/21 00:00:57;;;;;0;0;0;0;
2018/11/21 00:00:58;0;0;0;0;;;;;
2018/11/22 00:00:47;null;null;null;null;null;null;null;null;
2018/11/22 00:01:06;;;;;0;0;0;0;
2018/11/22 00:01:06;0;0;0;0;;;;;
2018/11/22 09:42:20;;null;;;;;;;
2018/11/22 10:18:27;null;;null;null;null;null;null;null;
2018/11/22 10:53:08;;;;;;;0;0;
2018/11/22 10:53:08;0;;0;0;0;0;;;
2018/11/22 15:13:55;;0;;;;;;;
2018/11/23 00:00:37;null;null;null;null;null;null;null;null;
2018/11/23 00:01:06;;;;;0;0;0;0;
2018/11/23 00:01:07;0;0;0;0;;;;;
2018/11/23 07:17:54;;;null;;;;;;
2018/11/23 13:57:42;;;0;;;;;;
2018/11/24 00:00:37;null;null;null;null;;;null;null;
2018/11/24 00:00:37;;;;;null;null;;;
2018/11/24 00:00:58;0;0;0;0;;;;;
2018/11/24 00:00:58;;;;;0;0;0;0;
2018/11/25 00:00:37;null;null;null;null;null;null;null;null;
2018/11/25 00:00:57;;;;;0;0;0;0;
2018/11/25 00:00:58;0;0;0;0;;;;;
2018/11/26 00:00:47;null;null;null;null;null;null;null;null;
2018/11/26 00:01:09;0;0;0;0;;;;;
2018/11/26 00:01:10;;;;;0;0;0;0;
2018/11/26 09:27:11;null;null;null;null;null;null;null;null;
2018/11/26 09:28:44;0;0;0;0;;;;;
2018/11/26 09:28:44;;;;;0;0;0;0;
2018/11/26 22:18:07;;;;;;;276;;
2018/11/26 22:44:42;;;;;;;0;;
2018/11/27 00:00:37;null;null;null;null;null;null;null;null;
2018/11/27 00:00:57;;;;;0;0;0;0;
2018/11/27 00:00:57;0;0;0;0;;;;;
2018/11/28 00:00:37;null;null;null;null;null;null;null;null;
2018/11/28 00:00:58;0;0;0;0;;;;;
2018/11/28 00:01:00;;;;;0;0;0;0;
2018/11/28 01:49:36;81;;;;;;;;
2018/11/28 01:50:36;0;;;;;;;;
2018/11/28 14:32:30;null;null;null;null;null;null;null;null;
2018/11/28 14:48:02;;0;0;0;;;;;
2018/11/28 14:48:03;;;;;0;0;0;0;
2018/11/28 14:48:04;0;;;;;;;;
2018/11/28 18:20:03;;356;;;;;;;
2018/11/28 18:21:03;;0;;;;;;;
2018/11/29 00:00:47;null;null;null;null;null;null;null;null;
2018/11/29 00:01:05;;;;;0;0;0;0;
2018/11/29 00:01:07;0;0;0;0;;;;;
2018/11/30 00:00:37;null;null;null;null;null;null;null;null;
2018/11/30 00:00:57;0;0;0;0;;;;;
2018/11/30 00:00:58;;;;;0;0;0;0;
2018/11/30 06:15:52;;;275;;;;;;
2018/11/30 06:42:32;;;0;;;;;;
2018/12/01 00:00:37;null;null;null;null;null;null;null;null;
2018/12/01 00:00:58;0;0;0;0;;;;;
2018/12/01 00:00:58;;;;;0;0;;0;
2018/12/01 00:01:03;;;;;;;0;;
2018/12/02 00:00:37;null;null;null;null;null;null;null;null;
2018/12/02 00:00:56;0;0;0;0;;;;;
2018/12/02 00:00:57;;;;;0;0;0;0;
2018/12/03 00:00:37;null;null;null;null;null;null;null;null;
2018/12/03 00:00:57;;;;;0;0;0;0;
2018/12/03 00:00:58;0;0;0;0;;;;;
2018/12/04 00:00:47;null;null;null;null;null;null;null;null;
2018/12/04 00:01:05;0;0;0;0;;;;;
2018/12/04 00:01:07;;;;;0;0;0;0;
2018/12/04 15:32:44;null;null;null;null;null;null;null;null;
2018/12/04 16:31:16;0;0;0;0;;;;;
2018/12/04 16:31:16;;;;;0;0;0;0;
2018/12/05 00:00:46;null;null;null;null;null;null;null;null;
2018/12/05 00:01:04;0;0;0;0;;;;;
2018/12/05 00:01:06;;;;;0;0;0;0;
2018/12/05 10:16:54;;;;null;;;;;
2018/12/05 15:01:31;;;;0;;;;;
2018/12/06 00:00:37;null;null;null;null;null;null;null;null;
2018/12/06 00:00:57;;;;;0;0;0;0;
2018/12/06 00:00:58;0;0;0;0;;;;;
2018/12/07 00:00:47;null;null;null;null;null;null;null;null;
2018/12/07 00:01:05;0;0;0;0;;;;;
2018/12/07 00:01:06;;;;;0;0;0;0;
2018/12/08 00:00:47;null;null;null;null;null;null;null;null;
2018/12/08 00:01:07;0;0;0;0;;;;;
2018/12/08 00:01:08;;;;;0;0;0;0;
2018/12/09 00:00:47;null;null;null;null;null;null;null;null;
2018/12/09 00:01:12;;;;;0;0;0;0;
2018/12/09 00:01:13;0;0;0;0;;;;;
2018/12/10 00:00:37;null;null;null;null;null;null;null;null;
2018/12/10 00:00:56;;;;;0;0;0;0;
2018/12/10 00:00:57;0;0;0;0;;;;;
2018/12/10 14:46:24;79;;;;;;;;
2018/12/10 14:47:16;79;;;;;;;;
2018/12/10 14:47:25;0;;;;;;;;
2018/12/10 14:49:06;0;;;;;;;;
2018/12/10 17:15:53;;82;;;;;;;
2018/12/10 17:16:53;;0;;;;;;;
2018/12/11 00:00:47;null;null;null;null;;;null;null;
2018/12/11 00:00:47;;;;;null;null;;;
2018/12/11 00:01:05;;;;;0;0;0;0;
2018/12/11 00:01:05;0;0;0;0;;;;;
2018/12/11 00:35:27;;;;;;;;85;
2018/12/11 00:36:27;;;;;;;;0;
2018/12/11 17:14:55;null;null;null;null;null;null;null;null;
2018/12/11 17:16:55;;;;;0;0;0;;
2018/12/11 17:16:55;0;0;0;0;;;;;
2018/12/11 17:16:57;;;;;;;;0;
2018/12/11 18:18:28;null;null;null;null;null;null;null;null;
2018/12/11 18:30:58;;;;;0;0;0;;
2018/12/11 18:30:58;0;0;0;0;;;;;
2018/12/11 18:30:59;;;;;;;;0;
2018/12/11 18:33:39;null;null;null;null;null;null;null;null;
2018/12/11 19:31:30;0;0;0;0;;;;;
2018/12/11 19:31:30;;;;;;;;0;
2018/12/11 19:32:34;;;;;0;0;0;;
2018/12/11 20:17:26;null;null;null;null;null;null;null;null;
2018/12/11 20:31:32;0;0;0;0;0;0;0;;
2018/12/11 20:31:32;;;;;;;;0;
2018/12/11 21:13:11;null;null;null;null;null;null;null;null;
2018/12/11 21:16:21;;;;;0;0;0;;
2018/12/11 21:16:21;0;0;0;0;;;;;
2018/12/11 21:16:21;;;;;;;;0;
2018/12/11 21:22:39;null;null;null;null;null;null;null;null;
2018/12/11 21:26:42;;;;;0;0;0;;
2018/12/11 21:26:46;;;;;;;;0;
2018/12/11 21:29:13;;;;;null;null;null;null;
2018/12/11 21:36:14;0;0;0;0;0;0;0;;
2018/12/11 21:36:16;;;;;;;;0;
2018/12/11 21:39:42;null;null;null;null;null;null;null;null;
2018/12/11 21:43:41;0;0;0;0;0;0;0;;
2018/12/11 21:43:44;;;;;;;;0;
2018/12/11 21:47:25;null;null;null;null;null;null;null;null;
2018/12/11 22:58:29;;;;;0;0;0;;
2018/12/11 22:58:29;0;0;0;0;;;;;
2018/12/11 22:58:34;;;;;;;;0;
2018/12/11 23:03:52;null;null;null;null;null;null;null;null;
2018/12/11 23:06:25;;;;;0;0;0;;
2018/12/11 23:06:25;0;0;0;0;;;;;
2018/12/11 23:06:26;;;;;;;;0;
2018/12/12 00:00:37;null;null;null;null;null;null;null;null;
2018/12/12 00:00:54;0;0;0;0;;;;;
2018/12/12 00:00:56;;;;;0;0;0;0;
2018/12/12 16:58:31;null;null;null;null;null;null;null;null;
2018/12/12 17:56:03;0;;;;;;;;
2018/12/12 17:56:03;;0;0;0;;;;;
2018/12/12 17:56:05;;;;;0;;0;0;
2018/12/12 17:56:06;;;;;;0;;;
2018/12/12 18:15:47;null;null;null;null;null;null;null;null;
2018/12/12 18:21:00;0;;;;;;;;
2018/12/12 18:21:01;;0;0;0;;;;;
2018/12/12 18:21:04;;;;;0;;0;0;
2018/12/12 18:21:04;;;;;;0;;;
2018/12/12 18:27:44;null;null;null;null;null;null;null;null;
2018/12/12 18:34:10;0;;;;;;;;
2018/12/12 18:34:11;;0;0;0;;;;;
2018/12/12 18:34:13;;;;;0;;0;0;
2018/12/12 18:34:13;;;;;;0;;;
2018/12/12 23:44:30;null;null;null;null;null;null;null;null;
2018/12/12 23:45:56;0;;;;;;;;
2018/12/12 23:45:56;;0;0;0;;;;;
2018/12/12 23:45:58;;;;;0;;0;0;
2018/12/12 23:45:58;;;;;;0;;;
2018/12/13 00:00:37;null;null;null;null;null;null;null;null;
2018/12/13 00:00:57;;;;;0;0;0;0;
2018/12/13 00:00:58;0;0;0;0;;;;;
2018/12/13 03:50:46;;;;;;276;;;
2018/12/13 03:59:32;;;;276;;;;;
2018/12/13 04:01:18;;;;276;;;;;
2018/12/13 04:17:31;;;;;;0;;;
2018/12/13 04:26:33;;;;0;;;;;
2018/12/14 00:00:37;null;null;null;null;null;null;null;null;
2018/12/14 00:01:00;0;0;0;0;;;;;
2018/12/14 00:01:02;;;;;0;0;0;0;
2018/12/14 03:23:35;276;;;;;;;;
2018/12/14 03:49:50;0;;;;;;;;
2018/12/14 03:54:12;;276;;;;;;;
2018/12/14 04:21:22;;0;;;;;;;
2018/12/14 08:01:07;;;;;;;598;;
2018/12/14 08:51:36;;;;;;;null;;
2018/12/14 13:48:04;;;;;;;0;;
2018/12/15 00:00:37;null;null;null;null;null;null;null;null;
2018/12/15 00:00:58;0;0;0;0;;;;;
2018/12/15 00:00:59;;;;;0;0;0;0;
2018/12/15 01:49:02;null;null;null;null;null;null;null;null;
2018/12/15 01:51:33;0;0;0;0;;;;;
2018/12/15 01:51:33;;;;;0;0;0;0;
2018/12/15 20:12:47;;;;338;;;;;
2018/12/15 20:13:52;;;;0;;;;;
2018/12/15 21:27:02;null;null;null;null;null;null;null;null;
2018/12/15 21:37:41;0;0;0;;;;;;
2018/12/15 21:37:41;;;;;0;0;0;0;
2018/12/15 21:37:44;;;;0;;;;;
2018/12/15 21:40:34;null;null;null;null;null;null;null;null;
2018/12/15 21:58:01;0;0;0;;;;;;
2018/12/15 21:58:03;;;;;0;0;0;0;
2018/12/15 22:00:55;null;null;null;;null;null;null;null;
2018/12/15 22:09:04;0;0;0;;;;;;
2018/12/15 22:09:14;;;;0;;;;;
2018/12/15 22:11:53;null;null;null;null;;;;;
2018/12/15 22:17:25;0;0;0;;0;;0;0;
2018/12/15 22:17:25;;;;;;0;;;
2018/12/15 22:17:28;;;;0;;;;;
2018/12/15 22:20:18;null;null;null;null;null;null;null;null;
2018/12/15 22:25:48;0;0;0;;;;;;
2018/12/15 22:25:49;;;;;0;0;0;0;
2018/12/15 22:25:50;;;;0;;;;;
2018/12/15 22:28:37;null;null;null;null;null;null;null;null;
2018/12/15 22:33:20;0;0;0;;;;;;
2018/12/15 22:33:21;;;;;0;0;0;0;
2018/12/15 22:33:22;;;;0;;;;;
2018/12/15 22:36:10;null;null;null;null;null;null;null;null;
2018/12/15 22:42:46;0;0;0;;;;;;
2018/12/15 22:42:46;;;;;0;0;0;0;
2018/12/15 22:42:47;;;;0;;;;;
2018/12/15 22:45:37;null;null;null;null;null;null;null;null;
2018/12/15 23:28:23;0;0;;;;;;;
2018/12/15 23:31:09;null;null;;;;;;;
2018/12/15 23:34:48;0;0;0;;;;;;
2018/12/15 23:34:49;;;;;;;0;;
2018/12/15 23:34:50;;;;;0;0;;0;
2018/12/15 23:34:50;;;;0;;;;;
2018/12/15 23:37:38;null;null;null;null;null;null;null;null;
2018/12/15 23:46:13;0;0;0;;;;;;
2018/12/15 23:46:14;;;;;0;0;0;0;
2018/12/15 23:46:27;;;;0;;;;;
2018/12/15 23:49:01;null;null;null;null;null;null;null;null;
2018/12/15 23:58:46;0;0;0;;0;0;0;0;
2018/12/15 23:58:47;;;;0;;;;;
2018/12/16 00:00:47;null;null;null;null;null;null;null;null;
2018/12/16 00:01:07;0;0;0;0;;;;;
2018/12/16 00:01:08;;;;;0;0;0;0;
2018/12/16 00:01:39;null;null;null;null;null;null;null;null;
2018/12/16 00:03:07;0;0;0;;;;;;
2018/12/16 00:03:08;;;;0;;;;;
2018/12/16 00:03:09;;;;;0;0;0;0;
2018/12/16 00:08:23;null;null;null;null;null;null;null;null;
2018/12/16 00:33:00;0;0;0;0;;;;;
2018/12/16 00:33:00;;;;;0;0;0;0;
2018/12/16 00:35:51;null;null;null;null;null;null;null;null;
2018/12/16 00:36:28;0;0;;;;;;;
2018/12/16 00:36:28;;;0;0;;;;;
2018/12/16 00:36:29;;;;;0;0;0;0;
2018/12/16 00:38:28;null;null;null;null;null;null;null;null;
2018/12/16 00:41:58;0;0;0;;;;;;
2018/12/16 00:41:59;;;;0;0;0;0;0;
2018/12/16 00:44:52;null;null;null;null;null;null;null;null;
2018/12/16 00:48:51;0;0;0;0;0;0;0;0;
2018/12/16 00:51:41;null;null;null;null;null;null;null;null;
2018/12/16 00:56:34;0;0;0;;;;;;
2018/12/16 00:56:34;;;;0;;;;;
2018/12/16 00:56:34;;;;;0;0;0;0;
2018/12/16 00:59:02;null;null;null;null;null;null;null;null;
2018/12/16 01:00:16;0;0;0;0;;;;;
2018/12/16 01:00:19;;;;;0;0;0;0;
2018/12/16 01:02:34;null;null;null;null;null;null;null;null;
2018/12/16 01:05:12;0;0;0;;;;;;
2018/12/16 01:05:13;;;;0;;;;;
2018/12/16 01:05:14;;;;;0;0;0;0;
2018/12/16 01:13:40;null;null;null;null;null;null;null;null;
2018/12/16 01:17:41;0;0;0;0;;;;;
2018/12/16 01:17:41;;;;;0;0;0;0;
2018/12/16 01:20:34;null;null;null;null;null;null;null;null;
2018/12/16 01:30:37;0;0;0;0;0;0;0;0;
2018/12/16 01:34:32;null;null;null;null;null;null;null;null;
2018/12/16 01:39:34;0;0;0;0;;;;;
2018/12/16 01:39:34;;;;;0;0;0;0;
2018/12/16 01:42:25;null;null;null;null;null;null;null;null;
2018/12/16 01:48:45;0;0;0;0;;;;;
2018/12/16 01:49:10;;;;;0;0;0;0;
2018/12/16 01:51:34;null;null;null;null;null;null;null;null;
2018/12/16 01:53:17;0;0;0;0;;;;;
2018/12/16 01:53:19;;;;;0;0;0;0;
2018/12/16 02:01:52;null;null;null;null;null;null;null;null;
2018/12/16 02:07:21;0;0;0;0;;;;;
2018/12/16 02:07:22;;;;;0;0;0;0;
2018/12/16 02:17:35;null;null;null;null;null;null;null;null;
2018/12/16 02:18:08;0;;;;;;;;
2018/12/16 02:18:08;;0;0;0;0;0;0;0;
2018/12/16 02:34:22;null;null;null;null;null;null;null;null;
2018/12/16 02:47:23;0;0;0;0;;;;;
2018/12/16 02:47:23;;;;;0;0;0;0;
2018/12/16 03:19:35;null;null;null;null;null;null;null;null;
2018/12/16 03:41:05;0;0;0;0;;;;;
2018/12/16 03:41:05;;;;;0;0;0;0;
2018/12/16 03:56:54;null;null;null;null;null;null;null;null;
2018/12/16 04:04:53;0;;;;;;;;
2018/12/16 04:04:53;;0;0;0;;;;;
2018/12/16 04:04:54;;;;;0;0;0;0;
2018/12/16 05:07:50;null;null;null;null;null;null;null;null;
2018/12/16 05:23:18;0;;;;;;;;
2018/12/16 05:23:19;;;;;0;0;0;0;
2018/12/16 05:26:32;;0;0;0;;;;;
2018/12/16 05:29:16;null;null;null;null;null;null;null;null;
2018/12/16 05:32:53;0;0;0;0;;;;;
2018/12/16 05:32:55;;;;;0;0;0;0;
2018/12/16 05:36:49;null;null;null;null;null;null;null;null;
2018/12/16 06:03:02;0;0;0;0;;;;;
2018/12/16 06:03:02;;;;;;;0;0;
2018/12/16 06:03:05;;;;;0;0;;;
2018/12/16 06:07:31;null;null;null;null;null;null;null;null;
2018/12/16 06:08:58;0;0;0;0;;;;;
2018/12/16 06:08:58;;;;;0;0;0;0;
2018/12/16 06:28:42;null;null;null;null;null;null;null;null;
2018/12/16 06:31:18;0;0;0;0;;;;;
2018/12/16 06:31:20;;;;;0;0;0;0;
2018/12/16 15:18:24;null;null;null;null;null;null;null;null;
2018/12/16 15:24:22;0;0;0;;;;;;
2018/12/16 15:24:33;;;;0;0;;0;0;
2018/12/16 15:24:33;;;;;;0;;;
2018/12/16 15:41:16;null;null;null;null;null;null;null;null;
2018/12/16 15:43:13;0;0;0;0;;;;;
2018/12/16 15:43:13;;;;;0;;0;0;
2018/12/16 15:43:14;;;;;;0;;;
2018/12/16 18:42:59;null;null;null;null;null;null;null;null;
2018/12/16 18:43:39;0;0;0;0;;;;;
2018/12/16 18:43:40;;;;;0;0;0;0;
2018/12/16 18:45:38;null;null;null;null;null;null;null;null;
2018/12/16 18:48:18;0;0;;;;;;;
2018/12/16 18:51:12;null;null;;;;;;;
2018/12/16 18:53:39;0;0;0;0;;;;;
2018/12/16 18:53:39;;;;;0;;0;0;
2018/12/16 18:53:39;;;;;;0;;;
2018/12/16 19:01:49;null;null;null;null;null;null;null;null;
2018/12/16 19:46:02;0;0;;;;;;;
2018/12/16 19:46:03;;;0;0;0;0;0;0;
2018/12/16 19:49:19;null;null;null;null;null;null;null;null;
2018/12/16 20:03:19;0;0;;;;;;;
2018/12/16 20:03:20;;;0;0;;;;;
2018/12/16 20:03:20;;;;;0;;0;0;
2018/12/16 20:03:20;;;;;;0;;;
2018/12/16 20:07:32;null;null;null;null;null;null;null;null;
2018/12/16 20:08:58;0;0;0;0;;;;;
2018/12/16 20:08:58;;;;;0;0;0;0;
2018/12/16 20:11:00;null;null;null;null;null;null;null;null;
2018/12/16 20:12:59;0;0;;;;;;;
2018/12/16 20:12:59;;;0;0;;;;;
2018/12/16 20:13:01;;;;;0;;0;0;
2018/12/16 20:13:01;;;;;;0;;;
2018/12/16 20:15:52;null;null;null;null;null;null;null;null;
2018/12/16 20:17:53;0;0;;;;;;;
2018/12/16 20:17:53;;;0;0;;;;;
2018/12/16 20:17:53;;;;;0;0;0;0;
2018/12/16 20:22:23;null;null;null;null;null;null;null;null;
2018/12/16 20:32:05;0;0;0;;;;;;
2018/12/16 20:32:05;;;;0;;;;;
2018/12/16 20:32:07;;;;;0;0;0;0;
2018/12/16 20:35:12;null;null;null;null;null;null;null;null;
2018/12/16 20:35:42;0;0;0;;;;;;
2018/12/16 20:35:42;;;;0;;;;;
2018/12/16 20:35:43;;;;;0;0;0;0;
2018/12/17 00:00:37;null;null;null;null;null;null;null;null;
2018/12/17 00:00:58;0;0;0;0;;;;;
2018/12/17 00:00:58;;;;;0;0;0;0;
2018/12/17 23:08:54;356;;;;;;;;
2018/12/17 23:08:59;338;;;;;;;;
2018/12/17 23:09:55;0;;;;;;;;
2018/12/18 00:00:37;null;null;null;null;null;null;null;null;
2018/12/18 00:00:54;;0;;;;;;;
2018/12/18 00:00:55;;;;;0;0;0;0;
2018/12/18 00:00:59;0;;0;0;;;;;
2018/12/18 00:50:07;153;;;;;;;;
2018/12/18 00:51:08;0;;;;;;;;
2018/12/18 01:53:53;;;356;;;;;;
2018/12/18 01:54:58;;;84;;;;;;
2018/12/18 01:55:08;;;0;;;;;;
2018/12/18 02:27:35;356;;;;;;;;
2018/12/18 02:28:36;0;;;;;;;;
2018/12/18 02:31:12;;356;;;;;;;
2018/12/18 02:32:12;;0;;;;;;;
2018/12/18 02:42:55;;;;356;;;;;
2018/12/18 02:43:55;;;;0;;;;;
2018/12/18 03:43:37;;356;;;;;;;
2018/12/18 03:44:37;;0;;;;;;;
2018/12/19 00:00:37;null;null;null;;;;;;
2018/12/19 00:00:37;;;;null;null;null;null;null;
2018/12/19 00:00:57;;;;;0;0;0;0;
2018/12/19 00:00:58;0;0;0;0;;;;;
2018/12/19 10:50:42;;;;;;276;;;
2018/12/19 10:52:58;;;;;;;;276;
2018/12/19 11:17:27;;;;;;0;;;
2018/12/19 11:20:03;;;;;;;;0;
2018/12/19 11:23:20;;;276;;;;;;
2018/12/19 11:50:11;;;0;;;;;;
2018/12/19 13:29:40;;;;;;181;;;
2018/12/19 13:30:15;;;;;;;;182;
2018/12/19 13:30:56;;;;;;;182;;
2018/12/19 13:41:45;;;;;;0;;;
2018/12/19 13:42:00;;;;;;;0;;
2018/12/19 13:42:15;;;;;;;;0;
2018/12/20 00:00:37;null;null;null;null;null;null;null;null;
2018/12/20 00:00:59;;0;0;0;;;;;
2018/12/20 00:01:04;0;;;;;;;;
2018/12/20 00:01:05;;;;;0;0;0;0;
2018/12/20 01:41:37;null;null;null;null;;;;;
2018/12/20 01:41:38;;;;;null;null;null;null;
2018/12/20 01:44:40;;;;;0;0;0;0;
2018/12/20 01:44:41;0;0;0;0;;;;;
2018/12/21 00:00:37;null;null;null;null;null;null;null;null;
2018/12/21 00:00:57;0;0;0;0;;;;;
2018/12/21 00:00:58;;;;;0;0;0;0;
2018/12/21 13:24:09;null;null;null;null;null;null;null;null;
2018/12/21 13:41:39;0;0;0;0;;;0;0;
2018/12/21 13:41:39;;;;;0;0;;;
2018/12/21 13:43:41;null;null;null;null;null;null;null;null;
2018/12/21 13:45:12;0;0;0;0;;;0;0;
2018/12/21 13:45:13;;;;;0;0;;;
2018/12/21 14:30:30;null;null;null;null;null;null;null;null;
2018/12/21 14:40:37;0;0;;;;;;;
2018/12/21 14:40:37;;;0;0;0;0;0;0;
2018/12/21 14:53:18;null;null;null;null;null;null;null;null;
2018/12/21 15:05:21;0;0;0;0;;;0;0;
2018/12/21 15:05:21;;;;;0;0;;;
2018/12/21 15:09:14;null;null;null;null;null;null;null;null;
2018/12/21 15:11:46;0;0;0;0;0;0;0;0;
2018/12/21 15:31:39;null;null;null;null;null;null;null;null;
2018/12/21 15:34:07;0;0;0;;;;;;
2018/12/21 15:34:08;;;;0;0;0;0;0;
2018/12/21 16:52:00;null;null;null;null;null;null;null;null;
2018/12/21 16:52:58;0;0;0;;;;;;
2018/12/21 16:52:59;;;;0;0;0;0;0;
2018/12/21 17:52:47;null;null;null;null;null;null;null;null;
2018/12/21 17:53:16;0;0;0;0;;;;;
2018/12/21 17:53:17;;;;;0;0;0;0;
2018/12/21 17:57:41;null;null;null;null;null;null;null;null;
2018/12/21 17:59:12;0;0;0;0;;;;;
2018/12/21 17:59:12;;;;;0;0;0;0;
2018/12/21 19:28:12;null;null;null;null;null;null;null;null;
2018/12/21 19:38:11;0;0;0;0;;;;;
2018/12/21 19:38:11;;;;;0;0;0;0;
2018/12/22 00:00:37;null;null;null;null;null;null;null;null;
2018/12/22 00:00:55;;;;;0;0;0;0;
2018/12/22 00:00:56;0;0;0;0;;;;;
2018/12/23 00:00:37;null;null;null;null;null;null;null;null;
2018/12/23 00:00:55;0;0;0;0;;;;;
2018/12/23 00:00:56;;;;;0;0;0;0;
2018/12/24 00:00:37;null;null;null;null;null;null;null;null;
2018/12/24 00:00:57;0;0;0;0;;;;;
2018/12/24 00:00:57;;;;;0;;0;0;
2018/12/24 00:00:57;;;;;;0;;;
2018/12/24 20:12:21;356;;;;;;;;
2018/12/24 20:13:21;0;;;;;;;;
2018/12/25 00:00:47;null;null;null;null;null;null;null;null;
2018/12/25 00:01:06;;;;;0;0;0;0;
2018/12/25 00:01:07;0;0;0;0;;;;;
2018/12/25 01:34:19;;;;356;;;;;
2018/12/25 01:35:19;;;;191;;;;;
2018/12/25 01:35:29;;;;0;;;;;
2018/12/25 03:06:01;;338;;;;;;;
2018/12/25 03:07:06;;0;;;;;;;
2018/12/25 13:27:41;338;;;;;;;;
2018/12/25 13:28:46;0;;;;;;;;
2018/12/25 23:40:39;356;;;;;;;;
2018/12/25 23:41:34;0;;;;;;;;
2018/12/26 00:00:47;null;null;null;null;null;null;null;null;
2018/12/26 00:01:06;0;0;0;0;;;;;
2018/12/26 00:01:08;;;;;0;0;0;0;
2018/12/26 00:51:15;356;;;;;;;;
2018/12/26 00:51:20;153;;;;;;;;
2018/12/26 00:52:20;0;;;;;;;;
2018/12/26 05:58:26;;;null;;;;;;
2018/12/26 05:58:31;;;;null;;;;;
2018/12/26 10:47:52;;;0;;;;;;
2018/12/26 10:49:53;;;;341;;;;;
2018/12/26 10:50:18;;;;894;;;;;
2018/12/26 10:50:23;;;;341;;;;;
2018/12/26 10:50:48;;;;0;;;;;
2018/12/26 10:52:24;;;;null;;;;;
2018/12/26 10:55:00;;;;0;;;;;
2018/12/27 00:00:47;null;null;null;null;null;null;null;null;
2018/12/27 00:01:06;null;null;null;null;null;null;null;null;
2018/12/27 00:01:06;0;0;0;0;;;;;
2018/12/27 00:01:07;;;;;0;0;0;0;
2018/12/28 00:00:37;null;null;null;null;null;null;null;null;
2018/12/28 00:00:57;;;;;0;0;0;0;
2018/12/28 00:00:57;0;0;0;0;;;;;
2018/12/28 04:43:25;;;;;;;;598;
2018/12/28 07:30:54;;;;;;;;null;
2018/12/28 14:01:17;;;;;;;;0;
2018/12/28 22:01:30;null;null;null;null;null;null;null;null;
2018/12/28 22:01:57;0;0;0;0;0;0;0;;
2018/12/28 22:01:59;;;;;;;;0;
2018/12/29 00:00:47;null;null;null;;;;;;
2018/12/29 00:00:47;;;;null;null;null;null;null;
2018/12/29 00:01:07;;;;;0;0;0;0;
2018/12/29 00:01:07;0;0;0;0;;;;;
2018/12/29 23:16:14;;;275;;;;;;
2018/12/29 23:42:59;;;0;;;;;;
2018/12/29 23:54:40;;;;;276;;;;
2018/12/30 00:00:37;null;;;;;;;;
2018/12/30 00:00:37;;null;null;null;null;null;null;null;
2018/12/30 00:00:57;;;;;276;0;0;0;
2018/12/30 00:00:58;0;0;0;0;;;;;
2018/12/30 00:21:44;;;;;0;;;;
2018/12/31 00:00:47;null;null;null;null;null;null;null;null;
2018/12/31 00:01:04;0;0;0;0;;;;;
2018/12/31 00:01:06;;;;;0;0;0;0;
2018/12/31 15:42:44;;;;;;;;85;
2018/12/31 15:43:44;;;;;;;;0;
2018/12/31 19:25:04;;;356;;;;;;
2018/12/31 19:26:05;;;84;;;;;;
2018/12/31 19:26:15;;;0;;;;;;
2018/12/31 20:10:46;;;;;;356;;;
2018/12/31 20:11:46;;;;;;0;;;
2018/12/31 20:18:13;;;;;;;;338;
2018/12/31 20:19:18;;;;;;;;0;
2018/12/31 20:44:46;;;;;;356;;;
2018/12/31 20:45:47;;;;;;0;;;
2018/12/31 21:34:10;;;;356;;;;;
2018/12/31 21:35:11;;;;0;;;;;
2018/12/31 21:42:00;;;;;;356;;;
2018/12/31 21:42:55;;;;;;0;;;
2018/12/31 21:45:12;;;;;;0;;;
2018/12/31 23:02:31;356;;;;;;;;
2018/12/31 23:03:32;0;;;;;;;;
2018/12/31 23:13:10;;;356;;;;;;
2018/12/31 23:14:10;;;0;;;;;;
2018/12/31 23:27:50;356;;;;;;;;
2018/12/31 23:28:50;0;;;;;;;;
2018/12/31 23:38:24;;891;;;;;;;
2018/12/31 23:41:15;;0;;;;;;;
2019/01/01 00:00:00;0;0;0;0;0;0;0;0;

