Date start:01/01/2019;Date stop:30/06/2019
Data;WTE2.L1.WTG1.Status.WTG Event;WTE2.L1.WTG2.Status.WTG Event;WTE2.L1.WTG3.Status.WTG Event;WTE2.L2.WTG12.Status.WTG Event;WTE2.L2.WTG13.Status.WTG Event;WTE2.L2.WTG14.Status.WTG Event;
2019/01/01 00:00:47;null;null;null;null;null;null;
2019/01/01 00:01:04;0;0;0;;;;
2019/01/01 00:01:05;;;;0;0;0;
2019/01/01 00:19:05;;;;;356;;
2019/01/01 00:20:00;;;;;0;;
2019/01/01 00:33:53;;;;;356;;
2019/01/01 00:34:53;;;;;0;;
2019/01/01 01:09:20;;;;;356;;
2019/01/01 01:10:21;;;;;0;;
2019/01/01 01:12:41;;;;;356;;
2019/01/01 01:13:46;;;;;100;;
2019/01/01 01:51:38;;;;;0;;
2019/01/01 02:10:28;;;;;;156;
2019/01/01 02:46:31;;;;;;0;
2019/01/01 02:55:33;;;;;356;;
2019/01/01 02:56:33;;;;;0;;
2019/01/01 03:09:12;;;;;356;;
2019/01/01 03:10:08;;;;;0;;
2019/01/01 03:15:19;;;;;356;;
2019/01/01 03:16:19;;;;;0;;
2019/01/01 03:22:05;;;;;356;;
2019/01/01 03:23:05;;;;;100;;
2019/01/01 03:24:26;;;;;180;;
2019/01/01 05:29:33;;;;;0;;
2019/01/01 05:34:24;;;;;356;;
2019/01/01 05:35:19;;;;;0;;
2019/01/01 05:37:09;;;;;356;;
2019/01/01 05:37:55;;;;;0;;
2019/01/01 05:55:33;;;;;356;;
2019/01/01 05:56:33;;;;;84;;
2019/01/01 05:56:43;;;;;0;;
2019/01/01 05:57:44;;;;;338;;
2019/01/01 05:58:49;;;;;0;;
2019/01/01 06:01:25;;;;;356;;
2019/01/01 06:02:20;;;;;0;;
2019/01/01 06:11:17;;;;;356;;
2019/01/01 06:12:17;;;;;100;;
2019/01/01 06:22:59;;;;;0;;
2019/01/01 06:27:45;;;;;180;;
2019/01/01 06:28:36;;;;;0;;
2019/01/01 06:38:38;;;;;356;;
2019/01/01 06:39:38;;;;;0;;
2019/01/01 06:43:04;;;;;356;;
2019/01/01 06:44:09;;;;;100;;
2019/01/01 06:52:46;;;;;0;;
2019/01/01 06:59:33;;;;;356;;
2019/01/01 07:00:33;;;;;0;;
2019/01/01 07:02:28;;;;;356;;
2019/01/01 07:03:29;;;;;0;;
2019/01/01 07:11:38;;;356;;;;
2019/01/01 07:12:33;;;0;;;;
2019/01/01 07:21:48;;;;;356;;
2019/01/01 07:21:53;;;;;338;;
2019/01/01 07:22:48;;;;;100;;
2019/01/01 07:29:45;;;;;;356;
2019/01/01 07:30:45;;;;;;0;
2019/01/01 09:26:05;;;;;0;;
2019/01/01 10:13:41;;;;;180;;
2019/01/01 11:11:25;;;;;0;;
2019/01/01 11:55:09;;;;;356;;
2019/01/01 11:56:05;;;;;0;;
2019/01/01 12:00:21;;;;;180;;
2019/01/01 12:29:12;;;;;0;;
2019/01/01 15:27:53;;275;;;;;
2019/01/01 15:54:59;;0;;;;;
2019/01/01 15:57:20;;;;;180;;
2019/01/01 16:01:18;;;;;0;;
2019/01/02 00:00:47;null;null;null;null;null;null;
2019/01/02 00:01:11;0;0;0;;;;
2019/01/02 00:01:12;;;;0;0;0;
2019/01/02 10:07:56;;;;;null;;
2019/01/02 21:16:04;;;;;;338;
2019/01/02 21:17:04;;;;;;0;
2019/01/02 21:21:45;;;;338;;;
2019/01/02 21:21:50;;;;159;;;
2019/01/02 21:24:46;;;;;;356;
2019/01/02 21:25:46;;;;;;0;
2019/01/02 21:26:41;;;;889;;;
2019/01/02 21:33:07;;;;;;356;
2019/01/02 21:34:08;;;;;;83;
2019/01/02 21:34:18;;;;;;0;
2019/01/02 21:47:21;;;;;;356;
2019/01/02 21:48:21;;;;;;0;
2019/01/02 21:54:32;;;;;;356;
2019/01/02 21:55:32;;;;;;100;
2019/01/02 21:56:13;;;;;;100;
2019/01/02 22:01:58;;;;;;0;
2019/01/02 22:06:54;;;;;;338;
2019/01/02 22:07:34;;;;;;0;
2019/01/02 22:20:27;;;;;;338;
2019/01/02 22:21:27;;;;;;0;
2019/01/02 22:43:07;;;;;;356;
2019/01/02 22:43:12;;;;;;338;
2019/01/02 22:44:12;;;;;;0;
2019/01/02 22:45:59;;;;;;0;
2019/01/02 23:59:28;;;;;;356;
2019/01/03 00:00:37;null;null;null;null;;null;
2019/01/03 00:00:55;0;0;0;;;;
2019/01/03 00:00:56;;;;889;;0;
2019/01/03 00:01:51;;;;;;0;
2019/01/03 03:36:20;;;;;;356;
2019/01/03 03:37:05;;;;;;0;
2019/01/03 03:47:22;;;;;;356;
2019/01/03 03:48:23;;;;;;0;
2019/01/03 04:20:29;;;;;;338;
2019/01/03 04:21:34;;;;;;0;
2019/01/03 04:24:50;;;;;;356;
2019/01/03 04:25:50;;;;;;0;
2019/01/03 05:35:39;;;;;;356;
2019/01/03 05:36:39;;;;;;0;
2019/01/03 09:36:07;;;;;;356;
2019/01/03 09:37:08;;;;;;0;
2019/01/03 10:41:56;;;;;;338;
2019/01/03 10:42:56;;;;;;0;
2019/01/03 11:24:14;;;;;;356;
2019/01/03 11:25:14;;;;;;83;
2019/01/03 11:25:24;;;;;;0;
2019/01/03 11:28:24;;;;;;356;
2019/01/03 11:29:25;;;;;;0;
2019/01/03 12:30:02;;;;;;356;
2019/01/03 12:31:02;;;;;;0;
2019/01/03 12:36:03;;;;;;356;
2019/01/03 12:37:03;;;;;;84;
2019/01/03 12:37:08;;;;;;0;
2019/01/03 12:56:02;;;;null;;;
2019/01/03 13:05:44;;;;0;;;
2019/01/03 13:09:40;;;;897;;;
2019/01/03 13:09:45;;;;0;;;
2019/01/03 13:09:50;;;;897;;;
2019/01/03 13:11:13;;;;897;;;
2019/01/03 13:16:21;;;;0;;;
2019/01/03 13:43:32;;;;;;356;
2019/01/03 13:44:32;;;;;;0;
2019/01/03 13:58:15;;;;;;356;
2019/01/03 13:59:15;;;;;;191;
2019/01/03 13:59:25;;;;;;0;
2019/01/03 14:32:42;;;;;;356;
2019/01/03 14:33:12;;;;356;;;
2019/01/03 14:33:42;;;;;;83;
2019/01/03 14:33:52;;;;;;0;
2019/01/03 14:34:12;;;;0;;;
2019/01/03 14:34:27;;;;929;;;
2019/01/03 14:36:32;;;;;;356;
2019/01/03 14:37:28;;;;;;100;
2019/01/03 15:33:10;;;;0;;;
2019/01/03 15:33:25;;;;309;;;
2019/01/03 15:33:35;;;;0;;;
2019/01/03 17:26:58;;;;338;;;
2019/01/03 17:28:03;;;;0;;;
2019/01/03 17:37:40;;;;153;;;
2019/01/03 17:37:45;;;;159;;;
2019/01/03 19:43:49;;;144;;;;
2019/01/03 19:46:10;;144;;;;;
2019/01/03 19:47:15;891;;;;;;
2019/01/03 19:52:42;0;;;;;;
2019/01/03 19:55:32;;0;;;;;
2019/01/03 20:40:13;;;0;;;;
2019/01/04 00:00:37;null;null;null;null;;null;
2019/01/04 00:00:55;0;0;0;;;;
2019/01/04 00:00:58;;;;159;;100;
2019/01/04 04:16:45;;;;;;0;
2019/01/04 04:16:50;;;;;;309;
2019/01/04 04:17:05;;;;;;0;
2019/01/04 06:28:22;;;;;;356;
2019/01/04 06:29:27;;;;;;0;
2019/01/04 11:11:52;;;;;;356;
2019/01/04 11:12:52;;;;;;0;
2019/01/04 11:13:52;;;;;;356;
2019/01/04 11:14:52;;;;;;0;
2019/01/04 12:24:03;;;;;;338;
2019/01/04 12:25:03;;;;;;0;
2019/01/04 16:49:43;;;;;;276;
2019/01/04 17:16:07;;;;;;0;
2019/01/05 00:00:47;null;null;null;null;;null;
2019/01/05 00:01:07;;;;159;;0;
2019/01/05 00:01:08;0;0;0;;;;
2019/01/05 13:36:17;;;;null;;;
2019/01/05 13:42:56;275;;;;;;
2019/01/05 13:43:18;;;;893;;;
2019/01/05 13:53:06;;;;0;;;
2019/01/05 14:10:08;0;;;;;;
2019/01/06 00:00:37;null;null;null;null;;null;
2019/01/06 00:00:57;0;0;0;;;;
2019/01/06 00:00:58;;;;0;;0;
2019/01/06 00:20:07;;;;275;;;
2019/01/06 00:46:33;;;;0;;;
2019/01/06 05:50:01;null;null;null;null;;null;
2019/01/06 05:54:01;0;0;0;;;0;
2019/01/06 05:54:04;;;;0;;;
2019/01/06 08:14:28;;;;;;275;
2019/01/06 08:27:59;null;null;null;null;;null;
2019/01/06 08:41:24;;;;;;0;
2019/01/06 08:58:58;0;0;0;;;;
2019/01/06 08:58:59;;;;0;;;
2019/01/06 08:59:04;;;;;;0;
2019/01/06 12:03:41;;;;;900;;
2019/01/06 12:05:21;;;;;0;;
2019/01/06 15:21:28;275;;;;;;
2019/01/06 15:48:39;0;;;;;;
2019/01/07 00:00:37;null;null;null;null;null;null;
2019/01/07 00:00:55;;;;0;0;0;
2019/01/07 00:00:56;0;0;0;;;;
2019/01/07 06:38:27;null;null;null;null;null;null;
2019/01/07 07:21:28;;;;0;;;
2019/01/07 07:21:28;0;0;0;;0;0;
2019/01/07 08:00:01;;;;;null;;
2019/01/07 09:08:27;;;;;0;;
2019/01/07 11:53:13;null;null;null;null;null;null;
2019/01/07 12:20:44;0;0;0;0;;0;
2019/01/07 12:20:44;;;;;0;;
2019/01/07 12:58:47;null;null;null;null;null;null;
2019/01/07 13:20:58;0;0;0;0;;0;
2019/01/07 13:20:59;;;;;0;;
2019/01/07 13:22:42;;;;;356;;
2019/01/07 13:23:47;;;;;191;;
2019/01/07 13:23:52;;;;;0;;
2019/01/07 13:45:22;;;;;276;;
2019/01/07 14:11:43;;;;;0;;
2019/01/07 21:38:40;;;null;;;;
2019/01/07 21:43:01;;;0;;;;
2019/01/07 21:43:16;;;341;;;;
2019/01/07 21:43:41;;;0;;;;
2019/01/08 00:00:37;null;null;null;null;null;null;
2019/01/08 00:01:00;;;;0;0;0;
2019/01/08 00:01:01;0;0;0;;;;
2019/01/08 08:53:33;null;null;null;null;null;null;
2019/01/08 09:36:08;0;0;0;0;0;0;
2019/01/09 00:00:47;null;null;null;null;null;;
2019/01/09 00:00:47;;;;;;null;
2019/01/09 00:01:11;0;0;0;;;;
2019/01/09 00:01:12;;;;0;0;0;
2019/01/09 03:55:00;;;;275;;;
2019/01/09 04:21:26;;;;0;;;
2019/01/09 05:35:02;;275;;;;;
2019/01/09 06:02:13;;0;;;;;
2019/01/10 00:00:47;null;null;null;null;null;null;
2019/01/10 00:01:06;0;0;0;;;;
2019/01/10 00:01:07;;;;0;0;0;
2019/01/10 09:13:04;;;;;356;;
2019/01/10 09:14:05;;;;;0;;
2019/01/10 09:53:04;;;;;356;;
2019/01/10 09:53:09;;;;;338;;
2019/01/10 09:54:09;;;;;0;;
2019/01/11 00:00:47;null;null;null;null;null;null;
2019/01/11 00:01:05;;;;0;0;0;
2019/01/11 00:01:05;0;0;0;;;;
2019/01/12 00:00:37;null;null;null;null;null;null;
2019/01/12 00:00:53;;;;0;0;0;
2019/01/12 00:00:53;0;0;0;;;;
2019/01/13 00:00:37;null;null;null;null;null;null;
2019/01/13 00:00:53;0;0;0;;;;
2019/01/13 00:00:59;;;;0;0;0;
2019/01/13 02:01:48;;;275;;;;
2019/01/13 02:28:05;;;0;;;;
2019/01/14 00:00:37;null;null;null;null;null;null;
2019/01/14 00:00:55;;;;0;0;0;
2019/01/14 00:00:56;0;0;0;;;;
2019/01/14 13:38:02;null;;;;;;
2019/01/14 14:34:49;0;;;;;;
2019/01/14 14:49:12;;null;;;;;
2019/01/14 15:48:15;;0;;;;;
2019/01/15 00:00:37;null;null;null;null;null;null;
2019/01/15 00:00:56;0;0;0;;;;
2019/01/15 00:00:58;;;;0;0;0;
2019/01/15 00:32:25;;275;;;;;
2019/01/15 00:34:30;275;;;;;;
2019/01/15 00:59:05;;0;;;;;
2019/01/15 01:01:46;0;;;;;;
2019/01/15 07:34:49;;;null;;;;
2019/01/15 08:31:26;;;0;;;;
2019/01/15 10:53:50;;;;0;0;0;
2019/01/15 10:53:50;0;0;0;;;;
2019/01/15 12:03:37;0;0;0;0;0;0;
2019/01/15 12:50:07;0;0;0;0;0;0;
2019/01/16 00:00:37;null;null;null;null;null;null;
2019/01/16 00:00:55;;;;0;0;0;
2019/01/16 00:00:57;0;0;0;;;;
2019/01/16 07:20:00;;;;null;;;
2019/01/16 08:30:51;;;;0;;;
2019/01/16 08:41:58;;;;;;null;
2019/01/16 09:59:46;;;;;;0;
2019/01/16 11:36:28;null;null;null;null;null;null;
2019/01/16 11:42:57;0;0;0;;0;;
2019/01/16 11:42:57;;;;0;;0;
2019/01/16 13:25:43;;;;null;;;
2019/01/16 14:45:51;;;;0;;;
2019/01/17 00:00:37;null;null;null;null;null;null;
2019/01/17 00:00:55;;;;0;0;0;
2019/01/17 00:00:56;0;0;0;;;;
2019/01/17 03:02:20;;;;;275;;
2019/01/17 03:27:55;;;;;0;;
2019/01/17 09:28:55;0;0;0;;;;
2019/01/17 09:28:56;;;;0;0;0;
2019/01/18 00:00:47;null;null;null;null;null;null;
2019/01/18 00:01:06;;;;0;0;0;
2019/01/18 00:01:07;0;0;0;;;;
2019/01/19 00:00:37;null;null;null;null;null;null;
2019/01/19 00:00:55;;;;0;0;0;
2019/01/19 00:00:55;0;0;0;;;;
2019/01/19 20:05:11;;;;null;null;null;
2019/01/19 20:05:11;null;null;null;;;;
2019/01/19 20:05:44;;;;0;0;0;
2019/01/19 20:05:45;0;0;0;;;;
2019/01/20 00:00:47;null;null;null;null;null;null;
2019/01/20 00:01:06;;;;0;0;0;
2019/01/20 00:01:06;0;0;0;;;;
2019/01/20 09:27:02;;;;;;275;
2019/01/20 09:53:59;;;;;;0;
2019/01/21 00:00:37;null;null;null;null;null;null;
2019/01/21 00:00:58;;;;0;0;0;
2019/01/21 00:00:58;0;0;0;;;;
2019/01/21 09:42:25;;;;;null;;
2019/01/21 10:29:10;;;;0;;0;
2019/01/21 10:29:12;0;0;0;;;;
2019/01/21 10:34:22;;;;;0;;
2019/01/21 10:35:47;;;;;;null;
2019/01/21 11:23:17;;;;;;0;
2019/01/21 11:25:42;0;0;0;;;;
2019/01/21 11:25:43;;;;0;0;0;
2019/01/21 11:29:04;;;;0;0;0;
2019/01/21 11:29:08;0;0;0;;;;
2019/01/21 14:36:27;null;null;null;null;null;null;
2019/01/21 15:12:58;;;;0;0;0;
2019/01/21 15:12:58;0;0;0;;;;
2019/01/22 00:00:37;null;null;null;null;null;null;
2019/01/22 00:00:58;0;0;0;;;;
2019/01/22 00:00:59;;;;0;0;;
2019/01/22 00:01:04;;;;;;0;
2019/01/23 00:00:38;null;null;null;null;null;null;
2019/01/23 00:00:56;;;;0;0;0;
2019/01/23 00:00:57;0;0;0;;;;
2019/01/24 00:00:37;null;null;null;null;null;null;
2019/01/24 00:00:55;;;;0;0;0;
2019/01/24 00:00:55;0;0;0;;;;
2019/01/24 17:38:40;;338;;;;;
2019/01/24 17:39:45;;0;;;;;
2019/01/24 19:23:29;;;;;338;;
2019/01/24 19:24:34;;;;;0;;
2019/01/24 21:14:56;;;;;356;;
2019/01/24 21:16:01;;;;;191;;
2019/01/24 21:16:06;;;;;0;;
2019/01/24 21:24:23;;;;;338;;
2019/01/24 21:25:28;;;;;0;;
2019/01/24 22:37:00;;;;;;338;
2019/01/24 22:38:06;;;;;;0;
2019/01/24 23:10:43;;;;;356;;
2019/01/24 23:11:48;;;;;0;;
2019/01/24 23:28:37;;;;;338;;
2019/01/24 23:29:38;;;;;0;;
2019/01/24 23:44:11;;;;;356;;
2019/01/24 23:45:12;;;;;0;;
2019/01/24 23:50:53;;;;;338;;
2019/01/24 23:51:53;;;;;0;;
2019/01/24 23:56:14;;;;;356;;
2019/01/24 23:57:10;;;;;100;;
2019/01/25 00:00:47;null;;;;;;
2019/01/25 00:00:47;;null;null;null;null;null;
2019/01/25 00:01:05;;;;0;100;0;
2019/01/25 00:01:05;0;0;0;;;;
2019/01/25 01:19:13;;;;;0;;
2019/01/25 01:59:47;;;356;;;;
2019/01/25 02:00:47;;;0;;;;
2019/01/25 02:08:49;;;356;;;;
2019/01/25 02:09:49;;;0;;;;
2019/01/25 04:19:38;144;;;;;;
2019/01/25 05:25:18;0;;;;;;
2019/01/25 13:09:07;null;null;null;null;null;null;
2019/01/25 13:13:08;;0;;0;;0;
2019/01/25 13:13:09;0;;0;;0;;
2019/01/25 15:56:54;;;356;;;;
2019/01/25 15:57:54;;;0;;;;
2019/01/25 17:17:04;;;;;356;;
2019/01/25 17:18:04;;;;;0;;
2019/01/25 17:19:35;;;;;356;;
2019/01/25 17:20:35;;;;;0;;
2019/01/25 17:29:27;;;;;356;;
2019/01/25 17:30:27;;;;;0;;
2019/01/25 19:58:11;;;356;;;;
2019/01/25 19:58:58;;;356;;;;
2019/01/25 19:59:11;;;0;;;;
2019/01/26 00:00:37;null;null;null;null;null;null;
2019/01/26 00:00:56;0;0;0;;;;
2019/01/26 00:00:58;;;;0;0;0;
2019/01/26 01:59:16;;;;;;338;
2019/01/26 02:00:22;;;;;;0;
2019/01/26 04:02:04;null;null;null;null;null;null;
2019/01/26 04:02:33;0;0;0;;;;
2019/01/26 04:02:33;;;;0;0;;
2019/01/26 04:02:33;;;;;;0;
2019/01/26 09:18:49;;;153;;;;
2019/01/26 09:19:49;;;0;;;;
2019/01/27 00:00:37;null;null;null;null;null;null;
2019/01/27 00:00:55;;;;0;0;0;
2019/01/27 00:00:56;0;0;0;;;;
2019/01/27 07:25:49;309;309;309;;;;
2019/01/27 07:25:50;;;;309;;309;
2019/01/27 07:25:55;;;;;309;;
2019/01/27 07:34:41;;315;;;;;
2019/01/27 07:34:47;;;;;315;315;
2019/01/27 07:34:56;null;;;;;;
2019/01/27 07:35:12;;;null;;;;
2019/01/27 07:35:12;;;;null;;;
2019/01/27 07:35:17;;;;;182;;
2019/01/27 07:35:22;;;;;;182;
2019/01/27 07:35:48;;;;;;null;
2019/01/27 07:35:58;;;;;null;;
2019/01/27 07:36:02;;null;;;;;
2019/01/27 13:40:18;;;;;;182;
2019/01/27 13:40:36;;315;;;;;
2019/01/27 13:40:38;;;;;182;;
2019/01/27 13:41:13;;;;;;0;
2019/01/27 13:41:21;;;0;;;;
2019/01/27 13:42:26;315;;;;;;
2019/01/27 13:46:10;;;;0;;;
2019/01/27 13:50:48;;0;;;;;
2019/01/27 13:50:53;0;;;;;;
2019/01/27 13:52:11;;;;;0;;
2019/01/27 14:26:23;;309;;;;;
2019/01/27 14:26:28;;;309;;;;
2019/01/27 14:26:35;;;;309;;;
2019/01/27 14:26:40;;;;;309;;
2019/01/27 14:26:45;;;;;;309;
2019/01/27 14:30:04;309;;;;;;
2019/01/27 16:34:24;0;;;;;;
2019/01/27 16:34:55;;;;;893;893;
2019/01/27 16:35:00;;;;0;;;
2019/01/27 16:35:04;;893;;;;;
2019/01/27 16:36:29;;;0;;;;
2019/01/27 16:37:11;;;;;309;;
2019/01/27 16:39:52;;;;;;0;
2019/01/27 16:40:32;;;;;0;;
2019/01/27 16:42:36;;0;;;;;
2019/01/28 00:00:47;null;null;null;null;null;null;
2019/01/28 00:01:04;0;0;0;;;;
2019/01/28 00:01:05;;;;0;0;0;
2019/01/29 00:00:37;null;null;null;null;null;null;
2019/01/29 00:00:56;0;0;0;;;;
2019/01/29 00:00:57;;;;0;0;0;
2019/01/29 01:57:41;null;;;;;;
2019/01/29 02:02:07;30;;;;;;
2019/01/29 02:03:12;0;;;;;;
2019/01/29 02:58:25;;;;null;;;
2019/01/29 03:02:57;;;;0;;;
2019/01/29 03:03:27;;;;30;;;
2019/01/29 03:03:53;;;;0;;;
2019/01/29 10:23:37;;;83;;;;
2019/01/29 10:24:37;;;0;;;;
2019/01/29 13:57:32;276;;;;;;
2019/01/29 14:24:33;0;;;;;;
2019/01/29 16:37:12;309;309;309;;;;
2019/01/29 16:37:16;;;;309;309;309;
2019/01/29 16:40:08;;315;;;;;
2019/01/29 16:40:17;;;;;315;315;
2019/01/29 16:40:28;;;null;;;;
2019/01/29 16:40:37;;;;null;;;
2019/01/29 16:40:43;null;;;;;;
2019/01/29 16:41:12;315;;;;;;
2019/01/29 16:41:12;;;;;;182;
2019/01/29 16:41:22;;;;;null;;
2019/01/29 16:41:23;null;;;;;;
2019/01/29 16:41:28;;;;;;null;
2019/01/29 16:41:28;;null;;;;;
2019/01/29 17:44:55;315;315;;;;;
2019/01/29 17:46:05;;;;309;;;
2019/01/29 17:46:10;;;0;;;;
2019/01/29 17:46:15;;;;0;;;
2019/01/29 17:46:45;;;;;315;;
2019/01/29 17:46:50;;;;;;182;
2019/01/29 17:48:35;0;0;;;;;
2019/01/29 17:48:40;;;;;0;0;
2019/01/29 17:49:30;;893;;;;;
2019/01/29 17:49:35;;;;;893;893;
2019/01/29 17:49:35;893;;893;;;;
2019/01/29 17:52:51;;0;;;;;
2019/01/29 17:53:21;;;0;;;;
2019/01/29 17:54:11;0;;;;;;
2019/01/29 17:54:32;;;;;;0;
2019/01/29 17:55:37;;;;;0;;
2019/01/30 00:00:37;null;null;null;null;null;null;
2019/01/30 00:00:56;;;;0;0;0;
2019/01/30 00:00:57;0;0;0;;;;
2019/01/30 07:06:01;309;;;;;;
2019/01/30 07:06:06;;309;309;;;;
2019/01/30 07:06:13;;;;;309;309;
2019/01/30 07:07:42;;315;;;;;
2019/01/30 07:08:03;;;;;315;315;
2019/01/30 07:08:07;null;;null;;;;
2019/01/30 07:08:08;;;;null;;;
2019/01/30 07:08:22;315;;;;;;
2019/01/30 07:08:52;null;;;;;;
2019/01/30 07:09:02;;null;;;;;
2019/01/30 07:09:08;;;;;;null;
2019/01/30 07:09:13;;;;;null;;
2019/01/30 13:40:44;;;;0;;;
2019/01/30 13:41:29;;;;894;;;
2019/01/30 13:41:34;;;;0;;;
2019/01/30 13:45:36;;;0;;;;
2019/01/30 13:48:02;315;;;;;;
2019/01/30 13:48:30;;;;;315;;
2019/01/30 13:49:37;0;;;;;;
2019/01/30 13:49:40;;;;;0;;
2019/01/30 13:49:52;893;;;;;;
2019/01/30 13:50:01;;;;;893;;
2019/01/30 13:50:32;;315;;;;;
2019/01/30 13:50:36;;;;;;315;
2019/01/30 13:55:12;;;;;0;;
2019/01/30 13:57:44;0;;;;;;
2019/01/30 13:59:04;;0;;;;;
2019/01/30 14:00:33;;;;;;0;
2019/01/30 14:33:01;;;81;;;;
2019/01/30 14:34:02;;;0;;;;
2019/01/30 16:49:09;;;;356;;;
2019/01/30 16:50:09;;;;0;;;
2019/01/30 16:55:10;;;;;;356;
2019/01/30 16:56:10;;;;;;0;
2019/01/31 00:00:37;null;null;null;null;null;null;
2019/01/31 00:00:57;;;;0;0;0;
2019/01/31 00:00:58;0;0;0;;;;
2019/01/31 10:47:13;null;;;;;;
2019/01/31 14:33:04;893;;;;;;
2019/01/31 14:39:06;900;;;;;;
2019/01/31 14:39:31;0;;;;;;
2019/02/01 00:00:37;null;;;;;;
2019/02/01 00:00:37;;null;null;null;null;null;
2019/02/01 00:00:58;0;0;0;;;;
2019/02/01 00:00:59;;;;0;0;0;
2019/02/01 07:21:54;;null;;;;;
2019/02/01 07:38:17;null;;;;;;
2019/02/01 07:38:23;;;null;;;;
2019/02/01 07:38:43;;;0;;;;
2019/02/01 07:38:53;0;;;;;;
2019/02/01 09:47:01;;;;0;;;
2019/02/01 09:47:01;;;;;0;0;
2019/02/01 09:47:09;0;;0;;;;
2019/02/01 10:20:43;;900;;;;;
2019/02/01 10:20:53;;0;;;;;
2019/02/02 00:00:38;null;null;null;null;null;null;
2019/02/02 00:00:55;0;0;0;;;;
2019/02/02 00:00:57;;;;0;0;0;
2019/02/02 00:08:43;;;;null;;;
2019/02/02 00:13:14;;;;30;;;
2019/02/02 00:14:10;;;;0;;;
2019/02/03 00:00:47;null;null;null;null;null;null;
2019/02/03 00:01:04;;;;0;;0;
2019/02/03 00:01:09;;;;;0;;
2019/02/03 00:01:09;0;0;0;;;;
2019/02/03 11:34:45;null;null;null;null;null;null;
2019/02/03 12:01:54;;;;0;0;0;
2019/02/03 12:01:58;0;0;0;;;;
2019/02/03 13:18:16;null;null;null;null;null;null;
2019/02/03 13:40:55;;;;0;;0;
2019/02/03 13:40:55;0;0;0;;0;;
2019/02/03 17:23:24;null;null;null;null;null;null;
2019/02/03 17:32:27;;;;0;;0;
2019/02/03 17:32:27;0;0;0;;0;;
2019/02/03 18:24:54;null;null;null;null;null;null;
2019/02/03 18:35:25;;;;0;;;
2019/02/03 18:35:26;;;;;;0;
2019/02/03 18:35:26;0;0;0;;0;;
2019/02/03 18:40:39;null;null;null;null;null;null;
2019/02/03 19:08:20;;;;0;;;
2019/02/03 19:08:20;0;0;0;;0;0;
2019/02/04 00:00:47;null;null;null;null;null;null;
2019/02/04 00:01:05;0;0;0;;;;
2019/02/04 00:01:07;;;;0;0;0;
2019/02/04 15:00:47;null;null;null;null;null;null;
2019/02/04 15:14:26;0;0;0;;;;
2019/02/04 15:14:28;;;;0;0;0;
2019/02/04 15:42:26;null;null;null;null;null;null;
2019/02/04 15:43:05;0;0;0;;;;
2019/02/04 15:43:05;;;;0;0;0;
2019/02/04 15:47:45;null;null;null;null;null;null;
2019/02/04 15:51:14;0;0;0;;;;
2019/02/04 15:51:14;;;;0;0;0;
2019/02/04 16:34:27;null;null;null;null;null;null;
2019/02/04 16:51:26;0;0;0;0;0;0;
2019/02/04 17:52:18;144;;;;;;
2019/02/04 18:20:44;;;144;;;;
2019/02/04 18:20:49;;;84;;;;
2019/02/04 18:21:49;;;144;;;;
2019/02/04 18:23:00;;144;;;;;
2019/02/04 18:34:32;;;0;;;;
2019/02/04 19:24:49;;;144;;;;
2019/02/04 19:24:54;;;191;;;;
2019/02/04 19:25:54;;;144;;;;
2019/02/04 19:36:16;;;0;;;;
2019/02/04 19:42:32;;0;;;;;
2019/02/04 21:22:35;0;;;;;;
2019/02/05 00:00:38;null;null;null;null;null;null;
2019/02/05 00:00:59;0;0;0;;;;
2019/02/05 00:01:01;;;;0;0;0;
2019/02/06 00:00:48;null;null;null;null;null;null;
2019/02/06 00:01:06;0;0;0;;;;
2019/02/06 00:01:09;;;;0;0;0;
2019/02/06 04:15:07;;;176;;;;
2019/02/06 04:16:57;;;0;;;;
2019/02/06 07:05:43;;;338;;;;
2019/02/06 07:06:48;;;0;;;;
2019/02/06 07:32:24;;144;;;;;
2019/02/06 07:33:54;144;;;;;;
2019/02/06 07:34:19;;;144;;;;
2019/02/06 07:47:10;;;;144;;;
2019/02/06 07:52:28;;176;;;;;
2019/02/06 07:53:43;;144;;;;;
2019/02/06 07:56:47;;;;0;;;
2019/02/06 08:08:11;;;0;;;;
2019/02/06 08:13:22;;0;;;;;
2019/02/06 08:15:18;0;;;;;;
2019/02/06 08:46:09;;;156;;;;
2019/02/06 08:49:05;;;0;;;;
2019/02/06 09:22:36;;;;;356;;
2019/02/06 09:23:46;;;;;0;;
2019/02/06 10:01:50;338;;;;;;
2019/02/06 10:02:50;0;;;;;;
2019/02/06 10:34:57;;;891;;;;
2019/02/06 10:40:18;;;0;;;;
2019/02/06 10:51:06;144;;;;;;
2019/02/06 10:51:11;84;;;;;;
2019/02/06 10:52:11;144;;;;;;
2019/02/06 11:02:53;;;156;;;;
2019/02/06 11:36:00;0;;;;;;
2019/02/06 11:42:46;;;0;;;;
2019/02/06 11:43:31;;;891;;;;
2019/02/06 11:44:12;;;0;;;;
2019/02/06 11:59:35;;;356;;;;
2019/02/06 12:00:35;;;0;;;;
2019/02/06 12:27:56;;;;;356;;
2019/02/06 12:28:56;;;;;84;;
2019/02/06 12:29:06;;;;;0;;
2019/02/06 12:32:47;;;;;356;;
2019/02/06 12:33:32;;;;;186;;
2019/02/06 12:39:08;;;;;0;;
2019/02/06 12:39:23;;;;;186;;
2019/02/06 12:40:59;;;;;309;;
2019/02/06 12:41:09;;;;;186;;
2019/02/06 14:19:50;;;;;null;;
2019/02/07 00:00:38;null;null;null;null;;null;
2019/02/07 00:00:57;0;0;0;;;;
2019/02/07 00:00:57;;;;0;;0;
2019/02/07 11:22:36;;;;;;276;
2019/02/07 11:49:01;;;;;;0;
2019/02/07 18:25:04;;276;;;;;
2019/02/07 18:43:27;null;null;null;;;;
2019/02/07 18:43:27;;;;null;;null;
2019/02/07 18:46:28;0;276;0;;;;
2019/02/07 18:46:29;;;;0;;0;
2019/02/07 18:51:49;;0;;;;;
2019/02/08 00:00:38;null;;;;;;
2019/02/08 00:00:38;;null;null;null;;null;
2019/02/08 00:00:56;;;;0;;0;
2019/02/08 00:00:58;0;0;0;;;;
2019/02/08 09:09:36;276;;;;;;
2019/02/08 09:36:37;0;;;;;;
2019/02/08 16:40:14;;;;;0;;
2019/02/09 00:00:38;null;null;null;null;null;null;
2019/02/09 00:00:59;0;;;;;;
2019/02/09 00:00:59;;0;0;;;;
2019/02/09 00:01:04;;;;0;0;0;
2019/02/10 00:00:38;null;null;null;null;null;null;
2019/02/10 00:00:57;0;0;0;;;;
2019/02/10 00:00:58;;;;0;0;0;
2019/02/10 13:03:17;;null;;;;;
2019/02/10 13:07:38;;30;;;;;
2019/02/10 13:08:33;;0;;;;;
2019/02/11 00:00:47;null;null;null;null;null;null;
2019/02/11 00:01:05;0;0;0;;;;
2019/02/11 00:01:06;;;;0;0;0;
2019/02/11 14:06:26;;;;;338;;
2019/02/11 14:07:26;;;;;0;;
2019/02/11 22:44:09;;;;356;;;
2019/02/11 22:45:09;;;;0;;;
2019/02/12 00:00:47;null;;;;;;
2019/02/12 00:00:47;;null;null;null;null;null;
2019/02/12 00:01:05;;;;0;0;0;
2019/02/12 00:01:05;0;0;0;;;;
2019/02/12 01:26:14;;;;;356;;
2019/02/12 01:27:24;;;;;191;;
2019/02/12 01:27:29;;;;;0;;
2019/02/12 01:30:14;;;;;356;;
2019/02/12 01:31:10;;;;;0;;
2019/02/12 02:32:58;;;;;356;;
2019/02/12 02:33:58;;;;;0;;
2019/02/12 02:43:05;;;;;356;;
2019/02/12 02:44:05;;;;;0;;
2019/02/12 02:49:57;;;;;356;;
2019/02/12 02:50:57;;;;;0;;
2019/02/12 03:08:27;;;;;356;;
2019/02/12 03:09:27;;;;;100;;
2019/02/12 07:04:52;;;;;0;;
2019/02/12 07:09:03;;;;;356;;
2019/02/12 07:10:14;;;;;0;;
2019/02/13 00:00:37;null;null;null;null;null;null;
2019/02/13 00:00:57;;;;0;0;0;
2019/02/13 00:00:58;0;0;0;;;;
2019/02/13 11:10:11;;;156;;;;
2019/02/13 12:20:32;;;null;;;;
2019/02/13 12:23:18;;;0;;;;
2019/02/13 14:01:34;;;356;;;;
2019/02/13 14:02:30;;;0;;;;
2019/02/13 16:48:14;;;;0;0;;
2019/02/13 16:48:14;;;;;;0;
2019/02/13 16:48:19;0;0;;;;;
2019/02/13 16:48:27;;;0;;;;
2019/02/13 17:11:00;;;;0;0;;
2019/02/13 17:11:00;;;;;;0;
2019/02/13 17:11:00;0;0;;;;;
2019/02/13 17:11:09;;;0;;;;
2019/02/13 19:17:42;;;;;356;;
2019/02/13 19:18:47;;;;;0;;
2019/02/13 19:31:50;;;;;;356;
2019/02/13 19:32:50;;;;;;0;
2019/02/13 19:34:31;;;;;356;;
2019/02/13 19:35:31;;;;;84;;
2019/02/13 19:35:41;;;;;0;;
2019/02/13 20:13:10;;;;;;356;
2019/02/13 20:13:30;;;;338;;;
2019/02/13 20:14:10;;;;;;0;
2019/02/13 20:14:25;;;;0;;;
2019/02/13 20:18:11;;;;;356;;
2019/02/13 20:19:11;;;;;0;;
2019/02/13 20:21:11;;;;;356;;
2019/02/13 20:22:12;;;;;0;;
2019/02/13 20:23:47;;;;;;356;
2019/02/13 20:24:47;;;;;;0;
2019/02/13 20:28:18;;;;;356;;
2019/02/13 20:29:18;;;;;100;;
2019/02/13 20:40:36;;;;;;356;
2019/02/13 20:41:37;;;;;;0;
2019/02/13 20:52:34;;;;;;156;
2019/02/13 21:02:27;;;;159;;;
2019/02/13 22:21:02;;;;;;0;
2019/02/13 22:21:57;;;;;276;;
2019/02/13 22:48:17;;;;;0;;
2019/02/14 00:00:36;null;null;null;null;null;null;
2019/02/14 00:00:54;;0;;;;;
2019/02/14 00:00:54;;;;159;0;0;
2019/02/14 00:00:59;0;;0;;;;
2019/02/14 00:12:22;;;;;356;;
2019/02/14 00:13:23;;;;;0;;
2019/02/14 00:16:18;;;;;356;;
2019/02/14 00:17:19;;;;;0;;
2019/02/14 04:03:25;;;;;356;;
2019/02/14 04:04:25;;;;;0;;
2019/02/14 04:16:23;;;;;356;;
2019/02/14 04:17:23;;;;;83;;
2019/02/14 04:17:33;;;;;0;;
2019/02/14 07:59:49;;;;null;;;
2019/02/14 08:44:49;;;;0;;;
2019/02/15 00:00:37;null;null;null;null;null;null;
2019/02/15 00:01:13;;;;0;0;0;
2019/02/15 00:01:14;0;0;0;;;;
2019/02/15 14:38:41;null;null;null;null;null;null;
2019/02/15 15:30:20;0;0;0;0;0;0;
2019/02/15 15:58:22;;;;;356;;
2019/02/15 15:59:32;;;;;0;;
2019/02/15 16:06:44;;;;;356;;
2019/02/15 16:07:44;;;;;0;;
2019/02/15 17:42:46;;356;;;;;
2019/02/15 17:43:46;;0;;;;;
2019/02/15 18:10:26;;;;;356;;
2019/02/15 18:11:42;;;;;180;;
2019/02/15 18:17:03;;;;;;356;
2019/02/15 18:18:03;;;;159;;0;
2019/02/15 18:22:49;;;;;;356;
2019/02/15 18:23:45;;;;;;0;
2019/02/15 18:26:51;;;;;;356;
2019/02/15 18:27:51;;;;;;0;
2019/02/15 18:29:26;;;;;;356;
2019/02/15 18:30:26;;;;;;100;
2019/02/15 19:30:36;;;;;;0;
2019/02/15 19:30:51;;;;;;309;
2019/02/15 19:30:56;;;;;;0;
2019/02/15 19:44:58;144;;;;;;
2019/02/15 19:48:24;;;144;;;;
2019/02/15 19:48:29;;144;;;;;
2019/02/15 20:12:10;0;;;;;;
2019/02/15 20:12:15;;0;;;;;
2019/02/15 20:13:30;;;0;;;;
2019/02/15 20:34:30;;;356;;;;
2019/02/15 20:35:30;;;0;;;;
2019/02/15 23:23:01;;;;;0;;
2019/02/16 00:00:47;null;null;null;null;null;null;
2019/02/16 00:01:05;;;;159;0;0;
2019/02/16 00:01:10;0;0;0;;;;
2019/02/16 07:32:39;;;;null;;;
2019/02/16 07:49:27;;;;0;;;
2019/02/17 00:00:37;null;null;null;null;null;null;
2019/02/17 00:00:57;;;;0;0;0;
2019/02/17 00:00:59;0;0;0;;;;
2019/02/17 08:10:30;null;null;null;null;null;null;
2019/02/17 08:30:32;;;;0;;;
2019/02/17 08:30:32;;;;;0;0;
2019/02/17 08:30:32;0;0;0;;;;
2019/02/18 00:00:37;null;null;null;null;null;null;
2019/02/18 00:01:00;;;;0;0;0;
2019/02/18 00:01:04;0;0;0;;;;
2019/02/18 17:03:39;null;null;null;null;null;null;
2019/02/18 17:06:54;;;;0;0;;
2019/02/18 17:06:55;0;0;0;;;;
2019/02/18 17:06:59;;;;;;0;
2019/02/19 00:00:37;null;null;null;null;null;null;
2019/02/19 00:01:01;;;;0;0;0;
2019/02/19 00:01:01;0;0;0;;;;
2019/02/19 07:16:00;;;null;;;;
2019/02/19 08:02:32;null;;;;;;
2019/02/19 08:02:47;0;;;;;;
2019/02/19 08:04:47;null;;;;;;
2019/02/19 08:07:28;0;;;;;;
2019/02/19 09:34:07;null;null;;null;null;null;
2019/02/19 09:37:08;;;;0;0;;
2019/02/19 09:37:09;;0;;;;0;
2019/02/19 09:37:10;0;;;;;;
2019/02/19 10:22:04;;;893;;;;
2019/02/19 10:33:17;;;900;;;;
2019/02/19 10:40:39;;;0;;;;
2019/02/20 00:00:38;null;null;null;null;null;null;
2019/02/20 00:00:59;;;;0;0;0;
2019/02/20 00:01:04;0;0;0;;;;
2019/02/20 07:14:29;;;;275;;;
2019/02/20 07:40:56;;;;0;;;
2019/02/21 00:00:37;null;null;null;null;null;null;
2019/02/21 00:00:55;0;0;0;;;;
2019/02/21 00:00:57;;;;0;0;0;
2019/02/21 09:09:20;;275;;;;;
2019/02/21 09:35:56;;0;;;;;
2019/02/21 10:35:18;null;null;null;null;null;null;
2019/02/21 10:36:49;0;;;;;;
2019/02/21 10:36:49;;;0;;;;
2019/02/21 10:36:49;;;;0;0;0;
2019/02/21 10:36:50;;0;;;;;
2019/02/22 00:00:37;null;null;null;null;null;null;
2019/02/22 00:00:56;0;0;0;;;;
2019/02/22 00:00:57;;;;0;0;0;
2019/02/22 21:36:13;;;;356;;;
2019/02/22 21:36:33;;;;;356;;
2019/02/22 21:37:13;;;;0;;;
2019/02/22 21:37:23;;;;;;338;
2019/02/22 21:37:43;;;;;0;;
2019/02/22 21:38:23;;;;;;0;
2019/02/22 21:49:43;;;;;356;;
2019/02/22 21:50:44;;;;;0;;
2019/02/22 22:15:46;;;;;356;;
2019/02/22 22:15:51;;;;;338;;
2019/02/22 22:16:51;;;;;0;;
2019/02/22 23:14:19;;;;;356;;
2019/02/22 23:15:19;;;;;0;;
2019/02/22 23:43:26;;;;;356;;
2019/02/22 23:44:21;;;;;0;;
2019/02/22 23:58:45;;;;;356;;
2019/02/22 23:59:45;;;;;0;;
2019/02/23 00:00:37;null;null;null;null;null;null;
2019/02/23 00:00:55;0;0;0;;;;
2019/02/23 00:00:57;;;;0;0;0;
2019/02/23 00:07:13;;;;;356;;
2019/02/23 00:08:14;;;;;100;;
2019/02/23 00:58:07;;;;;;356;
2019/02/23 00:59:07;;;;;;0;
2019/02/23 01:06:44;;;;;;356;
2019/02/23 01:06:49;;;;;;153;
2019/02/23 01:07:49;;;;;;0;
2019/02/23 01:11:10;;;;;;356;
2019/02/23 01:12:10;;;;;;0;
2019/02/23 01:31:49;;;;;;356;
2019/02/23 01:32:49;;;;;;100;
2019/02/23 03:55:40;;;356;;;;
2019/02/23 03:56:40;;;0;;;;
2019/02/23 04:47:50;;;;356;;;
2019/02/23 04:48:50;;;;0;;;
2019/02/23 04:50:16;;;;159;;;
2019/02/23 05:28:56;;;156;;;;
2019/02/23 05:50:25;;338;;;;;
2019/02/23 05:51:30;;0;;;;;
2019/02/23 06:27:35;;;0;;;;
2019/02/23 06:31:23;;;;;;0;
2019/02/23 06:31:26;;338;;;;;
2019/02/23 06:31:31;338;;;;;;
2019/02/23 06:31:48;;;;;0;;
2019/02/23 06:32:16;0;;;;;;
2019/02/23 06:32:31;;0;;;;;
2019/02/23 06:35:47;338;;;;;;
2019/02/23 06:35:57;;338;;;;;
2019/02/23 06:36:50;;;;;356;;
2019/02/23 06:36:52;0;;;;;;
2019/02/23 06:37:02;;0;;;;;
2019/02/23 06:37:50;;;;;0;;
2019/02/23 06:38:57;;;338;;;;
2019/02/23 06:39:10;;;;;338;;
2019/02/23 06:39:57;;;0;;;;
2019/02/23 06:40:07;;;85;;;;
2019/02/23 06:40:15;;;;;0;;
2019/02/23 06:41:08;;;0;;;;
2019/02/23 06:44:39;;;87;;;;
2019/02/23 06:45:21;;;;;356;;
2019/02/23 06:46:16;;;;;0;;
2019/02/23 06:50:20;891;;;;;;
2019/02/23 06:50:57;;;;;338;;
2019/02/23 06:51:46;;;0;;;;
2019/02/23 06:51:58;;;;;0;;
2019/02/23 06:55:26;0;;;;;;
2019/02/23 06:57:39;;;;;356;;
2019/02/23 06:58:39;;;;;0;;
2019/02/23 07:00:30;;;;;356;;
2019/02/23 07:01:30;;;;;100;;
2019/02/23 07:03:58;;;338;;;;
2019/02/23 07:04:59;;;0;;;;
2019/02/23 07:05:09;;;85;;;;
2019/02/23 07:06:09;;;0;;;;
2019/02/23 07:08:59;;156;;;;;
2019/02/23 07:13:36;;;891;;;;
2019/02/23 07:18:42;;;0;;;;
2019/02/23 07:23:18;;;156;;;;
2019/02/23 07:29:26;;;;;;338;
2019/02/23 07:30:26;;;;;;0;
2019/02/23 07:52:50;338;;;;;;
2019/02/23 07:53:50;0;;;;;;
2019/02/23 08:01:14;;;;;;891;
2019/02/23 08:06:14;186;;;;;;
2019/02/23 08:06:35;;;;;;0;
2019/02/23 08:20:58;;;;;;338;
2019/02/23 08:21:59;;;;;;0;
2019/02/23 08:51:06;;;;;;338;
2019/02/23 08:52:07;;;;;;0;
2019/02/23 09:02:39;;;;;;356;
2019/02/23 09:03:39;;;;;;191;
2019/02/23 09:03:49;;;;;;0;
2019/02/23 09:10:31;;;;;;430;
2019/02/23 09:11:31;;;;;;0;
2019/02/23 09:15:17;;;;;;156;
2019/02/23 11:07:26;;;;;0;;
2019/02/23 11:08:56;;;;;;0;
2019/02/23 11:10:41;;;;;;338;
2019/02/23 11:11:22;;;;;929;;
2019/02/23 11:11:47;;;;;;0;
2019/02/23 11:14:47;;;;;;153;
2019/02/23 11:15:48;;;;;;338;
2019/02/23 11:15:53;;;;;;0;
2019/02/23 11:16:48;;;;;;891;
2019/02/23 11:25:10;;;;;;0;
2019/02/23 11:29:01;;;;;;338;
2019/02/23 11:30:06;;;;;;0;
2019/02/23 11:43:34;;;;;;891;
2019/02/23 11:48:56;;;;;;0;
2019/02/23 11:54:57;;;;;;891;
2019/02/23 12:01:23;;;;;;0;
2019/02/23 12:04:29;;;;;;356;
2019/02/23 12:05:29;;;;;;0;
2019/02/23 12:07:55;;;;;;338;
2019/02/23 12:08:55;;;;;;100;
2019/02/23 12:22:13;;;;;0;;
2019/02/23 12:23:59;;;;;338;;
2019/02/23 12:25:14;;;;;186;;
2019/02/23 13:25:47;;null;;;;;
2019/02/23 13:26:17;;0;;;;;
2019/02/23 13:27:32;;;null;;;;
2019/02/23 13:27:47;;;900;;;;
2019/02/23 13:28:02;;;0;;;;
2019/02/23 13:28:05;;;;;100;;
2019/02/23 13:35:19;;;356;;;;
2019/02/23 13:35:24;;;338;;;;
2019/02/23 13:36:24;;;0;;;;
2019/02/23 13:39:50;;;338;;;;
2019/02/23 13:40:50;;;0;;;;
2019/02/23 13:50:07;;;338;;;;
2019/02/23 13:50:12;;;159;;;;
2019/02/23 13:58:39;;338;;;;;
2019/02/23 13:59:44;;0;;;;;
2019/02/23 14:24:46;;338;;;;;
2019/02/23 14:25:46;;0;;;;;
2019/02/23 14:31:12;;;null;;;;
2019/02/23 14:35:23;;144;;;;;
2019/02/23 14:35:28;;;159;;;;
2019/02/23 14:38:14;null;;null;;;;
2019/02/23 14:38:29;186;;;;;;
2019/02/23 14:40:15;;;;null;;;
2019/02/23 14:42:30;;;159;;;;
2019/02/23 14:43:30;;0;;;;;
2019/02/23 14:46:01;;;;900;;;
2019/02/23 14:46:21;;;;0;;;
2019/02/23 14:47:57;;;;338;;;
2019/02/23 14:48:57;;;;0;;;
2019/02/23 14:49:37;;;;;;null;
2019/02/23 14:49:52;;;;;;900;
2019/02/23 14:50:37;;;;;;0;
2019/02/23 14:57:29;null;;null;;;;
2019/02/23 14:57:44;186;;;;;;
2019/02/23 15:01:45;;;159;;;;
2019/02/23 15:04:21;;;;;;338;
2019/02/23 15:05:26;;;;;;0;
2019/02/23 15:06:01;;356;;;;;
2019/02/23 15:07:01;;0;;;;;
2019/02/23 15:08:07;;;;;;102;
2019/02/23 15:08:41;;;null;;;;
2019/02/23 15:13:02;;;159;;;;
2019/02/23 16:17:54;;;;338;;;
2019/02/23 16:18:59;;;;0;;;
2019/02/23 17:04:30;;;;144;;;
2019/02/23 17:08:41;;;;0;;;
2019/02/23 17:12:13;null;null;null;null;null;null;
2019/02/23 17:24:47;null;;;;;;
2019/02/23 17:24:49;;;null;;;;
2019/02/23 17:24:49;;;;;null;null;
2019/02/23 17:24:54;186;0;159;;;;
2019/02/23 17:24:56;;;;0;100;102;
2019/02/23 17:40:38;;338;;;;;
2019/02/23 17:41:43;;0;;;;;
2019/02/23 18:13:26;;144;;;;;
2019/02/23 18:18:42;;176;;;;;
2019/02/23 18:22:58;;144;;;;;
2019/02/23 18:26:39;;176;;;;;
2019/02/23 18:32:38;;;;144;;;
2019/02/23 18:44:39;;144;;;;;
2019/02/23 19:17:53;;176;;;;;
2019/02/23 19:25:53;;;;891;;;
2019/02/23 19:30:54;;;;144;;;
2019/02/23 20:18:20;;;;;;100;
2019/02/23 20:52:19;;144;;;;;
2019/02/23 21:04:37;;176;;;;;
2019/02/23 21:07:33;;144;;;;;
2019/02/23 21:11:19;;176;;;;;
2019/02/23 21:14:45;;144;;;;;
2019/02/23 21:32:19;;null;;;;;
2019/02/23 21:36:45;;30;;;;;
2019/02/23 21:37:46;;144;;;;;
2019/02/23 21:41:22;;;;0;;;
2019/02/23 21:42:37;;0;;;;;
2019/02/23 22:23:22;;430;;;;;
2019/02/23 22:24:22;;929;;;;;
2019/02/23 23:53:25;;;;144;;;
2019/02/23 23:53:30;;;;191;;;
2019/02/23 23:54:30;;;;144;;;
2019/02/24 00:00:37;null;null;null;null;null;null;
2019/02/24 00:00:55;186;929;159;;;;
2019/02/24 00:00:58;;;;144;100;100;
2019/02/24 02:23:55;;;;0;;;
2019/02/24 03:08:46;;;;338;;;
2019/02/24 03:09:46;;;;0;;;
2019/02/24 03:53:02;;;;144;;;
2019/02/24 04:12:57;;;;0;;;
2019/02/24 05:11:06;100;;;;;;
2019/02/24 07:10:44;;144;;;;;
2019/02/24 07:23:58;;176;;;;;
2019/02/24 07:31:25;;144;;;;;
2019/02/24 08:25:03;;0;;;;;
2019/02/24 10:49:30;;;159;;;;
2019/02/24 10:49:30;;;;;100;100;
2019/02/24 10:49:33;100;;;0;;;
2019/02/24 10:49:40;;0;;;;;
2019/02/24 13:09:47;;;;;;null;
2019/02/24 13:10:37;;;;null;;;
2019/02/24 13:10:42;;;;;null;;
2019/02/24 13:10:52;;;;0;;;
2019/02/24 13:10:57;;;;;100;;
2019/02/24 13:57:06;;;;;;0;
2019/02/24 13:58:32;;;;;null;;
2019/02/24 14:01:13;;;;null;;;
2019/02/24 14:01:28;;;;0;;;
2019/02/24 15:42:51;null;null;;;;;
2019/02/24 15:42:51;;;null;;;;
2019/02/24 15:42:52;;;;null;;;
2019/02/24 15:42:52;;;;;;null;
2019/02/24 15:42:55;100;0;159;;;;
2019/02/24 15:42:58;;;;0;;0;
2019/02/24 17:33:59;;;;;;356;
2019/02/24 17:35:04;;;;;;191;
2019/02/24 17:35:14;;;;;;0;
2019/02/24 18:21:41;;;null;;;;
2019/02/24 18:24:17;;;0;;;;
2019/02/24 18:25:53;null;;;;;;
2019/02/25 00:00:47;;null;null;null;;null;
2019/02/25 00:01:05;;;;0;;0;
2019/02/25 00:01:06;;0;0;;;;
2019/02/25 00:11:23;;;;;;356;
2019/02/25 00:11:43;;;;356;;;
2019/02/25 00:12:23;;;;;;0;
2019/02/25 00:12:43;;;;0;;;
2019/02/25 00:18:04;;;;;;356;
2019/02/25 00:19:00;;;;;;0;
2019/02/25 08:47:38;;;;null;;;
2019/02/25 08:47:53;;;;0;;;
2019/02/25 10:50:30;;;356;;;;
2019/02/25 10:51:31;;;191;;;;
2019/02/25 10:51:41;;;0;;;;
2019/02/25 12:26:22;;356;;;;;
2019/02/25 12:27:22;;0;;;;;
2019/02/25 12:39:00;;;356;;;;
2019/02/25 12:40:00;;;0;;;;
2019/02/25 13:45:33;;;;;;356;
2019/02/25 13:46:33;;;;;;0;
2019/02/25 13:48:08;;;;159;;;
2019/02/25 13:59:05;;;;;;159;
2019/02/25 14:15:08;;;;null;;;
2019/02/25 14:19:34;;;;;;null;
2019/02/25 14:43:23;;;;;;0;
2019/02/25 14:49:05;;;;;;356;
2019/02/25 14:50:05;;;;159;;0;
2019/02/25 14:50:50;;;;null;;;
2019/02/25 14:53:26;;;;0;;;
2019/02/25 15:03:08;;;;;;356;
2019/02/25 15:04:08;;;;;;0;
2019/02/25 15:16:26;;;;;;186;
2019/02/25 15:18:41;;;;159;;;
2019/02/25 16:07:15;;;156;;;;
2019/02/25 16:07:20;;338;;;;;
2019/02/25 16:08:20;;0;;;;;
2019/02/25 16:25:23;;;;null;;;
2019/02/25 16:32:44;;;;159;;;
2019/02/25 16:49:38;;87;;;;;
2019/02/25 17:37:37;;0;;;;;
2019/02/25 17:49:09;;338;;;;;
2019/02/25 17:50:10;;0;;;;;
2019/02/25 18:59:29;;null;null;null;;null;
2019/02/25 19:32:15;;144;;;;;
2019/02/25 19:33:32;;;;;;186;
2019/02/25 19:33:32;;;156;159;;;
2019/02/25 19:33:37;;144;;;;;
2019/02/25 19:49:59;;0;;;;;
2019/02/25 19:56:30;;338;;;;;
2019/02/25 19:57:35;;0;;;;;
2019/02/26 00:00:38;;null;null;null;;null;
2019/02/26 00:00:56;;;;159;;186;
2019/02/26 00:00:57;;0;156;;;;
2019/02/26 07:22:45;;;null;;;;
2019/02/26 07:25:41;;;0;;;;
2019/02/26 07:29:48;;;;null;;;
2019/02/26 07:48:52;;;;0;;;
2019/02/26 07:59:28;;;;;;null;
2019/02/26 10:57:13;;null;null;null;;;
2019/02/26 10:58:12;;0;;;;;
2019/02/26 10:58:14;;;0;0;;;
2019/02/26 11:05:03;;null;null;null;;;
2019/02/26 11:23:38;;0;;;;;
2019/02/26 11:23:38;;;0;0;;;
2019/02/26 11:31:49;;null;null;null;;;
2019/02/26 11:41:57;;0;;;;;
2019/02/26 11:42:13;;;0;0;;;
2019/02/26 11:49:10;;null;null;null;;;
2019/02/26 12:03:09;;0;;;;;
2019/02/26 12:03:09;;;0;0;;;
2019/02/26 12:25:30;;null;null;null;;;
2019/02/26 12:31:28;;0;;;;;
2019/02/26 12:31:28;;;0;0;;;
2019/02/26 12:35:19;;null;null;null;;;
2019/02/26 12:36:28;;0;;;;;
2019/02/26 12:36:28;;;0;0;;;
2019/02/26 12:46:12;;null;null;null;;;
2019/02/26 12:47:18;;0;;;;;
2019/02/26 12:47:20;;;0;0;;;
2019/02/26 15:35:39;;;;;;0;
2019/02/27 00:00:38;;null;null;null;;null;
2019/02/27 00:01:00;;;;0;;0;
2019/02/27 00:01:01;;0;0;;;;
2019/02/27 05:14:04;;;;;;338;
2019/02/27 05:15:09;;;;;;0;
2019/02/27 06:42:17;;;;;;356;
2019/02/27 06:43:17;;;;;;0;
2019/02/27 07:16:34;;;;;;356;
2019/02/27 07:17:34;;;;;;0;
2019/02/27 09:37:54;;338;;;;;
2019/02/27 09:38:54;;0;;;;;
2019/02/27 09:54:57;;;356;;;;
2019/02/27 09:55:12;;356;;;;;
2019/02/27 09:55:57;;;191;;;;
2019/02/27 09:56:07;;;0;;;;
2019/02/27 09:56:12;;0;;;;;
2019/02/27 10:18:12;;;356;;;;
2019/02/27 10:19:12;;;0;;;;
2019/02/27 10:28:29;;356;;;;;
2019/02/27 10:29:25;;0;;;;;
2019/02/27 10:40:22;;356;;;;;
2019/02/27 10:40:42;;;356;;;;
2019/02/27 10:41:22;;191;;;;;
2019/02/27 10:41:32;;0;;;;;
2019/02/27 10:41:47;;;0;;;;
2019/02/27 10:59:46;;;338;;;;
2019/02/27 11:00:51;;;0;;;;
2019/02/27 11:51:17;;;356;;;;
2019/02/27 11:52:17;;;0;;;;
2019/02/27 12:21:28;;;156;;;;
2019/02/27 12:59:20;;;null;;;;
2019/02/27 13:02:01;;;0;;;;
2019/02/27 17:23:47;;;null;;;;
2019/02/27 17:28:08;;;30;;;;
2019/02/27 17:29:08;;;0;;;;
2019/02/27 17:32:09;;;83;;;;
2019/02/27 17:33:09;;;0;;;;
2019/02/28 00:00:37;;null;null;null;;null;
2019/02/28 00:00:55;;;;0;;0;
2019/02/28 00:00:56;;0;0;;;;
2019/02/28 09:18:30;;0;0;0;;0;
2019/02/28 11:59:46;;;275;;;;
2019/02/28 12:26:26;;;0;;;;
2019/02/28 13:40:45;;;;null;;null;
2019/02/28 13:40:45;;null;null;;;;
2019/02/28 13:43:32;;;;0;;0;
2019/02/28 13:43:35;;0;0;;;;
2019/03/01 00:00:37;;null;null;null;;null;
2019/03/01 00:00:55;;;;0;;0;
2019/03/01 00:00:55;;0;0;;;;
2019/03/01 17:36:24;0;;;;;;
2019/03/02 00:00:47;null;null;null;null;;null;
2019/03/02 00:01:06;;;;0;;0;
2019/03/02 00:01:10;0;0;0;;;;
2019/03/02 11:41:06;;275;;;;;
2019/03/02 12:07:17;;0;;;;;
2019/03/02 12:31:37;;;;;0;;
2019/03/03 00:00:38;null;null;null;null;null;null;
2019/03/03 00:00:55;0;0;0;;;;
2019/03/03 00:01:00;;;;0;0;0;
2019/03/04 00:00:47;null;null;null;null;null;null;
2019/03/04 00:01:08;;;;0;0;0;
2019/03/04 00:01:08;0;0;0;;;;
2019/03/04 19:44:50;null;null;null;null;null;null;
2019/03/04 20:13:19;;;;0;0;0;
2019/03/04 20:13:20;0;0;0;;;;
2019/03/04 21:50:24;null;null;null;null;null;null;
2019/03/04 22:05:35;;;;0;0;0;
2019/03/04 22:05:36;0;0;0;;;;
2019/03/05 00:00:47;null;null;null;null;null;null;
2019/03/05 00:01:06;;;;0;0;0;
2019/03/05 00:01:09;0;0;0;;;;
2019/03/05 17:03:57;;;;0;0;0;
2019/03/05 17:03:57;0;0;0;;;;
2019/03/05 17:15:51;;;;0;0;0;
2019/03/05 17:15:54;0;0;0;;;;
2019/03/06 00:00:37;null;null;null;null;null;null;
2019/03/06 00:00:53;0;0;0;;;;
2019/03/06 00:00:59;;;;0;0;0;
2019/03/06 06:59:41;;;null;;;;
2019/03/06 06:59:51;null;null;;;;;
2019/03/06 06:59:54;;;;null;null;null;
2019/03/06 07:00:44;;;;0;;0;
2019/03/06 07:00:46;0;;;;;;
2019/03/06 07:00:49;;;;;0;;
2019/03/06 07:00:51;;0;;;;;
2019/03/06 07:02:31;;;0;;;;
2019/03/06 10:08:37;null;null;null;null;null;null;
2019/03/06 10:08:56;0;0;0;;;;
2019/03/06 10:08:59;;;;0;0;0;
2019/03/06 12:06:23;null;null;null;;;;
2019/03/06 12:09:03;0;0;0;;;;
2019/03/07 00:00:37;null;null;null;null;null;null;
2019/03/07 00:01:11;;;;0;0;0;
2019/03/07 00:01:12;0;0;0;;;;
2019/03/07 13:26:30;null;null;null;null;null;null;
2019/03/07 14:26:39;;;;0;;;
2019/03/07 14:26:39;0;0;0;;;;
2019/03/07 14:26:41;;;;;0;0;
2019/03/07 16:02:39;null;null;null;null;null;null;
2019/03/07 16:03:37;;;;0;0;0;
2019/03/07 16:03:37;0;0;0;;;;
2019/03/08 00:00:37;null;null;null;null;null;null;
2019/03/08 00:00:59;0;0;0;;;;
2019/03/08 00:00:59;;;;0;0;0;
2019/03/09 00:00:47;null;null;null;null;null;null;
2019/03/09 00:01:06;;;;0;0;0;
2019/03/09 00:01:08;0;0;0;;;;
2019/03/10 00:00:37;null;null;null;null;null;null;
2019/03/10 00:00:56;0;0;0;;;;
2019/03/10 00:00:57;;;;0;0;0;
2019/03/11 00:00:47;null;null;null;null;null;null;
2019/03/11 00:01:07;;;;0;0;0;
2019/03/11 00:01:08;0;0;0;;;;
2019/03/11 23:56:30;;;;;356;;
2019/03/11 23:56:35;;;;;;356;
2019/03/11 23:57:41;;;;;0;0;
2019/03/12 00:00:37;null;null;null;null;null;null;
2019/03/12 00:00:53;0;0;0;;;;
2019/03/12 00:00:53;;;;0;0;0;
2019/03/12 00:05:09;;;;;338;;
2019/03/12 00:06:15;;;;;0;;
2019/03/12 00:18:28;;;;;338;;
2019/03/12 00:19:28;;;;;0;;
2019/03/12 00:26:49;891;;;;;;
2019/03/12 00:29:05;;;;;;356;
2019/03/12 00:30:05;;;;;;0;
2019/03/12 00:30:35;;195;null;;;;
2019/03/12 00:31:35;;0;;;;;
2019/03/12 00:31:50;0;;;;;;
2019/03/12 00:34:51;;;0;;;;
2019/03/12 00:35:06;;;341;;;;
2019/03/12 00:35:31;;;0;;;;
2019/03/12 00:38:17;;;144;;;;
2019/03/12 00:38:53;;;;338;;;
2019/03/12 00:39:53;;;;0;;;
2019/03/12 00:40:08;;;;;;356;
2019/03/12 00:41:08;;;;;;0;
2019/03/12 00:42:08;;144;;;;;
2019/03/12 00:44:03;144;;;;;;
2019/03/12 00:45:40;;;;;338;;
2019/03/12 00:46:45;;;;;0;;
2019/03/12 00:53:01;;;;338;;;
2019/03/12 00:54:07;;;;0;;;
2019/03/12 00:57:38;;;;891;;;
2019/03/12 01:00:13;;;;;338;;
2019/03/12 01:00:18;;;;;;156;
2019/03/12 01:01:13;;;;;100;;
2019/03/12 01:03:14;;;;0;;;
2019/03/12 01:19:58;;;;;0;;
2019/03/12 01:20:03;;;;;309;;
2019/03/12 01:20:08;;;;;0;;
2019/03/12 01:22:08;;;;;;0;
2019/03/12 01:22:58;;;;891;;;
2019/03/12 01:23:48;;;;;;338;
2019/03/12 01:24:49;;;;;;0;
2019/03/12 01:27:24;;;;;356;;
2019/03/12 01:27:59;;;;0;;;
2019/03/12 01:28:24;;;;;0;;
2019/03/12 01:32:40;;;;159;;;
2019/03/12 01:33:01;;;;;356;;
2019/03/12 01:34:01;;;;;0;;
2019/03/12 01:35:16;;;;;;338;
2019/03/12 01:36:21;;;;;;0;
2019/03/12 01:41:27;;;;;356;;
2019/03/12 01:41:52;;;;;;338;
2019/03/12 01:42:27;;;;;0;;
2019/03/12 01:42:52;;;;;;0;
2019/03/12 01:54:45;0;;;;;;
2019/03/12 01:56:45;;;0;;;;
2019/03/12 01:58:41;;;;;;356;
2019/03/12 01:59:41;;;;;430;191;
2019/03/12 01:59:51;;;;;;0;
2019/03/12 02:00:36;;;144;;;;
2019/03/12 02:00:42;;;;;83;;
2019/03/12 02:00:52;;;;;0;;
2019/03/12 02:03:32;144;;;;;;
2019/03/12 02:03:37;84;;;;;;
2019/03/12 02:04:37;144;;;;;;
2019/03/12 02:11:19;;;;;356;;
2019/03/12 02:12:19;;;;;100;;
2019/03/12 02:23:02;;;;;309;;
2019/03/12 02:23:32;;;;;0;;
2019/03/12 02:24:22;;;;;;430;
2019/03/12 02:25:22;;;;;;191;
2019/03/12 02:25:32;;;;;;0;
2019/03/12 02:27:23;0;;;;;;
2019/03/12 02:30:43;;;;;338;;
2019/03/12 02:31:44;;;;;0;;
2019/03/12 02:33:59;;;;;;356;
2019/03/12 02:34:59;;;;;;0;
2019/03/12 02:39:00;;;;;315;315;
2019/03/12 02:39:01;;315;;;;;
2019/03/12 02:39:30;;;;null;;182;
2019/03/12 02:39:31;null;;null;;;;
2019/03/12 02:39:41;182;182;;;;;
2019/03/12 02:40:16;null;;;;;;
2019/03/12 02:40:21;;;;;null;null;
2019/03/12 02:40:21;;null;;;;;
2019/03/12 10:46:57;;;;;0;;
2019/03/12 10:47:18;;;;159;;;
2019/03/12 10:47:23;;;;;;182;
2019/03/12 10:47:40;182;182;87;;;;
2019/03/12 12:13:14;;;;;356;;
2019/03/12 12:14:14;;;;;0;;
2019/03/12 13:01:49;;;;159;;182;
2019/03/12 13:01:49;182;;;;;;
2019/03/12 13:01:49;;182;87;;;;
2019/03/12 13:01:51;;;;;0;;
2019/03/12 13:20:39;;;0;;;;
2019/03/12 13:21:59;;null;;;;;
2019/03/12 13:22:19;;900;;;;;
2019/03/12 13:22:34;;0;;;;;
2019/03/12 13:23:34;900;;;;;;
2019/03/12 13:24:20;0;;;;;;
2019/03/12 13:42:01;;;;null;;;
2019/03/12 13:44:42;;;;;;null;
2019/03/12 13:45:02;;;;;;0;
2019/03/12 13:45:07;;;;;;276;
2019/03/12 14:05:45;;;;0;;;
2019/03/12 14:28:00;;;;;318;;
2019/03/12 14:29:05;;;;;0;;
2019/03/12 14:35:01;;;;;;184;
2019/03/12 14:54:50;;;;;356;;
2019/03/12 14:55:50;;;;;0;;
2019/03/12 14:59:10;;;;null;null;null;
2019/03/12 14:59:12;null;null;null;;;;
2019/03/12 14:59:56;;;;null;;;
2019/03/12 14:59:56;;;;;null;;
2019/03/12 14:59:56;;;;;;null;
2019/03/12 14:59:57;null;;;;;;
2019/03/12 14:59:57;;null;;;;;
2019/03/12 14:59:58;;;null;;;;
2019/03/12 16:00:05;;;899;;;;
2019/03/12 16:00:17;;;;899;;;
2019/03/12 16:00:20;899;;;;;;
2019/03/12 16:00:57;;;;;;315;
2019/03/12 16:01:05;;899;;;;;
2019/03/12 16:01:07;;;;;182;;
2019/03/12 16:09:13;;;;0;;;
2019/03/12 16:09:22;;;0;;;;
2019/03/12 16:09:27;;0;;;;;
2019/03/12 16:09:32;0;;;;;;
2019/03/12 16:09:38;;;;;;184;
2019/03/12 16:36:53;;;;356;;;
2019/03/12 16:37:54;;;;0;;;
2019/03/12 16:51:56;;;;;;null;
2019/03/12 16:59:18;;;;;;0;
2019/03/12 17:05:59;;;;;null;;
2019/03/12 17:15:35;;;;;0;;
2019/03/12 18:05:04;;;83;;;;
2019/03/12 18:05:09;;;87;;;;
2019/03/12 18:08:25;;;0;;;;
2019/03/12 18:08:30;;;81;;;;
2019/03/12 18:09:30;;;0;;;;
2019/03/12 18:09:35;;;81;;;;
2019/03/12 18:10:25;;;0;;;;
2019/03/12 18:10:30;;;81;;;;
2019/03/12 18:11:30;;;0;;;;
2019/03/12 18:12:36;;;87;;;;
2019/03/12 18:20:32;;;0;;;;
2019/03/12 18:20:42;;;81;;;;
2019/03/12 18:21:42;;;0;;;;
2019/03/12 18:21:47;;;81;;;;
2019/03/12 18:22:48;;;100;;;;
2019/03/12 18:50:57;;;0;;;;
2019/03/12 18:51:08;;;81;;;;
2019/03/12 18:51:38;;;0;;;;
2019/03/12 18:51:48;;;85;;;;
2019/03/12 18:52:48;;;0;;;;
2019/03/12 18:52:58;;;85;;;;
2019/03/12 18:53:58;;;0;;;;
2019/03/12 18:54:03;;;85;;;;
2019/03/12 18:55:03;;;0;;;;
2019/03/12 18:55:13;;;85;;;;
2019/03/12 18:56:09;;;100;;;;
2019/03/12 19:09:46;;;900;;;;
2019/03/12 19:09:51;;;0;;;;
2019/03/12 19:10:01;;;900;;;;
2019/03/12 19:10:11;;;0;;;;
2019/03/13 00:00:48;null;null;null;null;null;null;
2019/03/13 00:01:04;;;;0;0;0;
2019/03/13 00:01:05;0;0;0;;;;
2019/03/14 00:00:37;null;null;null;null;null;null;
2019/03/14 00:00:53;0;0;0;;;;
2019/03/14 00:00:56;;;;0;0;0;
2019/03/15 00:00:47;null;null;null;null;null;null;
2019/03/15 00:01:05;;;;0;0;0;
2019/03/15 00:01:06;0;0;0;;;;
2019/03/16 00:00:37;null;null;null;null;null;null;
2019/03/16 00:00:53;0;0;0;;;;
2019/03/16 00:01:00;;;;0;0;0;
2019/03/17 00:00:38;null;null;null;null;null;null;
2019/03/17 00:00:57;0;0;0;;;;
2019/03/17 00:00:59;;;;0;0;;
2019/03/17 00:01:04;;;;;;0;
2019/03/18 00:00:47;null;null;null;null;null;null;
2019/03/18 00:01:06;0;0;0;;;;
2019/03/18 00:01:08;;;;0;0;0;
2019/03/19 00:00:47;null;null;null;null;null;null;
2019/03/19 00:01:06;0;0;0;;;;
2019/03/19 00:01:07;;;;0;0;0;
2019/03/20 00:00:47;null;null;null;null;null;null;
2019/03/20 00:01:09;0;0;0;;;;
2019/03/20 00:01:09;;;;;0;0;
2019/03/20 00:01:14;;;;0;;;
2019/03/21 00:00:47;null;null;null;null;null;null;
2019/03/21 00:01:04;;;;0;0;0;
2019/03/21 00:01:05;0;0;0;;;;
2019/03/21 15:06:55;;;;;180;;
2019/03/21 18:14:34;;;;;null;;
2019/03/22 00:00:37;null;null;null;null;;null;
2019/03/22 00:00:55;0;0;0;;;;
2019/03/22 00:01:02;;;;0;;0;
2019/03/22 17:44:55;;;;;0;;
2019/03/23 00:00:46;null;null;null;null;null;null;
2019/03/23 00:01:03;0;0;0;;;;
2019/03/23 00:01:05;;;;0;0;0;
2019/03/24 00:00:37;null;null;null;null;null;null;
2019/03/24 00:00:57;;;;0;0;0;
2019/03/24 00:00:57;0;0;0;;;;
2019/03/24 10:59:30;;276;;;;;
2019/03/24 11:26:20;;0;;;;;
2019/03/25 00:00:37;null;null;null;null;null;null;
2019/03/25 00:00:55;;;;0;0;0;
2019/03/25 00:00:55;0;0;0;;;;
2019/03/26 00:00:37;null;null;null;null;null;null;
2019/03/26 00:00:54;;0;;;;;
2019/03/26 00:00:56;;;;0;0;0;
2019/03/26 00:00:59;0;;0;;;;
2019/03/26 15:54:46;;;;;182;;
2019/03/26 16:26:01;;;;;0;;
2019/03/26 17:40:49;;;;;356;;
2019/03/26 17:40:54;;;;;338;;
2019/03/26 17:41:54;;;;;0;;
2019/03/27 00:00:37;null;null;null;null;null;null;
2019/03/27 00:01:06;0;0;0;;;;
2019/03/27 00:01:10;;;;0;0;0;
2019/03/27 04:49:07;;;;;976;;
2019/03/27 04:49:17;;;;;338;;
2019/03/27 04:50:22;;;;;0;;
2019/03/28 00:00:47;null;null;null;null;null;null;
2019/03/28 00:01:03;0;0;0;;;;
2019/03/28 00:01:04;;;;0;0;0;
2019/03/28 08:55:55;;;;;976;;
2019/03/28 08:56:55;;;;;0;;
2019/03/29 00:00:36;null;null;null;null;null;null;
2019/03/29 00:00:55;0;0;0;;;;
2019/03/29 00:00:55;;;;0;0;0;
2019/03/29 07:27:17;;;;;null;;
2019/03/29 12:56:36;;;;;0;;
2019/03/29 17:02:37;;;276;;;;
2019/03/29 17:29:46;;;0;;;;
2019/03/30 00:00:37;null;null;null;;;;
2019/03/30 00:00:37;;;;null;null;null;
2019/03/30 00:00:53;;;;0;0;0;
2019/03/30 00:00:56;0;0;0;;;;
2019/03/30 00:56:18;;;;;180;;
2019/03/30 07:22:11;;;;;null;;
2019/03/30 08:40:04;;;;;0;;
2019/03/31 00:00:38;null;null;null;null;null;null;
2019/03/31 00:00:55;;;;0;0;0;
2019/03/31 00:00:56;0;0;0;;;;
2019/03/31 03:00:37;null;null;null;null;null;null;
2019/03/31 03:00:53;null;null;null;null;null;null;
2019/03/31 03:00:57;;;;0;0;0;
2019/03/31 03:00:57;0;0;0;;;;
2019/04/01 00:00:37;null;null;null;null;null;null;
2019/04/01 00:00:57;;;;0;0;0;
2019/04/01 00:00:59;0;0;0;;;;
2019/04/01 10:45:05;null;;;;;;
2019/04/01 16:16:46;0;;;;;;
2019/04/02 00:00:37;null;null;null;null;null;null;
2019/04/02 00:01:10;0;0;0;;;;
2019/04/02 00:01:11;;;;0;0;0;
2019/04/02 07:29:25;;null;;;;;
2019/04/02 08:57:36;null;;null;null;null;null;
2019/04/02 09:01:37;0;;0;0;0;0;
2019/04/02 12:21:08;null;;null;;;;
2019/04/02 12:21:23;0;;0;;;;
2019/04/02 14:36:16;null;;null;null;null;null;
2019/04/02 14:40:01;;0;;;;;
2019/04/02 14:46:46;;;;0;0;;
2019/04/02 14:46:46;;;;;;0;
2019/04/02 14:46:47;0;;0;;;;
2019/04/02 14:46:48;;0;;;;;
2019/04/02 16:06:01;null;null;null;null;null;null;
2019/04/02 16:16:03;;;;0;0;;
2019/04/02 16:16:03;;;;;;0;
2019/04/02 16:16:04;0;;0;;;;
2019/04/02 16:16:04;;0;;;;;
2019/04/03 00:00:37;null;null;null;null;null;null;
2019/04/03 00:00:56;;;;0;0;0;
2019/04/03 00:00:56;0;0;0;;;;
2019/04/03 07:25:51;;;null;;;;
2019/04/03 12:00:12;null;;;;;;
2019/04/03 12:00:32;0;;;;;;
2019/04/03 15:09:16;;;0;;;;
2019/04/04 00:00:37;null;null;null;null;null;null;
2019/04/04 00:00:54;;;;0;0;0;
2019/04/04 00:01:00;0;0;0;;;;
2019/04/04 07:21:17;;;null;;;;
2019/04/04 14:29:21;;;900;;;;
2019/04/04 14:31:51;;;0;;;;
2019/04/05 00:00:47;null;null;null;null;null;null;
2019/04/05 00:01:07;;;;0;0;0;
2019/04/05 00:01:09;0;0;0;;;;
2019/04/05 07:17:19;;null;;;;;
2019/04/05 14:18:18;;0;;;;;
2019/04/06 00:00:37;null;null;null;null;null;null;
2019/04/06 00:00:54;0;0;0;;;;
2019/04/06 00:00:55;;;;0;0;;
2019/04/06 00:01:00;;;;;;0;
2019/04/07 00:00:47;null;null;null;null;null;null;
2019/04/07 00:01:07;0;0;0;;;;
2019/04/07 00:01:07;;;;0;0;0;
2019/04/08 00:00:37;null;null;null;null;null;null;
2019/04/08 00:00:56;;;;0;0;0;
2019/04/08 00:01:01;0;0;0;;;;
2019/04/08 10:27:15;;;;null;;;
2019/04/08 10:32:11;null;;;;;;
2019/04/08 14:41:22;;;;0;;;
2019/04/08 18:10:47;0;;;;;;
2019/04/09 00:00:37;null;null;null;null;null;null;
2019/04/09 00:00:55;0;0;0;;;;
2019/04/09 00:00:56;;;;0;0;0;
2019/04/09 07:25:35;;;;null;;;
2019/04/09 14:59:28;;;;0;;;
2019/04/09 15:03:12;;;276;;;;
2019/04/09 15:30:17;;;0;;;;
2019/04/09 16:39:40;;;;;275;;
2019/04/09 16:54:32;;;;;181;;
2019/04/09 17:10:10;;;;;0;;
2019/04/10 00:00:47;null;null;null;null;null;null;
2019/04/10 00:01:03;0;0;0;;;;
2019/04/10 00:01:04;;;;;0;;
2019/04/10 00:01:09;;;;0;;0;
2019/04/10 07:27:54;;;;null;;;
2019/04/10 14:12:23;;;;0;;;
2019/04/10 23:58:47;null;null;null;null;null;null;
2019/04/11 00:00:37;null;null;null;null;null;null;
2019/04/11 00:00:56;0;0;0;;;;
2019/04/11 00:00:57;;;;0;0;0;
2019/04/11 00:10:20;0;;;;;;
2019/04/11 00:10:21;;0;0;0;;;
2019/04/11 00:10:21;;;;;0;0;
2019/04/11 07:26:33;;;;;null;;
2019/04/11 07:28:53;;;;null;;;
2019/04/11 09:07:39;;;;;;275;
2019/04/11 09:34:27;;;;;;0;
2019/04/11 09:50:21;0;0;0;;;;
2019/04/11 09:50:25;;;;;;0;
2019/04/11 10:06:38;;;;0;;;
2019/04/11 10:20:15;;;;;;null;
2019/04/11 11:49:54;;;;;;0;
2019/04/11 14:26:28;0;0;0;;;;
2019/04/11 14:26:33;;;;0;;0;
2019/04/11 14:52:00;0;0;0;;;;
2019/04/11 14:52:01;;;;0;;0;
2019/04/11 15:04:51;;;;0;;0;
2019/04/11 15:04:55;0;0;0;;;;
2019/04/11 15:07:27;;;;;900;;
2019/04/11 15:11:37;;;;;0;;
2019/04/12 00:00:37;null;null;null;null;null;null;
2019/04/12 00:00:54;;;;0;0;0;
2019/04/12 00:00:55;0;0;0;;;;
2019/04/12 07:37:03;;;;;null;;
2019/04/12 07:37:13;;;;;;null;
2019/04/12 10:40:51;;;;;;0;
2019/04/12 14:19:12;;;;;0;;
2019/04/13 00:00:37;null;null;null;null;;;
2019/04/13 00:00:37;;;;;null;null;
2019/04/13 00:00:59;0;0;0;;;;
2019/04/13 00:01:00;;;;0;0;0;
2019/04/14 00:00:37;null;null;null;null;null;null;
2019/04/14 00:00:55;;;;0;0;0;
2019/04/14 00:00:55;0;0;0;;;;
2019/04/15 00:00:37;null;null;null;null;null;null;
2019/04/15 00:00:55;0;0;0;;;;
2019/04/15 00:00:57;;;;0;0;0;
2019/04/16 00:00:37;null;null;null;null;null;null;
2019/04/16 00:00:56;0;0;0;;;;
2019/04/16 00:01:00;;;;0;0;0;
2019/04/16 10:46:07;null;null;null;null;null;null;
2019/04/16 10:51:04;0;0;0;;;;
2019/04/16 10:51:04;;;;0;0;0;
2019/04/16 11:34:31;;;;;;null;
2019/04/16 12:45:51;;182;;;;;
2019/04/16 13:02:34;;0;;;;;
2019/04/16 13:02:44;;309;;;;;
2019/04/16 13:02:59;;0;;;;;
2019/04/16 15:08:40;;;;;;0;
2019/04/16 20:36:51;;;276;;;;
2019/04/16 21:03:25;;;0;;;;
2019/04/17 00:00:47;null;null;null;null;null;null;
2019/04/17 00:01:05;0;0;0;;;;
2019/04/17 00:01:06;;;;0;0;0;
2019/04/17 10:32:25;309;309;309;;;;
2019/04/17 10:32:25;;;;309;309;;
2019/04/17 10:32:30;;;;;;309;
2019/04/17 12:22:25;0;;;;;;
2019/04/17 12:22:30;;0;;;;;
2019/04/17 12:22:39;;;;0;;;
2019/04/17 12:22:45;;;0;;;;
2019/04/17 12:22:54;;;;;0;;
2019/04/17 12:23:29;;;;;;0;
2019/04/17 12:42:23;309;309;309;;;;
2019/04/17 12:42:28;;;;309;309;309;
2019/04/17 12:48:19;;0;;;;;
2019/04/17 12:48:19;;;;;0;0;
2019/04/17 12:48:24;;;0;;;;
2019/04/17 12:48:34;;;;0;;;
2019/04/17 12:48:54;0;;;;;;
2019/04/17 15:01:17;0;0;0;;;;
2019/04/17 15:01:17;;;;0;0;0;
2019/04/17 15:07:39;0;0;0;;;;
2019/04/17 15:07:39;;;;0;0;0;
2019/04/17 15:14:01;0;0;0;;;;
2019/04/17 15:14:01;;;;0;0;0;
2019/04/17 15:18:43;0;0;0;;;;
2019/04/17 15:18:43;;;;0;0;0;
2019/04/18 00:00:37;null;null;null;;;;
2019/04/18 00:00:37;;;;null;null;null;
2019/04/18 00:00:54;;;0;;;;
2019/04/18 00:00:56;;;;0;0;0;
2019/04/18 00:00:59;0;0;;;;;
2019/04/19 00:00:37;null;null;null;null;null;null;
2019/04/19 00:00:56;0;0;0;;;;
2019/04/19 00:00:56;;;;0;0;0;
2019/04/19 15:51:13;null;null;null;null;null;null;
2019/04/19 15:59:25;0;0;0;;;;
2019/04/19 15:59:25;;;;0;0;0;
2019/04/19 16:40:10;null;null;null;null;null;null;
2019/04/19 16:43:18;0;0;;;;;
2019/04/19 16:43:18;;;0;;;;
2019/04/19 16:43:20;;;;0;;;
2019/04/19 16:43:20;;;;;0;0;
2019/04/20 00:00:37;null;null;null;null;null;null;
2019/04/20 00:00:59;;0;0;;;;
2019/04/20 00:01:04;0;;;;;;
2019/04/20 00:01:05;;;;0;0;0;
2019/04/20 12:01:59;null;null;null;null;null;null;
2019/04/20 12:02:35;;0;0;;;;
2019/04/20 12:02:35;0;;;0;0;0;
2019/04/21 00:00:37;null;null;null;null;null;null;
2019/04/21 00:00:56;0;0;0;;;;
2019/04/21 00:00:57;;;;0;0;0;
2019/04/21 09:30:11;null;null;null;null;null;null;
2019/04/21 09:50:47;0;0;0;;;;
2019/04/21 09:50:47;;;;0;0;;
2019/04/21 09:50:48;;;;;;0;
2019/04/21 10:51:48;null;null;null;null;null;null;
2019/04/21 11:02:51;0;0;0;;;;
2019/04/21 11:02:51;;;;0;0;0;
2019/04/22 00:00:37;null;null;null;null;null;null;
2019/04/22 00:00:54;0;;;;;;
2019/04/22 00:01:09;;0;0;;;;
2019/04/22 00:01:11;;;;0;0;0;
2019/04/22 15:03:27;;;;276;;;
2019/04/22 15:30:02;;;;0;;;
2019/04/22 18:51:44;;276;;;;;
2019/04/22 19:18:59;;0;;;;;
2019/04/22 19:58:28;null;null;null;null;null;null;
2019/04/22 20:08:42;276;;;;;;
2019/04/22 20:11:26;;;0;;0;0;
2019/04/22 20:11:27;;;;0;;;
2019/04/22 20:11:27;;0;;;;;
2019/04/22 20:11:29;276;;;;;;
2019/04/22 20:35:44;0;;;;;;
2019/04/23 00:00:37;null;;;;;;
2019/04/23 00:00:37;;null;null;null;null;null;
2019/04/23 00:01:15;0;0;0;;;;
2019/04/23 00:01:16;;;;0;0;0;
2019/04/24 00:00:37;null;null;null;null;null;null;
2019/04/24 00:00:55;0;0;0;;;;
2019/04/24 00:00:57;;;;;0;;
2019/04/24 00:01:02;;;;0;;0;
2019/04/25 00:00:37;null;null;null;null;null;null;
2019/04/25 00:00:55;;;;0;0;0;
2019/04/25 00:00:59;0;0;0;;;;
2019/04/26 00:00:37;null;null;null;null;null;null;
2019/04/26 00:00:59;0;0;0;;;;
2019/04/26 00:01:04;;;;0;0;0;
2019/04/26 20:36:26;null;null;null;null;null;null;
2019/04/26 21:02:10;0;0;0;;;;
2019/04/26 21:02:10;;;;0;0;0;
2019/04/27 00:00:37;null;null;null;null;null;;
2019/04/27 00:00:37;;;;;;null;
2019/04/27 00:00:57;0;0;0;;;;
2019/04/27 00:00:57;;;;0;0;0;
2019/04/27 02:21:37;null;null;null;null;null;null;
2019/04/27 02:50:14;0;0;0;0;;;
2019/04/27 02:50:14;;;;;0;0;
2019/04/27 08:06:43;null;null;null;null;null;null;
2019/04/27 08:20:21;0;0;0;0;0;0;
2019/04/27 11:57:08;null;null;null;null;null;null;
2019/04/27 12:19:26;0;0;0;0;0;0;
2019/04/27 12:35:57;null;null;null;null;null;null;
2019/04/27 12:41:38;0;0;0;0;0;0;
2019/04/28 00:00:37;null;null;null;null;null;null;
2019/04/28 00:00:56;0;0;0;;;;
2019/04/28 00:00:57;;;;0;0;0;
2019/04/28 09:30:06;309;;;;;;
2019/04/28 09:30:16;;309;;;;;
2019/04/28 09:30:31;;;309;;;;
2019/04/28 09:30:42;;;;309;;;
2019/04/28 09:30:52;;;;;309;;
2019/04/28 09:31:07;;;;;;309;
2019/04/28 19:14:59;;;;;;0;
2019/04/28 19:17:01;0;0;893;;;;
2019/04/28 19:17:05;;;;;0;;
2019/04/28 19:17:30;;;;0;;;
2019/04/28 19:24:22;;;309;;;;
2019/04/28 19:24:47;;;0;;;;
2019/04/29 00:00:37;null;null;null;null;null;null;
2019/04/29 00:00:59;0;0;0;;;;
2019/04/29 00:01:00;;;;0;0;0;
2019/04/29 09:24:00;;;;;null;;
2019/04/29 10:10:07;;;;;;null;
2019/04/29 13:27:50;;;;null;;;
2019/04/29 13:28:10;;;;0;;;
2019/04/29 14:46:22;;;;;900;;
2019/04/29 14:52:18;;;;;0;;
2019/04/29 17:43:57;;;;;;0;
2019/04/30 00:00:37;null;null;null;null;null;null;
2019/04/30 00:00:54;;;;0;0;0;
2019/04/30 00:00:55;0;0;0;;;;
2019/04/30 07:19:11;;;;;null;;
2019/04/30 08:32:18;null;null;null;null;;null;
2019/04/30 08:40:16;;;;0;;;
2019/04/30 08:40:16;0;0;0;;;0;
2019/04/30 10:39:14;;;;;900;;
2019/04/30 11:02:58;;;;;0;;
2019/04/30 12:49:42;;;276;;;;
2019/04/30 13:16:16;;;0;;;;
2019/04/30 20:10:05;;;;276;;;
2019/04/30 20:31:11;276;;;;;;
2019/04/30 20:37:34;;;;0;;;
2019/04/30 20:51:59;;;;null;null;null;
2019/04/30 20:52:02;null;null;null;;;;
2019/04/30 20:55:03;;;;0;0;0;
2019/04/30 20:55:04;276;0;0;;;;
2019/04/30 20:58:25;0;;;;;;
2019/05/01 00:00:37;null;null;null;null;null;null;
2019/05/01 00:00:57;;;;0;0;0;
2019/05/01 00:00:57;0;0;0;;;;
2019/05/02 00:00:37;null;null;null;null;null;null;
2019/05/02 00:01:00;;;;0;0;0;
2019/05/02 00:01:05;0;0;0;;;;
2019/05/03 00:00:37;null;null;null;null;null;null;
2019/05/03 00:00:53;0;0;0;;;;
2019/05/03 00:00:56;;;;0;0;0;
2019/05/04 00:00:37;null;null;null;null;null;null;
2019/05/04 00:01:09;0;0;0;;;;
2019/05/04 00:01:10;;;;0;0;0;
2019/05/05 00:00:47;null;null;null;null;null;null;
2019/05/05 00:01:07;;;;0;0;0;
2019/05/05 00:01:08;0;0;0;;;;
2019/05/05 13:39:28;null;null;null;null;null;null;
2019/05/05 13:42:59;;;;0;;;
2019/05/05 13:42:59;0;0;0;;0;0;
2019/05/06 00:00:37;null;null;null;null;null;null;
2019/05/06 00:01:09;;;;0;0;0;
2019/05/06 00:01:09;0;0;0;;;;
2019/05/06 05:02:31;;;276;;;;
2019/05/06 05:29:00;;;0;;;;
2019/05/07 00:00:37;null;null;null;null;null;null;
2019/05/07 00:00:55;0;0;0;;;;
2019/05/07 00:00:59;;;;0;0;0;
2019/05/07 04:02:03;null;null;null;null;null;null;
2019/05/07 05:02:14;0;;;;;;
2019/05/07 05:02:14;;0;0;;;;
2019/05/07 05:02:14;;;;0;0;0;
2019/05/07 11:41:48;;;;;276;;
2019/05/07 12:08:32;;;;;0;;
2019/05/07 23:00:42;null;null;null;null;null;null;
2019/05/07 23:01:15;0;0;0;;;;
2019/05/07 23:01:15;;;;0;;0;
2019/05/07 23:01:16;;;;;0;;
2019/05/08 00:00:37;null;null;null;null;null;null;
2019/05/08 00:00:56;;;;0;0;0;
2019/05/08 00:00:56;0;0;0;;;;
2019/05/08 15:22:33;null;null;null;null;null;null;
2019/05/08 16:50:35;0;;;0;0;0;
2019/05/08 16:50:35;;0;0;;;;
2019/05/09 00:00:37;null;null;null;null;null;null;
2019/05/09 00:00:54;;;;0;;;
2019/05/09 00:00:59;;;;;0;0;
2019/05/09 00:01:00;0;0;0;;;;
2019/05/09 08:32:04;null;null;null;null;null;null;
2019/05/09 09:06:20;;;;0;;;
2019/05/09 09:06:20;;;;;0;0;
2019/05/09 09:06:20;0;0;0;;;;
2019/05/10 00:00:37;null;null;null;null;null;null;
2019/05/10 00:00:55;;;;0;0;0;
2019/05/10 00:00:55;0;0;0;;;;
2019/05/11 00:00:37;null;null;null;null;null;null;
2019/05/11 00:00:58;0;0;0;;;;
2019/05/11 00:00:59;;;;0;0;0;
2019/05/12 00:00:47;null;null;null;null;null;null;
2019/05/12 00:01:05;;;;0;0;0;
2019/05/12 00:01:07;0;0;0;;;;
2019/05/12 10:03:18;;;;276;;;
2019/05/12 10:29:47;;;;0;;;
2019/05/12 13:03:17;183;;;;;;
2019/05/12 13:21:41;0;;;;;;
2019/05/12 13:21:46;893;;;;;;
2019/05/12 13:31:37;309;;;;;;
2019/05/12 13:31:47;0;;;;;;
2019/05/13 00:00:47;null;null;null;null;null;null;
2019/05/13 00:01:09;0;0;0;;;;
2019/05/13 00:01:10;;;;0;0;0;
2019/05/13 15:34:18;;;;;;275;
2019/05/13 16:01:08;;;;;;0;
2019/05/13 16:11:50;176;;;;;;
2019/05/13 16:13:10;0;;;;;;
2019/05/13 21:32:36;;;;;356;;
2019/05/13 21:33:42;;;;;0;;
2019/05/13 21:51:40;;;;;356;;
2019/05/13 21:52:35;;;;;0;;
2019/05/13 23:56:11;;;;;338;;
2019/05/13 23:57:16;;;;;0;;
2019/05/14 00:00:37;null;null;null;null;null;null;
2019/05/14 00:00:56;0;0;0;;;;
2019/05/14 00:00:56;;;;0;0;0;
2019/05/14 03:55:48;;;;;356;;
2019/05/14 03:56:49;;;;;0;;
2019/05/14 07:22:54;;;;;356;;
2019/05/14 07:23:54;;;;;0;;
2019/05/14 07:29:10;;;;;87;;
2019/05/14 07:57:10;;;;;0;;
2019/05/14 07:57:15;;;;;309;;
2019/05/14 07:57:35;;;;;0;;
2019/05/14 08:03:06;;;;;;356;
2019/05/14 08:04:07;;;;;;0;
2019/05/14 08:13:38;;;;;356;;
2019/05/14 08:14:39;;;;;0;;
2019/05/14 09:07:19;338;;;;;;
2019/05/14 09:08:24;0;;;;;;
2019/05/15 00:00:47;null;null;null;null;null;null;
2019/05/15 00:01:04;;;;;0;0;
2019/05/15 00:01:04;0;0;0;;;;
2019/05/15 00:01:09;;;;0;;;
2019/05/15 03:51:19;null;null;null;null;null;null;
2019/05/15 04:25:18;0;0;;;0;0;
2019/05/15 04:25:19;;;0;;;;
2019/05/15 04:25:19;;;;0;;;
2019/05/15 05:17:34;null;null;null;null;null;null;
2019/05/15 05:25:42;;;;;0;;
2019/05/15 05:25:42;0;0;0;0;;0;
2019/05/15 06:15:44;null;null;null;null;null;null;
2019/05/15 06:18:23;;;;;0;;
2019/05/15 06:18:23;0;0;0;;;0;
2019/05/15 06:18:23;;;;0;;;
2019/05/15 06:21:31;null;null;null;null;null;null;
2019/05/15 06:25:51;;;;;0;;
2019/05/15 06:25:51;0;0;0;0;;0;
2019/05/15 06:32:47;null;null;null;null;null;null;
2019/05/15 06:33:54;0;0;;;0;0;
2019/05/15 06:33:54;;;0;;;;
2019/05/15 06:33:54;;;;0;;;
2019/05/15 06:48:45;null;null;null;null;null;null;
2019/05/15 06:55:31;0;0;0;;0;0;
2019/05/15 06:55:31;;;;0;;;
2019/05/15 07:47:01;null;null;null;null;null;null;
2019/05/15 07:50:59;0;0;0;;0;0;
2019/05/15 07:51:02;;;;0;;;
2019/05/15 08:03:47;null;null;null;null;null;null;
2019/05/15 08:05:17;0;0;0;;0;0;
2019/05/15 08:05:18;;;;0;;;
2019/05/15 08:21:15;null;null;null;null;null;null;
2019/05/15 08:31:51;0;0;0;;0;;
2019/05/15 08:31:51;;;;0;;;
2019/05/15 08:32:12;;;;;;0;
2019/05/15 08:39:33;null;null;null;null;null;null;
2019/05/15 08:43:51;;;;;0;0;
2019/05/15 08:43:59;;;;0;;;
2019/05/15 08:46:40;;;;null;null;null;
2019/05/15 08:50:55;0;0;0;;0;0;
2019/05/15 08:50:57;;;;0;;;
2019/05/16 00:00:37;null;null;null;null;null;null;
2019/05/16 00:00:53;0;0;0;;;;
2019/05/16 00:00:56;;;;0;0;0;
2019/05/17 00:00:37;null;null;null;null;null;null;
2019/05/17 00:00:55;;;;0;0;0;
2019/05/17 00:00:56;0;0;0;;;;
2019/05/17 08:12:12;null;;null;;;;
2019/05/17 08:12:27;0;;;;;;
2019/05/17 13:33:59;null;;;;;;
2019/05/17 13:34:14;0;;;;;;
2019/05/17 13:55:18;;;893;;;;
2019/05/17 14:01:54;;;0;;;;
2019/05/17 16:12:36;;;275;;;;
2019/05/17 16:39:00;;;0;;;;
2019/05/18 00:00:47;null;null;;;;;
2019/05/18 00:00:47;;;null;null;null;null;
2019/05/18 00:01:06;0;0;0;;;;
2019/05/18 00:01:06;;;;0;0;0;
2019/05/18 03:50:51;171;;;;;;
2019/05/18 03:51:51;0;;;;;;
2019/05/19 00:00:37;null;null;null;null;null;null;
2019/05/19 00:00:54;0;0;0;;;;
2019/05/19 00:00:56;;;;0;0;0;
2019/05/20 00:00:47;null;null;null;null;null;null;
2019/05/20 00:01:05;0;0;0;;;;
2019/05/20 00:01:08;;;;0;0;0;
2019/05/21 00:00:47;null;null;null;null;null;null;
2019/05/21 00:01:06;0;0;0;;;;
2019/05/21 00:01:07;;;;0;0;0;
2019/05/22 00:00:47;null;null;null;null;null;null;
2019/05/22 00:01:04;0;0;;;;;
2019/05/22 00:01:04;;;;;0;0;
2019/05/22 00:01:09;;;0;;;;
2019/05/22 00:01:09;;;;0;;;
2019/05/23 00:00:47;null;null;null;null;null;null;
2019/05/23 00:01:11;;;;0;0;0;
2019/05/23 00:01:12;0;0;0;;;;
2019/05/23 18:28:30;;;;;;276;
2019/05/23 18:55:00;;;;;;0;
2019/05/24 00:00:47;null;null;null;null;null;null;
2019/05/24 00:01:05;;;;0;0;0;
2019/05/24 00:01:06;0;0;0;;;;
2019/05/25 00:00:37;null;null;null;null;null;null;
2019/05/25 00:00:57;0;0;;;;;
2019/05/25 00:00:57;;;0;;;;
2019/05/25 00:00:57;;;;0;0;0;
2019/05/26 00:00:37;null;null;null;null;null;null;
2019/05/26 00:00:56;0;0;0;;;;
2019/05/26 00:00:57;;;;0;0;0;
2019/05/26 12:05:38;null;null;null;null;null;null;
2019/05/26 12:52:17;0;;;;;;
2019/05/26 12:52:17;;0;0;0;0;0;
2019/05/26 16:24:54;null;null;null;null;null;null;
2019/05/26 17:04:26;0;0;;;;;
2019/05/26 17:04:26;;;0;;;;
2019/05/26 17:04:26;;;;0;0;0;
2019/05/27 00:00:37;null;null;null;null;null;null;
2019/05/27 00:00:55;0;0;0;;;;
2019/05/27 00:00:56;;;;0;0;0;
2019/05/27 14:04:02;;;;;;276;
2019/05/27 14:31:57;;;;;;0;
2019/05/27 21:05:09;null;null;null;null;null;null;
2019/05/27 21:07:11;0;;;;;;
2019/05/27 21:07:11;;0;0;0;0;;
2019/05/27 21:07:13;;;;;;0;
2019/05/28 00:00:47;null;null;null;null;null;null;
2019/05/28 00:01:04;;;;0;0;0;
2019/05/28 00:01:04;0;0;0;;;;
2019/05/29 00:00:47;null;null;null;null;null;null;
2019/05/29 00:01:25;0;0;0;;;;
2019/05/29 00:01:26;;;;0;0;0;
2019/05/29 10:58:52;null;;;;;;
2019/05/29 11:43:54;0;;;;;;
2019/05/29 11:46:40;;null;;;;;
2019/05/29 12:17:25;;0;;;;;
2019/05/29 12:18:40;;;null;;;;
2019/05/29 12:56:37;;;0;;;;
2019/05/29 14:29:07;;;;null;;;
2019/05/29 15:14:05;;;;0;;;
2019/05/29 15:16:26;;;;;;null;
2019/05/29 16:01:33;;;;;;0;
2019/05/29 16:03:59;;;;;null;;
2019/05/29 16:37:09;;;;;0;;
2019/05/30 00:00:37;null;null;null;null;null;null;
2019/05/30 00:00:56;0;0;0;;;;
2019/05/30 00:00:57;;;;0;0;0;
2019/05/31 00:00:37;null;null;null;null;null;null;
2019/05/31 00:00:54;;;;0;0;0;
2019/05/31 00:00:55;0;0;0;;;;
2019/05/31 03:40:22;null;null;null;null;null;null;
2019/05/31 08:53:21;0;0;0;0;0;0;
2019/05/31 23:28:08;null;null;null;null;null;null;
2019/05/31 23:29:38;0;;;0;0;0;
2019/05/31 23:29:38;;0;0;;;;
2019/06/01 00:00:37;null;null;null;null;null;null;
2019/06/01 00:00:57;;;;0;0;0;
2019/06/01 00:01:01;0;0;0;;;;
2019/06/01 09:22:12;338;;;;;;
2019/06/01 09:23:18;0;;;;;;
2019/06/02 00:00:37;null;null;null;null;null;null;
2019/06/02 00:00:55;0;0;0;;;;
2019/06/02 00:00:56;;;;0;0;0;
2019/06/02 19:41:15;null;null;null;null;null;null;
2019/06/02 19:42:45;0;0;0;0;0;0;
2019/06/02 22:03:10;null;null;null;null;null;null;
2019/06/02 22:18:40;0;0;0;;;;
2019/06/02 22:18:40;;;;0;0;0;
2019/06/03 00:00:36;null;null;null;null;null;null;
2019/06/03 00:00:53;0;0;0;;;;
2019/06/03 00:00:55;;;;0;0;0;
2019/06/03 01:39:09;null;null;null;null;null;null;
2019/06/03 02:11:20;0;0;0;;;;
2019/06/03 02:11:20;;;;0;0;0;
2019/06/03 11:26:59;;275;;;;;
2019/06/03 11:53:49;;0;;;;;
2019/06/03 12:26:54;;;275;;;;
2019/06/03 12:53:19;;;0;;;;
2019/06/03 19:36:05;null;null;null;null;null;null;
2019/06/03 19:59:36;0;;;;;;
2019/06/03 19:59:36;;;;0;0;0;
2019/06/03 19:59:36;;0;0;;;;
2019/06/03 20:29:19;null;null;null;null;null;null;
2019/06/03 20:59:52;0;;;0;0;0;
2019/06/03 20:59:52;;0;0;;;;
2019/06/03 22:02:33;null;null;null;null;null;null;
2019/06/03 22:30:43;0;;;;;;
2019/06/03 22:30:43;;;;0;0;0;
2019/06/03 22:30:44;;0;0;;;;
2019/06/04 00:00:37;null;null;null;null;null;null;
2019/06/04 00:00:59;;;;0;;0;
2019/06/04 00:01:00;0;0;0;;;;
2019/06/04 00:01:04;;;;;0;;
2019/06/04 11:31:56;275;;;;;;
2019/06/04 11:59:11;0;;;;;;
2019/06/04 12:24:02;null;null;null;null;null;null;
2019/06/04 13:04:01;;;;0;;;
2019/06/04 13:04:01;;0;0;;;0;
2019/06/04 13:04:01;;;;;0;;
2019/06/04 13:04:04;0;;;;;;
2019/06/04 19:05:14;;;;;275;;
2019/06/04 19:32:04;;;;;0;;
2019/06/05 00:00:47;null;null;null;null;null;null;
2019/06/05 00:01:04;;;;0;0;;
2019/06/05 00:01:05;0;0;0;;;;
2019/06/05 00:01:09;;;;;;0;
2019/06/05 00:51:09;null;null;null;null;null;null;
2019/06/05 01:38:10;;;;0;;;
2019/06/05 01:38:11;0;0;;;0;;
2019/06/05 01:38:12;;;0;;;;
2019/06/05 01:38:12;;;;;;0;
2019/06/06 00:00:37;null;null;null;null;null;null;
2019/06/06 00:00:55;0;0;0;;;;
2019/06/06 00:00:56;;;;0;0;0;
2019/06/06 22:54:31;null;null;null;null;null;null;
2019/06/06 23:27:41;0;;;;;;
2019/06/06 23:27:41;;0;0;0;;;
2019/06/06 23:27:42;;;;;0;0;
2019/06/06 23:52:21;null;null;null;null;null;null;
2019/06/06 23:58:55;0;;;;;;
2019/06/06 23:58:55;;0;0;0;;;
2019/06/06 23:58:56;;;;;0;0;
2019/06/07 00:00:37;null;null;null;null;null;null;
2019/06/07 00:00:55;;0;0;;;;
2019/06/07 00:01:00;0;;;;;;
2019/06/07 00:01:00;;;;0;0;0;
2019/06/08 00:00:47;null;null;null;null;;;
2019/06/08 00:00:47;;;;;null;null;
2019/06/08 00:01:05;;;;0;0;0;
2019/06/08 00:01:06;0;0;0;;;;
2019/06/09 00:00:37;null;null;null;null;null;null;
2019/06/09 00:01:15;0;0;0;;;;
2019/06/09 00:01:17;;;;0;0;0;
2019/06/09 16:16:03;null;null;null;null;null;null;
2019/06/09 16:17:13;;;;0;0;0;
2019/06/09 16:17:14;0;0;0;;;;
2019/06/09 16:19:46;;;;0;;;
2019/06/09 16:19:46;0;0;0;;0;0;
2019/06/09 16:39:57;null;null;null;null;null;null;
2019/06/09 17:19:29;0;0;0;0;0;0;
2019/06/10 00:00:47;null;null;null;null;null;null;
2019/06/10 00:01:07;;;;0;0;0;
2019/06/10 00:01:09;0;0;0;;;;
2019/06/10 21:38:47;null;null;null;null;null;null;
2019/06/10 22:12:23;0;;;0;0;0;
2019/06/10 22:12:23;;0;0;;;;
2019/06/11 00:00:37;null;null;null;;;;
2019/06/11 00:00:37;;;;null;null;null;
2019/06/11 00:01:07;0;0;0;;;;
2019/06/11 00:01:10;;;;0;0;0;
2019/06/11 03:26:49;null;null;null;null;null;null;
2019/06/11 04:00:24;0;0;0;;;;
2019/06/11 04:00:24;;;;0;0;0;
2019/06/11 21:03:52;;;;;;275;
2019/06/11 21:30:57;;;;;;0;
2019/06/12 00:00:47;null;null;null;null;null;null;
2019/06/12 00:01:04;;;;;0;0;
2019/06/12 00:01:06;0;0;0;;;;
2019/06/12 00:01:09;;;;0;;;
2019/06/12 07:03:25;null;null;null;null;null;null;
2019/06/12 07:41:26;;;;;0;0;
2019/06/12 07:41:27;0;0;0;0;;;
2019/06/13 00:00:37;null;null;null;null;null;null;
2019/06/13 00:00:55;0;0;0;;;;
2019/06/13 00:01:00;;;;0;0;0;
2019/06/14 00:00:37;null;null;null;null;null;null;
2019/06/14 00:00:55;0;0;0;;;;
2019/06/14 00:00:56;;;;0;0;0;
2019/06/14 18:10:08;null;null;null;null;null;null;
2019/06/14 18:11:36;0;0;0;;;;
2019/06/14 18:11:36;;;;0;0;0;
2019/06/14 18:18:41;null;null;null;null;null;null;
2019/06/14 18:21:50;0;0;0;0;;;
2019/06/14 18:21:50;;;;;0;0;
2019/06/14 22:58:37;null;null;null;null;null;null;
2019/06/14 23:27:43;0;0;0;0;;;
2019/06/14 23:27:44;;;;;0;0;
2019/06/14 23:50:43;null;null;null;null;null;null;
2019/06/14 23:57:43;0;0;0;0;;;
2019/06/14 23:57:43;;;;;0;0;
2019/06/15 00:00:47;null;null;null;null;null;null;
2019/06/15 00:01:04;;;;;0;0;
2019/06/15 00:01:06;0;0;0;;;;
2019/06/15 00:01:09;;;;0;;;
2019/06/15 08:02:08;null;null;null;null;null;null;
2019/06/15 08:03:38;0;0;0;;0;0;
2019/06/15 08:03:38;;;;0;;;
2019/06/15 11:32:14;null;null;null;null;null;null;
2019/06/15 11:48:24;;;;;0;0;
2019/06/15 11:48:24;0;0;0;0;;;
2019/06/15 11:55:01;null;null;null;null;null;null;
2019/06/15 12:48:36;;;;;0;0;
2019/06/15 12:48:38;0;0;0;0;;;
2019/06/15 13:59:08;null;null;null;null;null;null;
2019/06/15 14:40:10;;;;;0;;
2019/06/15 14:40:10;0;0;0;0;;0;
2019/06/15 14:57:16;null;null;null;null;null;null;
2019/06/15 14:59:13;;;;;0;0;
2019/06/15 14:59:14;0;0;0;0;;;
2019/06/15 15:49:28;null;null;null;null;null;null;
2019/06/15 16:07:29;;;;;0;;
2019/06/15 16:07:30;;;;;;0;
2019/06/15 16:07:31;0;0;0;0;;;
2019/06/16 00:00:37;null;null;null;null;null;null;
2019/06/16 00:00:59;;;;0;0;0;
2019/06/16 00:01:01;0;0;0;;;;
2019/06/17 00:00:47;null;null;null;null;null;null;
2019/06/17 00:01:06;;;;0;0;0;
2019/06/17 00:01:07;0;0;0;;;;
2019/06/18 00:00:47;null;null;null;null;null;null;
2019/06/18 00:01:06;0;0;0;;;;
2019/06/18 00:01:07;;;;0;0;0;
2019/06/18 10:54:30;null;null;null;null;null;null;
2019/06/18 10:56:27;0;0;0;;;;
2019/06/18 10:56:27;;;;0;0;0;
2019/06/19 00:00:37;null;null;null;null;null;null;
2019/06/19 00:00:54;;;;0;0;0;
2019/06/19 00:00:56;0;0;0;;;;
2019/06/19 18:37:22;276;;;;;;
2019/06/19 19:05:02;0;;;;;;
2019/06/20 00:00:36;null;null;null;null;null;null;
2019/06/20 00:00:53;0;0;0;;;;
2019/06/20 00:01:00;;;;0;0;0;
2019/06/20 15:47:52;null;null;null;null;null;null;
2019/06/20 15:48:21;0;0;0;;;;
2019/06/20 15:48:21;;;;0;0;0;
2019/06/20 20:01:21;null;null;null;null;null;null;
2019/06/20 20:22:22;0;0;0;;;;
2019/06/20 20:22:22;;;;0;0;0;
2019/06/21 00:00:37;null;null;null;null;null;null;
2019/06/21 00:00:54;;;;0;0;0;
2019/06/21 00:00:54;;0;0;;;;
2019/06/21 00:00:59;0;;;;;;
2019/06/21 05:51:54;null;null;null;null;null;null;
2019/06/21 05:59:36;;0;0;0;0;0;
2019/06/21 05:59:36;0;;;;;;
2019/06/21 07:59:01;;;;;null;;
2019/06/21 08:57:56;;;;null;;;
2019/06/21 08:58:11;;;;0;;;
2019/06/21 11:14:05;null;null;null;null;;null;
2019/06/21 11:22:04;;;;;;0;
2019/06/21 11:22:04;;0;0;;;;
2019/06/21 11:22:05;0;;;;;;
2019/06/21 11:22:05;;;;0;;;
2019/06/21 11:54:20;;;;;0;;
2019/06/21 18:53:35;null;null;null;null;null;null;
2019/06/21 18:58:38;;0;0;;;0;
2019/06/21 18:58:38;0;;;;;;
2019/06/21 18:58:38;;;;0;;;
2019/06/21 18:58:38;;;;;0;;
2019/06/21 21:55:35;null;null;null;null;null;null;
2019/06/21 22:02:43;;0;0;;;0;
2019/06/21 22:02:43;0;;;;;;
2019/06/21 22:02:44;;;;0;;;
2019/06/21 22:02:44;;;;;0;;
2019/06/22 00:00:37;null;null;null;null;null;null;
2019/06/22 00:00:55;;;;0;0;0;
2019/06/22 00:00:57;0;0;0;;;;
2019/06/23 00:00:37;null;null;null;null;null;null;
2019/06/23 00:01:10;0;0;0;;;;
2019/06/23 00:01:12;;;;0;0;0;
2019/06/23 02:35:59;;;;276;;;
2019/06/23 03:02:33;;;;0;;;
2019/06/24 00:00:37;null;null;null;null;null;null;
2019/06/24 00:01:11;;;;0;0;0;
2019/06/24 00:01:15;0;0;0;;;;
2019/06/24 11:18:04;null;null;null;null;null;null;
2019/06/24 11:31:36;;;;0;0;0;
2019/06/24 11:31:38;0;0;0;;;;
2019/06/24 11:36:57;null;null;null;null;null;null;
2019/06/24 11:40:39;;;;0;;;
2019/06/24 11:40:39;;;;;0;0;
2019/06/24 11:40:39;0;0;0;;;;
2019/06/25 00:00:37;null;null;null;null;null;null;
2019/06/25 00:00:56;;;;0;0;0;
2019/06/25 00:00:56;0;0;0;;;;
2019/06/25 12:44:26;;181;;;;;
2019/06/25 14:13:36;;0;;;;;
2019/06/25 17:30:21;null;null;null;null;null;null;
2019/06/25 17:39:58;0;;;0;0;0;
2019/06/25 17:39:58;;;0;;;;
2019/06/25 17:39:59;;0;;;;;
2019/06/25 21:48:21;null;null;null;null;null;null;
2019/06/25 22:02:58;0;;0;0;0;0;
2019/06/25 22:03:01;;0;;;;;
2019/06/25 22:25:12;null;null;null;null;null;null;
2019/06/25 22:29:17;0;;;0;0;0;
2019/06/25 22:29:17;;;0;;;;
2019/06/25 22:29:17;;0;;;;;
2019/06/26 00:00:37;null;;;;;;
2019/06/26 00:00:37;;null;null;null;null;null;
2019/06/26 00:00:55;0;0;0;;;;
2019/06/26 00:00:57;;;;0;0;0;
2019/06/26 12:36:46;0;0;0;;;;
2019/06/26 12:36:46;;;;0;0;0;
2019/06/26 20:13:27;null;null;null;null;null;null;
2019/06/26 20:44:56;0;0;0;;;;
2019/06/26 21:34:52;;;;0;0;0;
2019/06/27 00:00:37;null;null;null;null;null;null;
2019/06/27 00:00:55;0;0;0;;;;
2019/06/27 00:00:57;;;;0;0;0;
2019/06/27 00:09:47;null;null;null;null;null;null;
2019/06/27 00:36:20;0;0;0;;;;
2019/06/27 00:36:20;;;;0;0;;
2019/06/27 00:36:20;;;;;;0;
2019/06/27 14:09:31;null;null;null;null;null;null;
2019/06/27 14:34:30;0;0;0;;;;
2019/06/27 14:34:32;;;;0;0;0;
2019/06/27 14:39:32;null;null;null;null;null;null;
2019/06/27 15:21:21;0;0;0;;;;
2019/06/27 15:21:21;;;;0;0;0;
2019/06/27 16:30:25;null;null;null;null;null;null;
2019/06/27 16:54:36;0;0;0;;;;
2019/06/27 16:54:37;;;;0;0;0;
2019/06/27 18:36:26;null;null;null;null;null;null;
2019/06/27 19:31:00;0;;;;;;
2019/06/27 19:31:16;;0;0;0;;;
2019/06/27 19:31:16;;;;;0;0;
2019/06/27 19:43:48;null;null;null;null;null;null;
2019/06/27 19:56:59;0;0;0;;;;
2019/06/27 19:56:59;;;;0;0;0;
2019/06/27 21:34:02;null;null;null;null;null;null;
2019/06/27 21:36:42;0;0;0;;;;
2019/06/27 21:36:42;;;;0;0;0;
2019/06/28 00:00:47;null;null;null;null;null;null;
2019/06/28 00:01:05;0;0;0;;;;
2019/06/28 00:01:10;;;;0;0;0;
2019/06/28 00:03:32;0;0;0;;;;
2019/06/28 00:03:32;;;;0;0;0;
2019/06/28 04:17:45;null;null;null;null;null;null;
2019/06/28 05:03:18;0;0;0;;;;
2019/06/28 05:03:19;;;;0;0;0;
2019/06/28 21:28:59;null;null;null;null;null;null;
2019/06/28 22:06:32;0;0;0;0;0;;
2019/06/28 22:06:32;;;;;;0;
2019/06/28 22:17:00;null;null;null;null;null;null;
2019/06/28 22:22:31;0;0;0;;;;
2019/06/28 22:22:31;;;;0;0;;
2019/06/28 22:22:32;;;;;;0;
2019/06/28 23:39:38;null;null;null;null;null;null;
2019/06/29 00:00:37;null;null;null;null;null;null;
2019/06/29 00:00:55;;;;0;0;0;
2019/06/29 00:00:56;0;0;0;;;;
2019/06/29 00:10:43;0;0;0;0;0;0;
2019/06/29 00:18:25;null;null;null;null;null;null;
2019/06/29 01:10:59;0;0;0;0;0;0;
2019/06/29 01:17:51;null;null;null;null;null;null;
2019/06/29 02:10:53;0;0;0;0;0;0;
2019/06/29 02:23:14;null;null;null;null;null;null;
2019/06/29 03:10:54;;;;0;;;
2019/06/29 03:10:54;0;0;0;;0;0;
2019/06/29 03:52:04;null;null;null;null;null;null;
2019/06/29 04:11:05;0;0;0;0;0;0;
2019/06/29 04:50:11;null;null;null;null;null;null;
2019/06/29 05:11:22;;;;0;0;0;
2019/06/29 05:11:22;0;0;0;;;;
2019/06/29 06:56:47;null;null;null;null;null;null;
2019/06/29 07:26:03;0;0;0;0;0;0;
2019/06/29 08:32:26;338;;;;;;
2019/06/29 08:33:26;0;;;;;;
2019/06/30 00:00:37;null;null;null;null;null;null;
2019/06/30 00:00:55;0;0;0;;;;
2019/06/30 00:00:56;;;;0;0;0;
2019/07/01 00:00:00;0;0;0;0;0;0;

